Aug-31 15:36:42.021 [main] DEBUG nextflow.cli.Launcher - Setting HTTP proxy: ProxyConfig[protocol=http; host=hpc-proxy.rcc.mcw.edu; port=3128]
Aug-31 15:36:42.055 [main] DEBUG nextflow.cli.Launcher - Setting HTTPS proxy: ProxyConfig[protocol=https; host=hpc-proxy.rcc.mcw.edu; port=3128]
Aug-31 15:36:42.056 [main] DEBUG nextflow.cli.Launcher - Setting FTP proxy: ProxyConfig[protocol=ftp; host=hpc-proxy.rcc.mcw.edu; port=3128]
Aug-31 15:36:42.056 [main] DEBUG nextflow.cli.Launcher - Setting http proxy: ProxyConfig[protocol=http; host=hpc-proxy.rcc.mcw.edu; port=3128]
Aug-31 15:36:42.056 [main] DEBUG nextflow.cli.Launcher - Setting https proxy: ProxyConfig[protocol=https; host=hpc-proxy.rcc.mcw.edu; port=3128]
Aug-31 15:36:42.057 [main] DEBUG nextflow.cli.Launcher - Setting ftp proxy: ProxyConfig[protocol=ftp; host=hpc-proxy.rcc.mcw.edu; port=3128]
Aug-31 15:36:42.058 [main] DEBUG nextflow.cli.Launcher - $> nextflow run /scratch/g/vjin/Yu/hic_pipeline/nf-core-hic-src -profile singularity -resume -c /scratch/g/vjin/Yu/hic_pipeline/nfcore_hic_pilot.config -w /scratch/g/vjin/Yu/hic_pipeline/work_batch_DTB-008-BL --input /scratch/g/vjin/Yu/hic_pipeline/batch_results/DTB-008-BL/samplesheet.csv --outdir /scratch/g/vjin/Yu/hic_pipeline/batch_results/DTB-008-BL --fasta /scratch/g/vjin/Yu/hic_pipeline/reference/genome.fa --bwt2_index /hpc/refdata/igenomes/Homo_sapiens/NCBI/GRCh38/Sequence/Bowtie2Index --chromosome_size /scratch/g/vjin/Yu/hic_pipeline/reference/GRCh38.chrom.sizes --digestion mboi
Aug-31 15:36:42.127 [main] DEBUG nextflow.cli.CmdRun - N E X T F L O W  ~  version 25.10.2
Aug-31 15:36:42.197 [main] DEBUG nextflow.plugin.PluginsFacade - Setting up plugin manager > mode=prod; embedded=false; plugins-dir=/home/yu89975/.nextflow/plugins; core-plugins: nf-amazon@3.4.2,nf-azure@1.20.2,nf-cloudcache@0.5.0,nf-codecommit@0.5.0,nf-console@1.3.0,nf-google@1.23.3,nf-k8s@1.2.2,nf-tower@1.17.3,nf-wave@1.16.1
Aug-31 15:36:42.280 [main] INFO  o.pf4j.DefaultPluginStatusProvider - Enabled plugins: []
Aug-31 15:36:42.282 [main] INFO  o.pf4j.DefaultPluginStatusProvider - Disabled plugins: []
Aug-31 15:36:42.285 [main] INFO  org.pf4j.DefaultPluginManager - PF4J version 3.12.0 in 'deployment' mode
Aug-31 15:36:42.316 [main] DEBUG nextflow.util.RetryConfig - Missing nextflow session - using default retry config
Aug-31 15:36:42.649 [main] INFO  org.pf4j.AbstractPluginManager - No plugins
Aug-31 15:36:43.725 [main] DEBUG nextflow.config.ConfigBuilder - Found config base: /scratch/g/vjin/Yu/hic_pipeline/nf-core-hic-src/nextflow.config
Aug-31 15:36:43.733 [main] DEBUG nextflow.config.ConfigBuilder - User config file: /scratch/g/vjin/Yu/hic_pipeline/nfcore_hic_pilot.config
Aug-31 15:36:43.734 [main] DEBUG nextflow.config.ConfigBuilder - Parsing config file: /scratch/g/vjin/Yu/hic_pipeline/nf-core-hic-src/nextflow.config
Aug-31 15:36:43.735 [main] DEBUG nextflow.config.ConfigBuilder - Parsing config file: /scratch/g/vjin/Yu/hic_pipeline/nfcore_hic_pilot.config
Aug-31 15:36:43.748 [main] DEBUG nextflow.config.ConfigBuilder - Applying config profile: `singularity`
Aug-31 15:36:45.012 [main] DEBUG nextflow.config.ConfigBuilder - Applying config profile: `singularity`
Aug-31 15:36:45.082 [main] DEBUG nextflow.config.ConfigBuilder - Available config profiles: [bih, cfc_dev, uzl_omics, ifb_core, embl_hd, mcw_rcc, denbi_qbic, alice, mjolnir_globe, uppmax, giga, verily_workbench, incliva, ilifu, ki_luria, uge, icr_alma, rosalind_uge, lugh, mccleary, unibe_ibu, vai, czbiohub_aws, jax, roslin, iris, tes, public_aws_ecr, unc_longleaf, tigem, tubingen_apg, apollo, ipop_up, vsc_calcua, pdc_kth, ceci_nic5, ccga_cau, humantechnopole, stjude, daisybio, eddie, medair, biowulf, mahuika, apptainer, bi, bigpurple, adcra, cedars, pawsey_setonix, vsc_kul_uhasselt, purdue_gautschi, rki, ucl_myriad, charliecloud, fred_hutch, seattlechildrens, ceres, purdue_negishi, munin, arm, rosalind, hasta, cfc, uzh, shu_bmrc, ebi_codon_slurm, ebc, ccga_dx, crick, ku_sund_danhead, marvin, lrz_cm4, purdue_bell, biohpc_gen, shifter, kelvin2, mana, mamba, york_viking, unc_lccc, wehi, awsbatch, arcc, ceci_dragon2, imperial, maestro, cannon, genotoul, nci_gadi, abims, eva_grace, janelia, nu_genomics, googlebatch, oist, sahmri, kaust, alliance_canada, mpcdf, leicester, vsc_ugent, create, sage, cambridge, jex, podman, ebi_codon, cheaha, xanadu, nyu_hpc, test, marjorie, palmetto, computerome, ucd_sonic, seg_globe, mssm, sanger, dkfz, bluebear, pasteur, einstein, ethz_euler, m3c, test_full, imb, ucl_cscluster, tuos_stanage, azurebatch, seadragon, crukmi, csiro_petrichor, qmul_apocrita, docker, engaging, gis, hypatia, psmn, eva, unity, cropdiversityhpc, nygc, fgcz, conda, crg, singularity, mpcdf_viper, dirac, self_hosted_runner, tufts, uw_hyak_pedslabs, binac2, hki_genie, debug, genouest, cbe, unsw_katana, utd_juno, hazel, phoenix, gitpod, seawulf, uod_hpc, fub_curta, lovelace, uct_hpc, aws_tower, fsu_draco]
Aug-31 15:36:45.089 [main] WARN  nextflow.config.ConfigBuilder - It appears you have never run this project before -- Option `-resume` is ignored
Aug-31 15:36:45.129 [main] DEBUG nextflow.plugin.PluginsFacade - Plugins default=[]
Aug-31 15:36:45.129 [main] DEBUG nextflow.plugin.PluginsFacade - Plugins resolved requirement=[]
Aug-31 15:36:45.136 [main] DEBUG n.secret.LocalSecretsProvider - Secrets store: /home/yu89975/.nextflow/secrets/store.json
Aug-31 15:36:45.139 [main] DEBUG nextflow.secret.SecretsLoader - Discovered secrets providers: [nextflow.secret.LocalSecretsProvider@5d221b20] - activable => nextflow.secret.LocalSecretsProvider@5d221b20
Aug-31 15:36:45.145 [main] DEBUG nextflow.cli.CmdRun - Applied DSL=2 from script declaration
Aug-31 15:36:45.181 [main] DEBUG nextflow.cli.CmdRun - Launching `/scratch/g/vjin/Yu/hic_pipeline/nf-core-hic-src/main.nf` [irreverent_kowalevski] DSL2 - revision: a50490391a
Aug-31 15:36:45.245 [main] DEBUG nextflow.Session - Session UUID: 9040eace-daa3-497e-8976-0b942eaefed9
Aug-31 15:36:45.245 [main] DEBUG nextflow.Session - Run name: irreverent_kowalevski
Aug-31 15:36:45.245 [main] DEBUG nextflow.Session - Executor pool size: 3
Aug-31 15:36:45.276 [main] DEBUG nextflow.file.FilePorter - File porter settings maxRetries=3; maxTransfers=50; pollTimeout=null
Aug-31 15:36:45.281 [main] DEBUG nextflow.util.ThreadPoolBuilder - Creating thread pool 'FileTransfer' minSize=10; maxSize=10; workQueue=LinkedBlockingQueue[-1]; allowCoreThreadTimeout=false
Aug-31 15:36:45.351 [main] DEBUG nextflow.cli.CmdRun - 
  Version: 25.10.2 build 10555
  Created: 28-11-2025 19:24 UTC (13:24 CDT)
  System: Linux 4.18.0-425.19.2.el8_7.x86_64
  Runtime: Groovy 4.0.28 on OpenJDK 64-Bit Server VM 23.0.2-internal-adhoc.conda.src
  Encoding: UTF-8 (UTF-8)
  Process: 4082728@cn29.cluster.local [172.16.10.29]
  CPUs: 3 - Mem: 376.4 GB (62.7 GB) - Swap: 0 (0)
Aug-31 15:36:45.396 [main] DEBUG nextflow.Session - Work-dir: /scratch/g/vjin/Yu/hic_pipeline/work_batch_DTB-008-BL [nfs]
Aug-31 15:36:45.442 [main] DEBUG nextflow.executor.ExecutorFactory - Extension executors providers=[]
Aug-31 15:36:45.451 [main] DEBUG nextflow.Session - Observer factory (v2): LinObserverFactory
Aug-31 15:36:45.454 [main] DEBUG nextflow.Session - Observer factory (v2): DefaultObserverFactory
Aug-31 15:36:45.500 [main] DEBUG nextflow.cache.CacheFactory - Using Nextflow cache factory: nextflow.cache.DefaultCacheFactory
Aug-31 15:36:45.515 [main] DEBUG nextflow.util.CustomThreadPool - Creating default thread pool > poolSize: 4; maxThreads: 1000
Aug-31 15:36:45.706 [main] DEBUG nextflow.Session - Session start
Aug-31 15:36:45.719 [main] DEBUG nextflow.trace.TraceFileObserver - Workflow started -- trace file: /scratch/g/vjin/Yu/hic_pipeline/batch_results/DTB-008-BL/pipeline_info/execution_trace_2026-08-31_15-36-44.txt
Aug-31 15:36:45.729 [main] DEBUG nextflow.Session - Using default localLib path: /scratch/g/vjin/Yu/hic_pipeline/nf-core-hic-src/lib
Aug-31 15:36:45.739 [main] DEBUG nextflow.Session - Adding to the classpath library: /scratch/g/vjin/Yu/hic_pipeline/nf-core-hic-src/lib
Aug-31 15:36:45.740 [main] DEBUG nextflow.Session - Adding to the classpath library: /scratch/g/vjin/Yu/hic_pipeline/nf-core-hic-src/lib/nfcore_external_java_deps.jar
Aug-31 15:36:46.511 [main] DEBUG nextflow.script.ScriptRunner - > Launching execution
Aug-31 15:36:46.586 [main] INFO  nextflow.Nextflow - 

-[2m----------------------------------------------------[0m-
                                        [0;32m,--.[0;30m/[0;32m,-.[0m
[0;34m        ___     __   __   __   ___     [0;32m/,-._.--~'[0m
[0;34m  |\ | |__  __ /  ` /  \ |__) |__         [0;33m}  {[0m
[0;34m  | \| |       \__, \__/ |  \ |___     [0;32m\`-._,-`-,[0m
                                        [0;32m`._,._,'[0m
[0;35m  nf-core/hic v2.1.0[0m
-[2m----------------------------------------------------[0m-
[1mCore Nextflow options[0m
  [0;34mrunName                      : [0;32mirreverent_kowalevski[0m
  [0;34mcontainerEngine              : [0;32msingularity[0m
  [0;34mlaunchDir                    : [0;32m/scratch/g/pauer/Yu/LANTERN[0m
  [0;34mworkDir                      : [0;32m/scratch/g/vjin/Yu/hic_pipeline/work_batch_DTB-008-BL[0m
  [0;34mprojectDir                   : [0;32m/scratch/g/vjin/Yu/hic_pipeline/nf-core-hic-src[0m
  [0;34muserName                     : [0;32myu89975[0m
  [0;34mprofile                      : [0;32msingularity[0m
  [0;34mconfigFiles                  : [0;32m/scratch/g/vjin/Yu/hic_pipeline/nf-core-hic-src/nextflow.config, /scratch/g/vjin/Yu/hic_pipeline/nfcore_hic_pilot.config[0m

[1mInput/output options[0m
  [0;34minput                        : [0;32m/scratch/g/vjin/Yu/hic_pipeline/batch_results/DTB-008-BL/samplesheet.csv[0m
  [0;34moutdir                       : [0;32m/scratch/g/vjin/Yu/hic_pipeline/batch_results/DTB-008-BL[0m

[1mReference genome options[0m
  [0;34mfasta                        : [0;32m/scratch/g/vjin/Yu/hic_pipeline/reference/genome.fa[0m
  [0;34mbwt2_index                   : [0;32m/hpc/refdata/igenomes/Homo_sapiens/NCBI/GRCh38/Sequence/Bowtie2Index[0m

[1mDigestion Hi-C[0m
  [0;34mdigestion                    : [0;32mmboi[0m
  [0;34mchromosome_size              : [0;32m/scratch/g/vjin/Yu/hic_pipeline/reference/GRCh38.chrom.sizes[0m

[1mDNAse Hi-C[0m
  [0;34mmin_cis_dist                 : [0;32m0[0m

[1mAlignments[0m
  [0;34mbwt2_opts_end2end            : [0;32m--very-sensitive -L 30 --score-min L,-0.6,-0.2 --end-to-end --reorder[0m
  [0;34mbwt2_opts_trimmed            : [0;32m--very-sensitive -L 20 --score-min L,-0.6,-0.2 --end-to-end --reorder[0m

[1mValid Pairs Detection[0m
  [0;34mmax_insert_size              : [0;32m0[0m
  [0;34mmin_insert_size              : [0;32m0[0m
  [0;34mmax_restriction_fragment_size: [0;32m0[0m
  [0;34mmin_restriction_fragment_size: [0;32m0[0m

[1mContact maps[0m
  [0;34mbin_size                     : [0;32m1000000[0m
  [0;34mice_filter_high_count_perc   : [0;32m0[0m
  [0;34mres_zoomify                  : [0;32mnull[0m

[1mDownstream Analysis[0m
  [0;34mres_dist_decay               : [0;32m250000[0m
  [0;34mtads_caller                  : [0;32minsulation[0m
  [0;34mres_tads                     : [0;32m40000[0m

[1mMax job request options[0m
  [0;34mmax_cpus                     : [0;32m24[0m
  [0;34mmax_memory                   : [0;32m368 GB[0m
  [0;34mmax_time                     : [0;32m7d[0m

!! Only displaying parameters that differ from the pipeline defaults !!
-[2m----------------------------------------------------[0m-
If you use nf-core/hic for your analysis please cite:

* The pipeline
  https://doi.org/10.5281/zenodo.2669513

* The nf-core framework
  https://doi.org/10.1038/s41587-020-0439-x

* Software dependencies
  https://github.com/nf-core/hic/blob/master/CITATIONS.md
-[2m----------------------------------------------------[0m-
Aug-31 15:36:49.590 [main] DEBUG n.script.dsl.ProcessConfigBuilder - Config settings `withLabel:process_single` matches labels `process_single` for process with name NFCORE_HIC:HIC:INPUT_CHECK:SAMPLESHEET_CHECK
Aug-31 15:36:49.602 [main] DEBUG nextflow.executor.ExecutorFactory - << taskConfig executor: slurm
Aug-31 15:36:49.603 [main] DEBUG nextflow.executor.ExecutorFactory - >> processorType: 'slurm'
Aug-31 15:36:49.616 [main] DEBUG nextflow.executor.Executor - [warm up] executor > slurm
Aug-31 15:36:49.624 [main] DEBUG n.processor.TaskPollingMonitor - Creating task monitor for executor 'slurm' > capacity: 50; pollInterval: 5s; dumpInterval: 5m 
Aug-31 15:36:49.627 [main] DEBUG n.processor.TaskPollingMonitor - >>> barrier register (monitor: slurm)
Aug-31 15:36:49.629 [main] DEBUG n.executor.AbstractGridExecutor - Creating executor 'slurm' > queue-stat-interval: 1m
Aug-31 15:36:49.650 [main] DEBUG nextflow.processor.TaskProcessor - Creating process 'NFCORE_HIC:HIC:INPUT_CHECK:SAMPLESHEET_CHECK': maxForks=0; fair=false; array=0
Aug-31 15:36:49.705 [main] DEBUG n.script.dsl.ProcessConfigBuilder - Config settings `withLabel:process_low` matches labels `process_low` for process with name NFCORE_HIC:HIC:PREPARE_GENOME:GET_RESTRICTION_FRAGMENTS
Aug-31 15:36:49.706 [main] DEBUG n.script.dsl.ProcessConfigBuilder - Config settings `withName:GET_RESTRICTION_FRAGMENTS` matches process NFCORE_HIC:HIC:PREPARE_GENOME:GET_RESTRICTION_FRAGMENTS
Aug-31 15:36:49.711 [main] DEBUG nextflow.executor.ExecutorFactory - << taskConfig executor: slurm
Aug-31 15:36:49.711 [main] DEBUG nextflow.executor.ExecutorFactory - >> processorType: 'slurm'
Aug-31 15:36:49.712 [main] DEBUG nextflow.processor.TaskProcessor - Creating process 'NFCORE_HIC:HIC:PREPARE_GENOME:GET_RESTRICTION_FRAGMENTS': maxForks=0; fair=false; array=0
Aug-31 15:36:49.721 [main] DEBUG n.script.dsl.ProcessConfigBuilder - Config settings `withLabel:process_medium` matches labels `process_medium` for process with name NFCORE_HIC:HIC:FASTQC
Aug-31 15:36:49.727 [main] DEBUG nextflow.executor.ExecutorFactory - << taskConfig executor: slurm
Aug-31 15:36:49.727 [main] DEBUG nextflow.executor.ExecutorFactory - >> processorType: 'slurm'
Aug-31 15:36:49.728 [main] DEBUG nextflow.processor.TaskProcessor - Creating process 'NFCORE_HIC:HIC:FASTQC': maxForks=0; fair=false; array=0
Aug-31 15:36:49.753 [main] DEBUG n.script.dsl.ProcessConfigBuilder - Config settings `withLabel:process_high` matches labels `process_high` for process with name NFCORE_HIC:HIC:HICPRO:HICPRO_MAPPING:BOWTIE2_ALIGN
Aug-31 15:36:49.754 [main] DEBUG n.script.dsl.ProcessConfigBuilder - Config settings `withName:BOWTIE2_ALIGN` matches process NFCORE_HIC:HIC:HICPRO:HICPRO_MAPPING:BOWTIE2_ALIGN
Aug-31 15:36:49.759 [main] DEBUG nextflow.executor.ExecutorFactory - << taskConfig executor: slurm
Aug-31 15:36:49.759 [main] DEBUG nextflow.executor.ExecutorFactory - >> processorType: 'slurm'
Aug-31 15:36:49.759 [main] DEBUG nextflow.processor.TaskProcessor - Creating process 'NFCORE_HIC:HIC:HICPRO:HICPRO_MAPPING:BOWTIE2_ALIGN': maxForks=0; fair=false; array=0
Aug-31 15:36:49.767 [main] DEBUG n.script.dsl.ProcessConfigBuilder - Config settings `withLabel:process_low` matches labels `process_low` for process with name NFCORE_HIC:HIC:HICPRO:HICPRO_MAPPING:TRIM_READS
Aug-31 15:36:49.768 [main] DEBUG n.script.dsl.ProcessConfigBuilder - Config settings `withName:TRIM_READS` matches process NFCORE_HIC:HIC:HICPRO:HICPRO_MAPPING:TRIM_READS
Aug-31 15:36:49.771 [main] DEBUG nextflow.executor.ExecutorFactory - << taskConfig executor: slurm
Aug-31 15:36:49.771 [main] DEBUG nextflow.executor.ExecutorFactory - >> processorType: 'slurm'
Aug-31 15:36:49.772 [main] DEBUG nextflow.processor.TaskProcessor - Creating process 'NFCORE_HIC:HIC:HICPRO:HICPRO_MAPPING:TRIM_READS': maxForks=0; fair=false; array=0
Aug-31 15:36:49.779 [main] DEBUG n.script.dsl.ProcessConfigBuilder - Config settings `withLabel:process_high` matches labels `process_high` for process with name NFCORE_HIC:HIC:HICPRO:HICPRO_MAPPING:BOWTIE2_ALIGN_TRIMMED
Aug-31 15:36:49.780 [main] DEBUG n.script.dsl.ProcessConfigBuilder - Config settings `withName:BOWTIE2_ALIGN` matches process NFCORE_HIC:HIC:HICPRO:HICPRO_MAPPING:BOWTIE2_ALIGN_TRIMMED
Aug-31 15:36:49.781 [main] DEBUG n.script.dsl.ProcessConfigBuilder - Config settings `withName:BOWTIE2_ALIGN_TRIMMED` matches process NFCORE_HIC:HIC:HICPRO:HICPRO_MAPPING:BOWTIE2_ALIGN_TRIMMED
Aug-31 15:36:49.783 [main] DEBUG nextflow.executor.ExecutorFactory - << taskConfig executor: slurm
Aug-31 15:36:49.784 [main] DEBUG nextflow.executor.ExecutorFactory - >> processorType: 'slurm'
Aug-31 15:36:49.784 [main] DEBUG nextflow.processor.TaskProcessor - Creating process 'NFCORE_HIC:HIC:HICPRO:HICPRO_MAPPING:BOWTIE2_ALIGN_TRIMMED': maxForks=0; fair=false; array=0
Aug-31 15:36:49.799 [main] DEBUG n.script.dsl.ProcessConfigBuilder - Config settings `withLabel:process_medium` matches labels `process_medium` for process with name NFCORE_HIC:HIC:HICPRO:HICPRO_MAPPING:MERGE_BOWTIE2
Aug-31 15:36:49.800 [main] DEBUG n.script.dsl.ProcessConfigBuilder - Config settings `withName:MERGE_BOWTIE2` matches process NFCORE_HIC:HIC:HICPRO:HICPRO_MAPPING:MERGE_BOWTIE2
Aug-31 15:36:49.802 [main] DEBUG nextflow.executor.ExecutorFactory - << taskConfig executor: slurm
Aug-31 15:36:49.802 [main] DEBUG nextflow.executor.ExecutorFactory - >> processorType: 'slurm'
Aug-31 15:36:49.803 [main] DEBUG nextflow.processor.TaskProcessor - Creating process 'NFCORE_HIC:HIC:HICPRO:HICPRO_MAPPING:MERGE_BOWTIE2': maxForks=0; fair=false; array=0
Aug-31 15:36:49.811 [main] DEBUG n.script.dsl.ProcessConfigBuilder - Config settings `withLabel:process_low` matches labels `process_low` for process with name NFCORE_HIC:HIC:HICPRO:HICPRO_MAPPING:COMBINE_MATES
Aug-31 15:36:49.812 [main] DEBUG n.script.dsl.ProcessConfigBuilder - Config settings `withName:COMBINE_MATES` matches process NFCORE_HIC:HIC:HICPRO:HICPRO_MAPPING:COMBINE_MATES
Aug-31 15:36:49.814 [main] DEBUG nextflow.executor.ExecutorFactory - << taskConfig executor: slurm
Aug-31 15:36:49.814 [main] DEBUG nextflow.executor.ExecutorFactory - >> processorType: 'slurm'
Aug-31 15:36:49.815 [main] DEBUG nextflow.processor.TaskProcessor - Creating process 'NFCORE_HIC:HIC:HICPRO:HICPRO_MAPPING:COMBINE_MATES': maxForks=0; fair=false; array=0
Aug-31 15:36:49.823 [main] DEBUG n.script.dsl.ProcessConfigBuilder - Config settings `withLabel:process_low` matches labels `process_low` for process with name NFCORE_HIC:HIC:HICPRO:GET_VALID_INTERACTION
Aug-31 15:36:49.824 [main] DEBUG n.script.dsl.ProcessConfigBuilder - Config settings `withName:GET_VALID_INTERACTION` matches process NFCORE_HIC:HIC:HICPRO:GET_VALID_INTERACTION
Aug-31 15:36:49.827 [main] DEBUG nextflow.executor.ExecutorFactory - << taskConfig executor: slurm
Aug-31 15:36:49.827 [main] DEBUG nextflow.executor.ExecutorFactory - >> processorType: 'slurm'
Aug-31 15:36:49.828 [main] DEBUG nextflow.processor.TaskProcessor - Creating process 'NFCORE_HIC:HIC:HICPRO:GET_VALID_INTERACTION': maxForks=0; fair=false; array=0
Aug-31 15:36:49.846 [main] DEBUG n.script.dsl.ProcessConfigBuilder - Config settings `withLabel:process_high_memory` matches labels `process_high_memory` for process with name NFCORE_HIC:HIC:HICPRO:MERGE_VALID_INTERACTION
Aug-31 15:36:49.847 [main] DEBUG n.script.dsl.ProcessConfigBuilder - Config settings `withName:MERGE_VALID_INTERACTION` matches process NFCORE_HIC:HIC:HICPRO:MERGE_VALID_INTERACTION
Aug-31 15:36:49.850 [main] DEBUG nextflow.executor.ExecutorFactory - << taskConfig executor: slurm
Aug-31 15:36:49.850 [main] DEBUG nextflow.executor.ExecutorFactory - >> processorType: 'slurm'
Aug-31 15:36:49.851 [main] DEBUG nextflow.processor.TaskProcessor - Creating process 'NFCORE_HIC:HIC:HICPRO:MERGE_VALID_INTERACTION': maxForks=0; fair=false; array=0
Aug-31 15:36:49.856 [main] DEBUG n.script.dsl.ProcessConfigBuilder - Config settings `withLabel:process_low` matches labels `process_low` for process with name NFCORE_HIC:HIC:HICPRO:MERGE_STATS
Aug-31 15:36:49.857 [main] DEBUG n.script.dsl.ProcessConfigBuilder - Config settings `withName:MERGE_STATS` matches process NFCORE_HIC:HIC:HICPRO:MERGE_STATS
Aug-31 15:36:49.859 [main] DEBUG nextflow.executor.ExecutorFactory - << taskConfig executor: slurm
Aug-31 15:36:49.859 [main] DEBUG nextflow.executor.ExecutorFactory - >> processorType: 'slurm'
Aug-31 15:36:49.860 [main] DEBUG nextflow.processor.TaskProcessor - Creating process 'NFCORE_HIC:HIC:HICPRO:MERGE_STATS': maxForks=0; fair=false; array=0
Aug-31 15:36:49.866 [main] DEBUG n.script.dsl.ProcessConfigBuilder - Config settings `withLabel:process_medium` matches labels `process_medium` for process with name NFCORE_HIC:HIC:HICPRO:HICPRO2PAIRS
Aug-31 15:36:49.866 [main] DEBUG n.script.dsl.ProcessConfigBuilder - Config settings `withName:HICPRO2PAIRS` matches process NFCORE_HIC:HIC:HICPRO:HICPRO2PAIRS
Aug-31 15:36:49.869 [main] DEBUG nextflow.executor.ExecutorFactory - << taskConfig executor: slurm
Aug-31 15:36:49.869 [main] DEBUG nextflow.executor.ExecutorFactory - >> processorType: 'slurm'
Aug-31 15:36:49.870 [main] DEBUG nextflow.processor.TaskProcessor - Creating process 'NFCORE_HIC:HIC:HICPRO:HICPRO2PAIRS': maxForks=0; fair=false; array=0
Aug-31 15:36:49.885 [main] DEBUG n.script.dsl.ProcessConfigBuilder - Config settings `withLabel:process_low` matches labels `process_low` for process with name NFCORE_HIC:HIC:COOLER:COOLER_MAKEBINS
Aug-31 15:36:49.886 [main] DEBUG n.script.dsl.ProcessConfigBuilder - Config settings `withName:COOLER_MAKEBINS` matches process NFCORE_HIC:HIC:COOLER:COOLER_MAKEBINS
Aug-31 15:36:49.888 [main] DEBUG nextflow.executor.ExecutorFactory - << taskConfig executor: slurm
Aug-31 15:36:49.888 [main] DEBUG nextflow.executor.ExecutorFactory - >> processorType: 'slurm'
Aug-31 15:36:49.889 [main] DEBUG nextflow.processor.TaskProcessor - Creating process 'NFCORE_HIC:HIC:COOLER:COOLER_MAKEBINS': maxForks=0; fair=false; array=0
Aug-31 15:36:49.898 [main] DEBUG n.script.dsl.ProcessConfigBuilder - Config settings `withLabel:process_high` matches labels `process_high` for process with name NFCORE_HIC:HIC:COOLER:COOLER_CLOAD
Aug-31 15:36:49.899 [main] DEBUG n.script.dsl.ProcessConfigBuilder - Config settings `withName:COOLER_CLOAD` matches process NFCORE_HIC:HIC:COOLER:COOLER_CLOAD
Aug-31 15:36:49.902 [main] DEBUG nextflow.executor.ExecutorFactory - << taskConfig executor: slurm
Aug-31 15:36:49.902 [main] DEBUG nextflow.executor.ExecutorFactory - >> processorType: 'slurm'
Aug-31 15:36:49.903 [main] DEBUG nextflow.processor.TaskProcessor - Creating process 'NFCORE_HIC:HIC:COOLER:COOLER_CLOAD': maxForks=0; fair=false; array=0
Aug-31 15:36:49.913 [main] DEBUG n.script.dsl.ProcessConfigBuilder - Config settings `withLabel:process_high` matches labels `process_high` for process with name NFCORE_HIC:HIC:COOLER:COOLER_BALANCE
Aug-31 15:36:49.913 [main] DEBUG n.script.dsl.ProcessConfigBuilder - Config settings `withName:COOLER_BALANCE` matches process NFCORE_HIC:HIC:COOLER:COOLER_BALANCE
Aug-31 15:36:49.916 [main] DEBUG nextflow.executor.ExecutorFactory - << taskConfig executor: slurm
Aug-31 15:36:49.916 [main] DEBUG nextflow.executor.ExecutorFactory - >> processorType: 'slurm'
Aug-31 15:36:49.916 [main] DEBUG nextflow.processor.TaskProcessor - Creating process 'NFCORE_HIC:HIC:COOLER:COOLER_BALANCE': maxForks=0; fair=false; array=0
Aug-31 15:36:49.932 [main] DEBUG n.script.dsl.ProcessConfigBuilder - Config settings `withLabel:process_high` matches labels `process_high` for process with name NFCORE_HIC:HIC:COOLER:COOLER_ZOOMIFY
Aug-31 15:36:49.934 [main] DEBUG n.script.dsl.ProcessConfigBuilder - Config settings `withName:COOLER_ZOOMIFY` matches process NFCORE_HIC:HIC:COOLER:COOLER_ZOOMIFY
Aug-31 15:36:49.936 [main] DEBUG nextflow.executor.ExecutorFactory - << taskConfig executor: slurm
Aug-31 15:36:49.937 [main] DEBUG nextflow.executor.ExecutorFactory - >> processorType: 'slurm'
Aug-31 15:36:49.937 [main] DEBUG nextflow.processor.TaskProcessor - Creating process 'NFCORE_HIC:HIC:COOLER:COOLER_ZOOMIFY': maxForks=0; fair=false; array=0
Aug-31 15:36:49.943 [main] DEBUG n.script.dsl.ProcessConfigBuilder - Config settings `withLabel:process_high` matches labels `process_high` for process with name NFCORE_HIC:HIC:COOLER:COOLER_DUMP
Aug-31 15:36:49.944 [main] DEBUG n.script.dsl.ProcessConfigBuilder - Config settings `withName:COOLER_DUMP` matches process NFCORE_HIC:HIC:COOLER:COOLER_DUMP
Aug-31 15:36:49.946 [main] DEBUG nextflow.executor.ExecutorFactory - << taskConfig executor: slurm
Aug-31 15:36:49.946 [main] DEBUG nextflow.executor.ExecutorFactory - >> processorType: 'slurm'
Aug-31 15:36:49.946 [main] DEBUG nextflow.processor.TaskProcessor - Creating process 'NFCORE_HIC:HIC:COOLER:COOLER_DUMP': maxForks=0; fair=false; array=0
Aug-31 15:36:49.951 [main] DEBUG n.script.dsl.ProcessConfigBuilder - Config settings `withLabel:process_low` matches labels `process_low` for process with name NFCORE_HIC:HIC:COOLER:SPLIT_COOLER_DUMP
Aug-31 15:36:49.952 [main] DEBUG n.script.dsl.ProcessConfigBuilder - Config settings `withName:SPLIT_COOLER_DUMP` matches process NFCORE_HIC:HIC:COOLER:SPLIT_COOLER_DUMP
Aug-31 15:36:49.954 [main] DEBUG nextflow.executor.ExecutorFactory - << taskConfig executor: slurm
Aug-31 15:36:49.954 [main] DEBUG nextflow.executor.ExecutorFactory - >> processorType: 'slurm'
Aug-31 15:36:49.954 [main] DEBUG nextflow.processor.TaskProcessor - Creating process 'NFCORE_HIC:HIC:COOLER:SPLIT_COOLER_DUMP': maxForks=0; fair=false; array=0
Aug-31 15:36:49.964 [main] DEBUG n.script.dsl.ProcessConfigBuilder - Config settings `withLabel:process_medium` matches labels `process_medium` for process with name NFCORE_HIC:HIC:HIC_PLOT_DIST_VS_COUNTS
Aug-31 15:36:49.965 [main] DEBUG n.script.dsl.ProcessConfigBuilder - Config settings `withName:HIC_PLOT_DIST_VS_COUNTS` matches process NFCORE_HIC:HIC:HIC_PLOT_DIST_VS_COUNTS
Aug-31 15:36:49.966 [main] DEBUG nextflow.executor.ExecutorFactory - << taskConfig executor: slurm
Aug-31 15:36:49.966 [main] DEBUG nextflow.executor.ExecutorFactory - >> processorType: 'slurm'
Aug-31 15:36:49.967 [main] DEBUG nextflow.processor.TaskProcessor - Creating process 'NFCORE_HIC:HIC:HIC_PLOT_DIST_VS_COUNTS': maxForks=0; fair=false; array=0
Aug-31 15:36:49.983 [main] DEBUG n.script.dsl.ProcessConfigBuilder - Config settings `withLabel:process_medium` matches labels `process_medium` for process with name NFCORE_HIC:HIC:COMPARTMENTS:COOLTOOLS_EIGSCIS
Aug-31 15:36:49.984 [main] DEBUG n.script.dsl.ProcessConfigBuilder - Config settings `withName:COOLTOOLS_EIGSCIS` matches process NFCORE_HIC:HIC:COMPARTMENTS:COOLTOOLS_EIGSCIS
Aug-31 15:36:49.985 [main] DEBUG nextflow.executor.ExecutorFactory - << taskConfig executor: slurm
Aug-31 15:36:49.986 [main] DEBUG nextflow.executor.ExecutorFactory - >> processorType: 'slurm'
Aug-31 15:36:49.986 [main] DEBUG nextflow.processor.TaskProcessor - Creating process 'NFCORE_HIC:HIC:COMPARTMENTS:COOLTOOLS_EIGSCIS': maxForks=0; fair=false; array=0
Aug-31 15:36:50.000 [main] DEBUG n.script.dsl.ProcessConfigBuilder - Config settings `withLabel:process_medium` matches labels `process_medium` for process with name NFCORE_HIC:HIC:TADS:COOLTOOLS_INSULATION
Aug-31 15:36:50.001 [main] DEBUG n.script.dsl.ProcessConfigBuilder - Config settings `withName:COOLTOOLS_INSULATION` matches process NFCORE_HIC:HIC:TADS:COOLTOOLS_INSULATION
Aug-31 15:36:50.003 [main] DEBUG nextflow.executor.ExecutorFactory - << taskConfig executor: slurm
Aug-31 15:36:50.003 [main] DEBUG nextflow.executor.ExecutorFactory - >> processorType: 'slurm'
Aug-31 15:36:50.003 [main] DEBUG nextflow.processor.TaskProcessor - Creating process 'NFCORE_HIC:HIC:TADS:COOLTOOLS_INSULATION': maxForks=0; fair=false; array=0
Aug-31 15:36:50.035 [main] DEBUG n.script.dsl.ProcessConfigBuilder - Config settings `withLabel:process_single` matches labels `process_single` for process with name NFCORE_HIC:HIC:CUSTOM_DUMPSOFTWAREVERSIONS
Aug-31 15:36:50.035 [main] DEBUG n.script.dsl.ProcessConfigBuilder - Config settings `withName:CUSTOM_DUMPSOFTWAREVERSIONS` matches process NFCORE_HIC:HIC:CUSTOM_DUMPSOFTWAREVERSIONS
Aug-31 15:36:50.038 [main] DEBUG nextflow.executor.ExecutorFactory - << taskConfig executor: slurm
Aug-31 15:36:50.038 [main] DEBUG nextflow.executor.ExecutorFactory - >> processorType: 'slurm'
Aug-31 15:36:50.038 [main] DEBUG nextflow.processor.TaskProcessor - Creating process 'NFCORE_HIC:HIC:CUSTOM_DUMPSOFTWAREVERSIONS': maxForks=0; fair=false; array=0
Aug-31 15:36:50.105 [main] DEBUG n.script.dsl.ProcessConfigBuilder - Config settings `withLabel:process_medium` matches labels `process_medium` for process with name NFCORE_HIC:HIC:MULTIQC
Aug-31 15:36:50.107 [main] DEBUG nextflow.executor.ExecutorFactory - << taskConfig executor: slurm
Aug-31 15:36:50.107 [main] DEBUG nextflow.executor.ExecutorFactory - >> processorType: 'slurm'
Aug-31 15:36:50.108 [main] DEBUG nextflow.processor.TaskProcessor - Creating process 'NFCORE_HIC:HIC:MULTIQC': maxForks=0; fair=false; array=0
Aug-31 15:36:50.116 [main] DEBUG nextflow.Session - Workflow process names [dsl2]: NFCORE_HIC:HIC:HIC_PLOT_DIST_VS_COUNTS, NFCORE_HIC:HIC:HICPRO:MERGE_STATS, NFCORE_HIC:HIC:HICPRO:HICPRO_MAPPING:BOWTIE2_ALIGN_TRIMMED, COOLER_CLOAD, NFCORE_HIC:HIC:HICPRO:HICPRO_MAPPING:MERGE_BOWTIE2, COOLER_DUMP, COOLER_MAKEBINS, COOLER_ZOOMIFY, BUILD_CONTACT_MAPS, TRIM_READS, NFCORE_HIC:HIC:FASTQC, NFCORE_HIC:HIC:COOLER:COOLER_ZOOMIFY, NFCORE_HIC:HIC:CUSTOM_DUMPSOFTWAREVERSIONS, NFCORE_HIC:HIC:INPUT_CHECK:SAMPLESHEET_CHECK, NFCORE_HIC:HIC:MULTIQC, NFCORE_HIC:HIC:HICPRO:GET_VALID_INTERACTION, NFCORE_HIC:HIC:HICPRO:HICPRO_MAPPING:TRIM_READS, COOLTOOLS_INSULATION, GET_VALID_INTERACTION_DNASE, HIC_PLOT_DIST_VS_COUNTS, COMBINE_MATES, NFCORE_HIC:HIC:PREPARE_GENOME:GET_RESTRICTION_FRAGMENTS, NFCORE_HIC:HIC:COMPARTMENTS:COOLTOOLS_EIGSCIS, BOWTIE2_ALIGN, MAPPING_STATS_DNASE, NFCORE_HIC:HIC:COOLER:COOLER_CLOAD, HICPRO2PAIRS, COOLER_BALANCE, FASTQC, NFCORE_HIC:HIC:COOLER:COOLER_DUMP, MERGE_BOWTIE2, BOWTIE2_BUILD, CUSTOM_GETCHROMSIZES, MULTIQC, GET_VALID_INTERACTION, MERGE_STATS, NFCORE_HIC:HIC:HICPRO:MERGE_VALID_INTERACTION, NFCORE_HIC:HIC:COOLER:SPLIT_COOLER_DUMP, COOLTOOLS_EIGSCIS, NFCORE_HIC:HIC:HICPRO:HICPRO2PAIRS, NFCORE_HIC:HIC:TADS:COOLTOOLS_INSULATION, NFCORE_HIC:HIC:HICPRO:HICPRO_MAPPING:BOWTIE2_ALIGN, SPLIT_COOLER_DUMP, SAMPLESHEET_CHECK, NFCORE_HIC:HIC:HICPRO:HICPRO_MAPPING:COMBINE_MATES, BOWTIE2_ALIGN_TRIMMED, NFCORE_HIC:HIC:COOLER:COOLER_MAKEBINS, GET_RESTRICTION_FRAGMENTS, MERGE_VALID_INTERACTION, NFCORE_HIC:HIC:COOLER:COOLER_BALANCE, CUSTOM_DUMPSOFTWAREVERSIONS, ICE_NORMALIZATION, HIC_FIND_TADS
Aug-31 15:36:50.125 [main] DEBUG nextflow.Session - Igniting dataflow network (47)
Aug-31 15:36:50.137 [main] DEBUG nextflow.processor.TaskProcessor - Starting process > NFCORE_HIC:HIC:INPUT_CHECK:SAMPLESHEET_CHECK
Aug-31 15:36:50.158 [main] DEBUG nextflow.processor.TaskProcessor - Starting process > NFCORE_HIC:HIC:PREPARE_GENOME:GET_RESTRICTION_FRAGMENTS
Aug-31 15:36:50.158 [main] DEBUG nextflow.processor.TaskProcessor - Starting process > NFCORE_HIC:HIC:FASTQC
Aug-31 15:36:50.158 [main] DEBUG nextflow.processor.TaskProcessor - Starting process > NFCORE_HIC:HIC:HICPRO:HICPRO_MAPPING:BOWTIE2_ALIGN
Aug-31 15:36:50.158 [main] DEBUG nextflow.processor.TaskProcessor - Starting process > NFCORE_HIC:HIC:HICPRO:HICPRO_MAPPING:TRIM_READS
Aug-31 15:36:50.163 [main] DEBUG nextflow.processor.TaskProcessor - Starting process > NFCORE_HIC:HIC:HICPRO:HICPRO_MAPPING:BOWTIE2_ALIGN_TRIMMED
Aug-31 15:36:50.163 [main] DEBUG nextflow.processor.TaskProcessor - Starting process > NFCORE_HIC:HIC:HICPRO:HICPRO_MAPPING:MERGE_BOWTIE2
Aug-31 15:36:50.163 [main] DEBUG nextflow.processor.TaskProcessor - Starting process > NFCORE_HIC:HIC:HICPRO:HICPRO_MAPPING:COMBINE_MATES
Aug-31 15:36:50.165 [main] DEBUG nextflow.processor.TaskProcessor - Starting process > NFCORE_HIC:HIC:HICPRO:GET_VALID_INTERACTION
Aug-31 15:36:50.166 [main] DEBUG nextflow.processor.TaskProcessor - Starting process > NFCORE_HIC:HIC:HICPRO:MERGE_VALID_INTERACTION
Aug-31 15:36:50.166 [main] DEBUG nextflow.processor.TaskProcessor - Starting process > NFCORE_HIC:HIC:HICPRO:MERGE_STATS
Aug-31 15:36:50.175 [main] DEBUG nextflow.processor.TaskProcessor - Starting process > NFCORE_HIC:HIC:HICPRO:HICPRO2PAIRS
Aug-31 15:36:50.175 [main] DEBUG nextflow.processor.TaskProcessor - Starting process > NFCORE_HIC:HIC:COOLER:COOLER_MAKEBINS
Aug-31 15:36:50.177 [main] DEBUG nextflow.processor.TaskProcessor - Starting process > NFCORE_HIC:HIC:COOLER:COOLER_CLOAD
Aug-31 15:36:50.177 [main] DEBUG nextflow.processor.TaskProcessor - Starting process > NFCORE_HIC:HIC:COOLER:COOLER_BALANCE
Aug-31 15:36:50.177 [main] DEBUG nextflow.processor.TaskProcessor - Starting process > NFCORE_HIC:HIC:COOLER:COOLER_ZOOMIFY
Aug-31 15:36:50.186 [main] DEBUG nextflow.processor.TaskProcessor - Starting process > NFCORE_HIC:HIC:COOLER:COOLER_DUMP
Aug-31 15:36:50.186 [main] DEBUG nextflow.processor.TaskProcessor - Starting process > NFCORE_HIC:HIC:COOLER:SPLIT_COOLER_DUMP
Aug-31 15:36:50.186 [main] DEBUG nextflow.processor.TaskProcessor - Starting process > NFCORE_HIC:HIC:HIC_PLOT_DIST_VS_COUNTS
Aug-31 15:36:50.197 [main] DEBUG nextflow.processor.TaskProcessor - Starting process > NFCORE_HIC:HIC:COMPARTMENTS:COOLTOOLS_EIGSCIS
Aug-31 15:36:50.197 [main] DEBUG nextflow.processor.TaskProcessor - Starting process > NFCORE_HIC:HIC:TADS:COOLTOOLS_INSULATION
Aug-31 15:36:50.197 [main] DEBUG nextflow.processor.TaskProcessor - Starting process > NFCORE_HIC:HIC:CUSTOM_DUMPSOFTWAREVERSIONS
Aug-31 15:36:50.207 [Actor Thread 23] DEBUG nextflow.container.SingularityCache - Singularity found local store for image=https://depot.galaxyproject.org/singularity/python:3.8.3; path=/scratch/g/vjin/Yu/hic_pipeline/work/singularity/depot.galaxyproject.org-singularity-python-3.8.3.img
Aug-31 15:36:50.210 [main] DEBUG nextflow.processor.TaskProcessor - Starting process > NFCORE_HIC:HIC:MULTIQC
Aug-31 15:36:50.211 [main] DEBUG nextflow.script.ScriptRunner - Parsed script files:
  Script_f9c33f36d3e20670: /scratch/g/vjin/Yu/hic_pipeline/nf-core-hic-src/modules/local/hicpro/get_valid_interaction_dnase.nf
  Script_645b871e616cccf1: /scratch/g/vjin/Yu/hic_pipeline/nf-core-hic-src/modules/nf-core/bowtie2/build/main.nf
  Script_4d66ca10178eaa96: /scratch/g/vjin/Yu/hic_pipeline/nf-core-hic-src/modules/local/hicpro/merge_stats.nf
  Script_84f63cb27287ec8d: /scratch/g/vjin/Yu/hic_pipeline/nf-core-hic-src/modules/local/hicpro/trim_reads.nf
  Script_da5be0edc4f0becd: /scratch/g/vjin/Yu/hic_pipeline/nf-core-hic-src/subworkflows/local/compartments.nf
  Script_35912bc1b7467947: /scratch/g/vjin/Yu/hic_pipeline/nf-core-hic-src/modules/local/hicpro/combine_mates.nf
  Script_4b1ae444f2777818: /scratch/g/vjin/Yu/hic_pipeline/nf-core-hic-src/modules/nf-core/cooler/zoomify/main.nf
  Script_a206f052ba233e0d: /scratch/g/vjin/Yu/hic_pipeline/nf-core-hic-src/subworkflows/local/hicpro_mapping.nf
  Script_408db64c4d1a9205: /scratch/g/vjin/Yu/hic_pipeline/nf-core-hic-src/modules/local/hicpro/hicpro2pairs.nf
  Script_df26d0cad7d3fe67: /scratch/g/vjin/Yu/hic_pipeline/nf-core-hic-src/modules/local/hicpro/bowtie2_merge.nf
  Script_f10963bc3ed53cdb: /scratch/g/vjin/Yu/hic_pipeline/nf-core-hic-src/subworkflows/local/prepare_genome.nf
  Script_a890060e3b04e4b1: /scratch/g/vjin/Yu/hic_pipeline/nf-core-hic-src/modules/local/cooltools/eigscis.nf
  Script_16b225788449b41c: /scratch/g/vjin/Yu/hic_pipeline/nf-core-hic-src/subworkflows/local/cooler.nf
  Script_d7221c85ddf592ef: /scratch/g/vjin/Yu/hic_pipeline/nf-core-hic-src/modules/local/hicexplorer/hicPlotDistVsCounts.nf
  Script_6ed553dd8cd88286: /scratch/g/vjin/Yu/hic_pipeline/nf-core-hic-src/modules/local/hicpro/get_restriction_fragments.nf
  Script_8be926a230de8032: /scratch/g/vjin/Yu/hic_pipeline/nf-core-hic-src/subworkflows/local/hicpro.nf
  Script_2c2567a07d6e1957: /scratch/g/vjin/Yu/hic_pipeline/nf-core-hic-src/modules/nf-core/cooler/balance/main.nf
  Script_0d19416c93778570: /scratch/g/vjin/Yu/hic_pipeline/nf-core-hic-src/modules/local/hicpro/run_ice.nf
  Script_962e7d092e463c46: /scratch/g/vjin/Yu/hic_pipeline/nf-core-hic-src/modules/nf-core/custom/dumpsoftwareversions/main.nf
  Script_952144d4d89b3d6a: /scratch/g/vjin/Yu/hic_pipeline/nf-core-hic-src/modules/local/multiqc.nf
  Script_3d2f676e481c32ba: /scratch/g/vjin/Yu/hic_pipeline/nf-core-hic-src/modules/local/hicpro/get_valid_interaction.nf
  Script_e97de39ba83a9148: /scratch/g/vjin/Yu/hic_pipeline/nf-core-hic-src/modules/nf-core/fastqc/main.nf
  Script_3a9c2f77e06a0454: /scratch/g/vjin/Yu/hic_pipeline/nf-core-hic-src/modules/nf-core/cooler/cload/main.nf
  Script_bd46fb31b7f6a044: /scratch/g/vjin/Yu/hic_pipeline/nf-core-hic-src/modules/nf-core/bowtie2/align/main.nf
  Script_f2e385ea62815ae8: /scratch/g/vjin/Yu/hic_pipeline/nf-core-hic-src/main.nf
  Script_f9957a9aacf83ca4: /scratch/g/vjin/Yu/hic_pipeline/nf-core-hic-src/modules/local/hicpro/build_contact_maps.nf
  Script_3450352db1e83ecc: /scratch/g/vjin/Yu/hic_pipeline/nf-core-hic-src/subworkflows/local/tads.nf
  Script_e225c7756a3a45f6: /scratch/g/vjin/Yu/hic_pipeline/nf-core-hic-src/modules/nf-core/cooler/dump/main.nf
  Script_1972fe802df2c0c0: /scratch/g/vjin/Yu/hic_pipeline/nf-core-hic-src/subworkflows/local/input_check.nf
  Script_2c67feedae739d52: /scratch/g/vjin/Yu/hic_pipeline/nf-core-hic-src/modules/local/samplesheet_check.nf
  Script_8deb0e4766c10dd2: /scratch/g/vjin/Yu/hic_pipeline/nf-core-hic-src/modules/local/hicpro/dnase_mapping_stats.nf
  Script_3a616855fe67934c: /scratch/g/vjin/Yu/hic_pipeline/nf-core-hic-src/modules/local/cooltools/insulation.nf
  Script_7ce4044abeea1865: /scratch/g/vjin/Yu/hic_pipeline/nf-core-hic-src/modules/nf-core/cooler/makebins/main.nf
  Script_b2c48862e91117a1: /scratch/g/vjin/Yu/hic_pipeline/nf-core-hic-src/modules/local/hicexplorer/hicFindTADs.nf
  Script_36edeae94666a272: /scratch/g/vjin/Yu/hic_pipeline/nf-core-hic-src/modules/nf-core/custom/getchromsizes/main.nf
  Script_55f681128e921730: /scratch/g/vjin/Yu/hic_pipeline/nf-core-hic-src/modules/local/hicpro/merge_valid_interaction.nf
  Script_2048f830b62051cf: /scratch/g/vjin/Yu/hic_pipeline/nf-core-hic-src/workflows/hic.nf
  Script_8b9424b422c67ab8: /scratch/g/vjin/Yu/hic_pipeline/nf-core-hic-src/modules/local/split_cooler_dump.nf
Aug-31 15:36:50.211 [main] DEBUG nextflow.script.ScriptRunner - > Awaiting termination 
Aug-31 15:36:50.211 [main] DEBUG nextflow.Session - Session await
Aug-31 15:36:50.237 [Actor Thread 26] DEBUG nextflow.container.SingularityCache - Singularity found local store for image=https://depot.galaxyproject.org/singularity/mulled-v2-c6ff206325681cbb9c9ef890bb8de554172c0483:713df51cd897ceb893b9a6e6420f527d83c2ed95-0; path=/scratch/g/vjin/Yu/hic_pipeline/work/singularity/depot.galaxyproject.org-singularity-mulled-v2-c6ff206325681cbb9c9ef890bb8de554172c0483-713df51cd897ceb893b9a6e6420f527d83c2ed95-0.img
Aug-31 15:36:50.248 [Actor Thread 28] DEBUG nextflow.container.SingularityCache - Singularity found local store for image=https://depot.galaxyproject.org/singularity/cooler:0.8.11--pyh3252c3a_0; path=/scratch/g/vjin/Yu/hic_pipeline/work/singularity/depot.galaxyproject.org-singularity-cooler-0.8.11--pyh3252c3a_0.img
Aug-31 15:36:50.282 [Actor Thread 18] DEBUG nextflow.sort.BigSort - Sort completed -- entries: 1; slices: 1; internal sort time: 0.0 s; external sort time: 0.006 s; total time: 0.006 s
Aug-31 15:36:50.284 [Actor Thread 27] DEBUG nextflow.sort.BigSort - Sort completed -- entries: 1; slices: 1; internal sort time: 0.001 s; external sort time: 0.013 s; total time: 0.014 s
Aug-31 15:36:50.313 [Actor Thread 18] DEBUG nextflow.file.FileCollector - Saved collect-files list to: /scratch/g/vjin/Yu/hic_pipeline/work_batch_DTB-008-BL/collect-file/bf3207bb68d3ffb7c213300cee043cbc
Aug-31 15:36:50.319 [Actor Thread 18] DEBUG nextflow.file.FileCollector - Deleting file collector temp dir: /tmp/nxf-5038022444062566896
Aug-31 15:36:50.320 [Actor Thread 27] DEBUG nextflow.file.FileCollector - Saved collect-files list to: /scratch/g/vjin/Yu/hic_pipeline/work_batch_DTB-008-BL/collect-file/bf3207bb68d3ffb7c213300cee043cbc
Aug-31 15:36:50.321 [Actor Thread 27] DEBUG nextflow.file.FileCollector - Deleting file collector temp dir: /tmp/nxf-5858954769348497507
Aug-31 15:36:50.403 [Task submitter] DEBUG nextflow.executor.GridTaskHandler - [SLURM] submitted process NFCORE_HIC:HIC:INPUT_CHECK:SAMPLESHEET_CHECK (samplesheet.csv) > jobId: 7505686; workDir: /scratch/g/vjin/Yu/hic_pipeline/work_batch_DTB-008-BL/8b/c2fb64add716d6121815b4d6e133bb
Aug-31 15:36:50.403 [Task submitter] INFO  nextflow.Session - [8b/c2fb64] Submitted process > NFCORE_HIC:HIC:INPUT_CHECK:SAMPLESHEET_CHECK (samplesheet.csv)
Aug-31 15:36:50.458 [Task submitter] DEBUG nextflow.executor.GridTaskHandler - [SLURM] submitted process NFCORE_HIC:HIC:PREPARE_GENOME:GET_RESTRICTION_FRAGMENTS (^GATC) > jobId: 7505687; workDir: /scratch/g/vjin/Yu/hic_pipeline/work_batch_DTB-008-BL/c6/40824bf311758e57e4c65cd53b1374
Aug-31 15:36:50.458 [Task submitter] INFO  nextflow.Session - [c6/40824b] Submitted process > NFCORE_HIC:HIC:PREPARE_GENOME:GET_RESTRICTION_FRAGMENTS (^GATC)
Aug-31 15:36:50.510 [Task submitter] DEBUG nextflow.executor.GridTaskHandler - [SLURM] submitted process NFCORE_HIC:HIC:COOLER:COOLER_MAKEBINS (null}) > jobId: 7505688; workDir: /scratch/g/vjin/Yu/hic_pipeline/work_batch_DTB-008-BL/46/ae4bb221b87a83f1ba525f339d120c
Aug-31 15:36:50.510 [Task submitter] INFO  nextflow.Session - [46/ae4bb2] Submitted process > NFCORE_HIC:HIC:COOLER:COOLER_MAKEBINS (null})
Aug-31 15:36:50.559 [Task submitter] DEBUG nextflow.executor.GridTaskHandler - [SLURM] submitted process NFCORE_HIC:HIC:COOLER:COOLER_MAKEBINS (null}) > jobId: 7505689; workDir: /scratch/g/vjin/Yu/hic_pipeline/work_batch_DTB-008-BL/9b/436530be17cd785776a51e771bc4a2
Aug-31 15:36:50.559 [Task submitter] INFO  nextflow.Session - [9b/436530] Submitted process > NFCORE_HIC:HIC:COOLER:COOLER_MAKEBINS (null})
Aug-31 15:36:50.609 [Task submitter] DEBUG nextflow.executor.GridTaskHandler - [SLURM] submitted process NFCORE_HIC:HIC:COOLER:COOLER_MAKEBINS (null}) > jobId: 7505690; workDir: /scratch/g/vjin/Yu/hic_pipeline/work_batch_DTB-008-BL/c7/f7ffb77906e698aff3076a905ea3ef
Aug-31 15:36:50.609 [Task submitter] INFO  nextflow.Session - [c7/f7ffb7] Submitted process > NFCORE_HIC:HIC:COOLER:COOLER_MAKEBINS (null})
Aug-31 15:36:59.635 [Task monitor] DEBUG n.processor.TaskPollingMonitor - Task completed > TaskHandler[jobId: 7505686; id: 1; name: NFCORE_HIC:HIC:INPUT_CHECK:SAMPLESHEET_CHECK (samplesheet.csv); status: COMPLETED; exit: 0; error: -; workDir: /scratch/g/vjin/Yu/hic_pipeline/work_batch_DTB-008-BL/8b/c2fb64add716d6121815b4d6e133bb started: 1788208614646; exited: 2026-08-31T20:36:57.02959197Z; ]
Aug-31 15:36:59.636 [Task monitor] DEBUG nextflow.util.ThreadPoolBuilder - Creating thread pool 'TaskFinalizer' minSize=10; maxSize=10; workQueue=LinkedBlockingQueue[-1]; allowCoreThreadTimeout=false
Aug-31 15:36:59.677 [TaskFinalizer-1] DEBUG nextflow.util.ThreadPoolBuilder - Creating thread pool 'PublishDir' minSize=10; maxSize=10; workQueue=LinkedBlockingQueue[-1]; allowCoreThreadTimeout=false
Aug-31 15:36:59.724 [Actor Thread 12] DEBUG nextflow.container.SingularityCache - Singularity found local store for image=https://depot.galaxyproject.org/singularity/mulled-v2-ac74a7f02cebcfcc07d8e8d1d750af9c83b4d45a:a0ffedb52808e102887f6ce600d092675bf3528a-0; path=/scratch/g/vjin/Yu/hic_pipeline/work/singularity/depot.galaxyproject.org-singularity-mulled-v2-ac74a7f02cebcfcc07d8e8d1d750af9c83b4d45a-a0ffedb52808e102887f6ce600d092675bf3528a-0.img
Aug-31 15:36:59.729 [Actor Thread 12] DEBUG nextflow.container.SingularityCache - Singularity found local store for image=https://depot.galaxyproject.org/singularity/fastqc:0.11.9--0; path=/scratch/g/vjin/Yu/hic_pipeline/work/singularity/depot.galaxyproject.org-singularity-fastqc-0.11.9--0.img
Aug-31 15:36:59.787 [Task submitter] DEBUG nextflow.executor.GridTaskHandler - [SLURM] submitted process NFCORE_HIC:HIC:HICPRO:HICPRO_MAPPING:BOWTIE2_ALIGN (DTB-008-BL) > jobId: 7505691; workDir: /scratch/g/vjin/Yu/hic_pipeline/work_batch_DTB-008-BL/25/58bbbfaecadcfef9746cc4acc463c7
Aug-31 15:36:59.787 [Task submitter] INFO  nextflow.Session - [25/58bbbf] Submitted process > NFCORE_HIC:HIC:HICPRO:HICPRO_MAPPING:BOWTIE2_ALIGN (DTB-008-BL)
Aug-31 15:36:59.835 [Task submitter] DEBUG nextflow.executor.GridTaskHandler - [SLURM] submitted process NFCORE_HIC:HIC:HICPRO:HICPRO_MAPPING:BOWTIE2_ALIGN (DTB-008-BL) > jobId: 7505692; workDir: /scratch/g/vjin/Yu/hic_pipeline/work_batch_DTB-008-BL/cc/adffad3e5154ff92619b90d77a8c08
Aug-31 15:36:59.836 [Task submitter] INFO  nextflow.Session - [cc/adffad] Submitted process > NFCORE_HIC:HIC:HICPRO:HICPRO_MAPPING:BOWTIE2_ALIGN (DTB-008-BL)
Aug-31 15:36:59.886 [Task submitter] DEBUG nextflow.executor.GridTaskHandler - [SLURM] submitted process NFCORE_HIC:HIC:FASTQC (DTB-008-BL) > jobId: 7505693; workDir: /scratch/g/vjin/Yu/hic_pipeline/work_batch_DTB-008-BL/4f/c93c60b322528e5c1ff36f84ef57b0
Aug-31 15:36:59.886 [Task submitter] INFO  nextflow.Session - [4f/c93c60] Submitted process > NFCORE_HIC:HIC:FASTQC (DTB-008-BL)
Aug-31 15:37:24.638 [Task monitor] DEBUG n.processor.TaskPollingMonitor - Task completed > TaskHandler[jobId: 7505688; id: 3; name: NFCORE_HIC:HIC:COOLER:COOLER_MAKEBINS (null}); status: COMPLETED; exit: 0; error: -; workDir: /scratch/g/vjin/Yu/hic_pipeline/work_batch_DTB-008-BL/46/ae4bb221b87a83f1ba525f339d120c started: 1788208614655; exited: 2026-08-31T20:37:04.997302484Z; ]
Aug-31 15:37:24.643 [Task monitor] DEBUG n.processor.TaskPollingMonitor - Task completed > TaskHandler[jobId: 7505689; id: 4; name: NFCORE_HIC:HIC:COOLER:COOLER_MAKEBINS (null}); status: COMPLETED; exit: 0; error: -; workDir: /scratch/g/vjin/Yu/hic_pipeline/work_batch_DTB-008-BL/9b/436530be17cd785776a51e771bc4a2 started: 1788208614657; exited: 2026-08-31T20:37:05.089427074Z; ]
Aug-31 15:37:24.647 [Task monitor] DEBUG n.processor.TaskPollingMonitor - Task completed > TaskHandler[jobId: 7505690; id: 5; name: NFCORE_HIC:HIC:COOLER:COOLER_MAKEBINS (null}); status: COMPLETED; exit: 0; error: -; workDir: /scratch/g/vjin/Yu/hic_pipeline/work_batch_DTB-008-BL/c7/f7ffb77906e698aff3076a905ea3ef started: 1788208614660; exited: 2026-08-31T20:37:05.008843902Z; ]
Aug-31 15:39:54.643 [Task monitor] DEBUG n.processor.TaskPollingMonitor - Task completed > TaskHandler[jobId: 7505687; id: 2; name: NFCORE_HIC:HIC:PREPARE_GENOME:GET_RESTRICTION_FRAGMENTS (^GATC); status: COMPLETED; exit: 0; error: -; workDir: /scratch/g/vjin/Yu/hic_pipeline/work_batch_DTB-008-BL/c6/40824bf311758e57e4c65cd53b1374 started: 1788208614652; exited: 2026-08-31T20:39:19.49634839Z; ]
Aug-31 15:41:54.647 [Task monitor] DEBUG n.processor.TaskPollingMonitor - !! executor slurm > tasks to be completed: 3 -- submitted tasks are shown below
~> TaskHandler[jobId: 7505691; id: 7; name: NFCORE_HIC:HIC:HICPRO:HICPRO_MAPPING:BOWTIE2_ALIGN (DTB-008-BL); status: RUNNING; exit: -; error: -; workDir: /scratch/g/vjin/Yu/hic_pipeline/work_batch_DTB-008-BL/25/58bbbfaecadcfef9746cc4acc463c7 started: 1788208654638; exited: -; ]
~> TaskHandler[jobId: 7505692; id: 8; name: NFCORE_HIC:HIC:HICPRO:HICPRO_MAPPING:BOWTIE2_ALIGN (DTB-008-BL); status: RUNNING; exit: -; error: -; workDir: /scratch/g/vjin/Yu/hic_pipeline/work_batch_DTB-008-BL/cc/adffad3e5154ff92619b90d77a8c08 started: 1788208654641; exited: -; ]
~> TaskHandler[jobId: 7505693; id: 6; name: NFCORE_HIC:HIC:FASTQC (DTB-008-BL); status: RUNNING; exit: -; error: -; workDir: /scratch/g/vjin/Yu/hic_pipeline/work_batch_DTB-008-BL/4f/c93c60b322528e5c1ff36f84ef57b0 started: 1788208654644; exited: -; ]
Aug-31 15:46:54.662 [Task monitor] DEBUG n.processor.TaskPollingMonitor - !! executor slurm > tasks to be completed: 3 -- submitted tasks are shown below
~> TaskHandler[jobId: 7505691; id: 7; name: NFCORE_HIC:HIC:HICPRO:HICPRO_MAPPING:BOWTIE2_ALIGN (DTB-008-BL); status: RUNNING; exit: -; error: -; workDir: /scratch/g/vjin/Yu/hic_pipeline/work_batch_DTB-008-BL/25/58bbbfaecadcfef9746cc4acc463c7 started: 1788208654638; exited: -; ]
~> TaskHandler[jobId: 7505692; id: 8; name: NFCORE_HIC:HIC:HICPRO:HICPRO_MAPPING:BOWTIE2_ALIGN (DTB-008-BL); status: RUNNING; exit: -; error: -; workDir: /scratch/g/vjin/Yu/hic_pipeline/work_batch_DTB-008-BL/cc/adffad3e5154ff92619b90d77a8c08 started: 1788208654641; exited: -; ]
~> TaskHandler[jobId: 7505693; id: 6; name: NFCORE_HIC:HIC:FASTQC (DTB-008-BL); status: RUNNING; exit: -; error: -; workDir: /scratch/g/vjin/Yu/hic_pipeline/work_batch_DTB-008-BL/4f/c93c60b322528e5c1ff36f84ef57b0 started: 1788208654644; exited: -; ]
Aug-31 15:51:54.676 [Task monitor] DEBUG n.processor.TaskPollingMonitor - !! executor slurm > tasks to be completed: 3 -- submitted tasks are shown below
~> TaskHandler[jobId: 7505691; id: 7; name: NFCORE_HIC:HIC:HICPRO:HICPRO_MAPPING:BOWTIE2_ALIGN (DTB-008-BL); status: RUNNING; exit: -; error: -; workDir: /scratch/g/vjin/Yu/hic_pipeline/work_batch_DTB-008-BL/25/58bbbfaecadcfef9746cc4acc463c7 started: 1788208654638; exited: -; ]
~> TaskHandler[jobId: 7505692; id: 8; name: NFCORE_HIC:HIC:HICPRO:HICPRO_MAPPING:BOWTIE2_ALIGN (DTB-008-BL); status: RUNNING; exit: -; error: -; workDir: /scratch/g/vjin/Yu/hic_pipeline/work_batch_DTB-008-BL/cc/adffad3e5154ff92619b90d77a8c08 started: 1788208654641; exited: -; ]
~> TaskHandler[jobId: 7505693; id: 6; name: NFCORE_HIC:HIC:FASTQC (DTB-008-BL); status: RUNNING; exit: -; error: -; workDir: /scratch/g/vjin/Yu/hic_pipeline/work_batch_DTB-008-BL/4f/c93c60b322528e5c1ff36f84ef57b0 started: 1788208654644; exited: -; ]
Aug-31 15:56:54.688 [Task monitor] DEBUG n.processor.TaskPollingMonitor - !! executor slurm > tasks to be completed: 3 -- submitted tasks are shown below
~> TaskHandler[jobId: 7505691; id: 7; name: NFCORE_HIC:HIC:HICPRO:HICPRO_MAPPING:BOWTIE2_ALIGN (DTB-008-BL); status: RUNNING; exit: -; error: -; workDir: /scratch/g/vjin/Yu/hic_pipeline/work_batch_DTB-008-BL/25/58bbbfaecadcfef9746cc4acc463c7 started: 1788208654638; exited: -; ]
~> TaskHandler[jobId: 7505692; id: 8; name: NFCORE_HIC:HIC:HICPRO:HICPRO_MAPPING:BOWTIE2_ALIGN (DTB-008-BL); status: RUNNING; exit: -; error: -; workDir: /scratch/g/vjin/Yu/hic_pipeline/work_batch_DTB-008-BL/cc/adffad3e5154ff92619b90d77a8c08 started: 1788208654641; exited: -; ]
~> TaskHandler[jobId: 7505693; id: 6; name: NFCORE_HIC:HIC:FASTQC (DTB-008-BL); status: RUNNING; exit: -; error: -; workDir: /scratch/g/vjin/Yu/hic_pipeline/work_batch_DTB-008-BL/4f/c93c60b322528e5c1ff36f84ef57b0 started: 1788208654644; exited: -; ]
Aug-31 16:01:54.706 [Task monitor] DEBUG n.processor.TaskPollingMonitor - !! executor slurm > tasks to be completed: 3 -- submitted tasks are shown below
~> TaskHandler[jobId: 7505691; id: 7; name: NFCORE_HIC:HIC:HICPRO:HICPRO_MAPPING:BOWTIE2_ALIGN (DTB-008-BL); status: RUNNING; exit: -; error: -; workDir: /scratch/g/vjin/Yu/hic_pipeline/work_batch_DTB-008-BL/25/58bbbfaecadcfef9746cc4acc463c7 started: 1788208654638; exited: -; ]
~> TaskHandler[jobId: 7505692; id: 8; name: NFCORE_HIC:HIC:HICPRO:HICPRO_MAPPING:BOWTIE2_ALIGN (DTB-008-BL); status: RUNNING; exit: -; error: -; workDir: /scratch/g/vjin/Yu/hic_pipeline/work_batch_DTB-008-BL/cc/adffad3e5154ff92619b90d77a8c08 started: 1788208654641; exited: -; ]
~> TaskHandler[jobId: 7505693; id: 6; name: NFCORE_HIC:HIC:FASTQC (DTB-008-BL); status: RUNNING; exit: -; error: -; workDir: /scratch/g/vjin/Yu/hic_pipeline/work_batch_DTB-008-BL/4f/c93c60b322528e5c1ff36f84ef57b0 started: 1788208654644; exited: -; ]
Aug-31 16:06:54.722 [Task monitor] DEBUG n.processor.TaskPollingMonitor - !! executor slurm > tasks to be completed: 3 -- submitted tasks are shown below
~> TaskHandler[jobId: 7505691; id: 7; name: NFCORE_HIC:HIC:HICPRO:HICPRO_MAPPING:BOWTIE2_ALIGN (DTB-008-BL); status: RUNNING; exit: -; error: -; workDir: /scratch/g/vjin/Yu/hic_pipeline/work_batch_DTB-008-BL/25/58bbbfaecadcfef9746cc4acc463c7 started: 1788208654638; exited: -; ]
~> TaskHandler[jobId: 7505692; id: 8; name: NFCORE_HIC:HIC:HICPRO:HICPRO_MAPPING:BOWTIE2_ALIGN (DTB-008-BL); status: RUNNING; exit: -; error: -; workDir: /scratch/g/vjin/Yu/hic_pipeline/work_batch_DTB-008-BL/cc/adffad3e5154ff92619b90d77a8c08 started: 1788208654641; exited: -; ]
~> TaskHandler[jobId: 7505693; id: 6; name: NFCORE_HIC:HIC:FASTQC (DTB-008-BL); status: RUNNING; exit: -; error: -; workDir: /scratch/g/vjin/Yu/hic_pipeline/work_batch_DTB-008-BL/4f/c93c60b322528e5c1ff36f84ef57b0 started: 1788208654644; exited: -; ]
Aug-31 16:11:54.737 [Task monitor] DEBUG n.processor.TaskPollingMonitor - !! executor slurm > tasks to be completed: 3 -- submitted tasks are shown below
~> TaskHandler[jobId: 7505691; id: 7; name: NFCORE_HIC:HIC:HICPRO:HICPRO_MAPPING:BOWTIE2_ALIGN (DTB-008-BL); status: RUNNING; exit: -; error: -; workDir: /scratch/g/vjin/Yu/hic_pipeline/work_batch_DTB-008-BL/25/58bbbfaecadcfef9746cc4acc463c7 started: 1788208654638; exited: -; ]
~> TaskHandler[jobId: 7505692; id: 8; name: NFCORE_HIC:HIC:HICPRO:HICPRO_MAPPING:BOWTIE2_ALIGN (DTB-008-BL); status: RUNNING; exit: -; error: -; workDir: /scratch/g/vjin/Yu/hic_pipeline/work_batch_DTB-008-BL/cc/adffad3e5154ff92619b90d77a8c08 started: 1788208654641; exited: -; ]
~> TaskHandler[jobId: 7505693; id: 6; name: NFCORE_HIC:HIC:FASTQC (DTB-008-BL); status: RUNNING; exit: -; error: -; workDir: /scratch/g/vjin/Yu/hic_pipeline/work_batch_DTB-008-BL/4f/c93c60b322528e5c1ff36f84ef57b0 started: 1788208654644; exited: -; ]
Aug-31 16:16:54.744 [Task monitor] DEBUG n.processor.TaskPollingMonitor - !! executor slurm > tasks to be completed: 3 -- submitted tasks are shown below
~> TaskHandler[jobId: 7505691; id: 7; name: NFCORE_HIC:HIC:HICPRO:HICPRO_MAPPING:BOWTIE2_ALIGN (DTB-008-BL); status: RUNNING; exit: -; error: -; workDir: /scratch/g/vjin/Yu/hic_pipeline/work_batch_DTB-008-BL/25/58bbbfaecadcfef9746cc4acc463c7 started: 1788208654638; exited: -; ]
~> TaskHandler[jobId: 7505692; id: 8; name: NFCORE_HIC:HIC:HICPRO:HICPRO_MAPPING:BOWTIE2_ALIGN (DTB-008-BL); status: RUNNING; exit: -; error: -; workDir: /scratch/g/vjin/Yu/hic_pipeline/work_batch_DTB-008-BL/cc/adffad3e5154ff92619b90d77a8c08 started: 1788208654641; exited: -; ]
~> TaskHandler[jobId: 7505693; id: 6; name: NFCORE_HIC:HIC:FASTQC (DTB-008-BL); status: RUNNING; exit: -; error: -; workDir: /scratch/g/vjin/Yu/hic_pipeline/work_batch_DTB-008-BL/4f/c93c60b322528e5c1ff36f84ef57b0 started: 1788208654644; exited: -; ]
Aug-31 16:21:54.752 [Task monitor] DEBUG n.processor.TaskPollingMonitor - !! executor slurm > tasks to be completed: 3 -- submitted tasks are shown below
~> TaskHandler[jobId: 7505691; id: 7; name: NFCORE_HIC:HIC:HICPRO:HICPRO_MAPPING:BOWTIE2_ALIGN (DTB-008-BL); status: RUNNING; exit: -; error: -; workDir: /scratch/g/vjin/Yu/hic_pipeline/work_batch_DTB-008-BL/25/58bbbfaecadcfef9746cc4acc463c7 started: 1788208654638; exited: -; ]
~> TaskHandler[jobId: 7505692; id: 8; name: NFCORE_HIC:HIC:HICPRO:HICPRO_MAPPING:BOWTIE2_ALIGN (DTB-008-BL); status: RUNNING; exit: -; error: -; workDir: /scratch/g/vjin/Yu/hic_pipeline/work_batch_DTB-008-BL/cc/adffad3e5154ff92619b90d77a8c08 started: 1788208654641; exited: -; ]
~> TaskHandler[jobId: 7505693; id: 6; name: NFCORE_HIC:HIC:FASTQC (DTB-008-BL); status: RUNNING; exit: -; error: -; workDir: /scratch/g/vjin/Yu/hic_pipeline/work_batch_DTB-008-BL/4f/c93c60b322528e5c1ff36f84ef57b0 started: 1788208654644; exited: -; ]
Aug-31 16:26:54.763 [Task monitor] DEBUG n.processor.TaskPollingMonitor - !! executor slurm > tasks to be completed: 3 -- submitted tasks are shown below
~> TaskHandler[jobId: 7505691; id: 7; name: NFCORE_HIC:HIC:HICPRO:HICPRO_MAPPING:BOWTIE2_ALIGN (DTB-008-BL); status: RUNNING; exit: -; error: -; workDir: /scratch/g/vjin/Yu/hic_pipeline/work_batch_DTB-008-BL/25/58bbbfaecadcfef9746cc4acc463c7 started: 1788208654638; exited: -; ]
~> TaskHandler[jobId: 7505692; id: 8; name: NFCORE_HIC:HIC:HICPRO:HICPRO_MAPPING:BOWTIE2_ALIGN (DTB-008-BL); status: RUNNING; exit: -; error: -; workDir: /scratch/g/vjin/Yu/hic_pipeline/work_batch_DTB-008-BL/cc/adffad3e5154ff92619b90d77a8c08 started: 1788208654641; exited: -; ]
~> TaskHandler[jobId: 7505693; id: 6; name: NFCORE_HIC:HIC:FASTQC (DTB-008-BL); status: RUNNING; exit: -; error: -; workDir: /scratch/g/vjin/Yu/hic_pipeline/work_batch_DTB-008-BL/4f/c93c60b322528e5c1ff36f84ef57b0 started: 1788208654644; exited: -; ]
Aug-31 16:31:54.776 [Task monitor] DEBUG n.processor.TaskPollingMonitor - !! executor slurm > tasks to be completed: 3 -- submitted tasks are shown below
~> TaskHandler[jobId: 7505691; id: 7; name: NFCORE_HIC:HIC:HICPRO:HICPRO_MAPPING:BOWTIE2_ALIGN (DTB-008-BL); status: RUNNING; exit: -; error: -; workDir: /scratch/g/vjin/Yu/hic_pipeline/work_batch_DTB-008-BL/25/58bbbfaecadcfef9746cc4acc463c7 started: 1788208654638; exited: -; ]
~> TaskHandler[jobId: 7505692; id: 8; name: NFCORE_HIC:HIC:HICPRO:HICPRO_MAPPING:BOWTIE2_ALIGN (DTB-008-BL); status: RUNNING; exit: -; error: -; workDir: /scratch/g/vjin/Yu/hic_pipeline/work_batch_DTB-008-BL/cc/adffad3e5154ff92619b90d77a8c08 started: 1788208654641; exited: -; ]
~> TaskHandler[jobId: 7505693; id: 6; name: NFCORE_HIC:HIC:FASTQC (DTB-008-BL); status: RUNNING; exit: -; error: -; workDir: /scratch/g/vjin/Yu/hic_pipeline/work_batch_DTB-008-BL/4f/c93c60b322528e5c1ff36f84ef57b0 started: 1788208654644; exited: -; ]
Aug-31 16:36:54.792 [Task monitor] DEBUG n.processor.TaskPollingMonitor - !! executor slurm > tasks to be completed: 3 -- submitted tasks are shown below
~> TaskHandler[jobId: 7505691; id: 7; name: NFCORE_HIC:HIC:HICPRO:HICPRO_MAPPING:BOWTIE2_ALIGN (DTB-008-BL); status: RUNNING; exit: -; error: -; workDir: /scratch/g/vjin/Yu/hic_pipeline/work_batch_DTB-008-BL/25/58bbbfaecadcfef9746cc4acc463c7 started: 1788208654638; exited: -; ]
~> TaskHandler[jobId: 7505692; id: 8; name: NFCORE_HIC:HIC:HICPRO:HICPRO_MAPPING:BOWTIE2_ALIGN (DTB-008-BL); status: RUNNING; exit: -; error: -; workDir: /scratch/g/vjin/Yu/hic_pipeline/work_batch_DTB-008-BL/cc/adffad3e5154ff92619b90d77a8c08 started: 1788208654641; exited: -; ]
~> TaskHandler[jobId: 7505693; id: 6; name: NFCORE_HIC:HIC:FASTQC (DTB-008-BL); status: RUNNING; exit: -; error: -; workDir: /scratch/g/vjin/Yu/hic_pipeline/work_batch_DTB-008-BL/4f/c93c60b322528e5c1ff36f84ef57b0 started: 1788208654644; exited: -; ]
Aug-31 16:41:54.803 [Task monitor] DEBUG n.processor.TaskPollingMonitor - !! executor slurm > tasks to be completed: 3 -- submitted tasks are shown below
~> TaskHandler[jobId: 7505691; id: 7; name: NFCORE_HIC:HIC:HICPRO:HICPRO_MAPPING:BOWTIE2_ALIGN (DTB-008-BL); status: RUNNING; exit: -; error: -; workDir: /scratch/g/vjin/Yu/hic_pipeline/work_batch_DTB-008-BL/25/58bbbfaecadcfef9746cc4acc463c7 started: 1788208654638; exited: -; ]
~> TaskHandler[jobId: 7505692; id: 8; name: NFCORE_HIC:HIC:HICPRO:HICPRO_MAPPING:BOWTIE2_ALIGN (DTB-008-BL); status: RUNNING; exit: -; error: -; workDir: /scratch/g/vjin/Yu/hic_pipeline/work_batch_DTB-008-BL/cc/adffad3e5154ff92619b90d77a8c08 started: 1788208654641; exited: -; ]
~> TaskHandler[jobId: 7505693; id: 6; name: NFCORE_HIC:HIC:FASTQC (DTB-008-BL); status: RUNNING; exit: -; error: -; workDir: /scratch/g/vjin/Yu/hic_pipeline/work_batch_DTB-008-BL/4f/c93c60b322528e5c1ff36f84ef57b0 started: 1788208654644; exited: -; ]
Aug-31 16:46:54.814 [Task monitor] DEBUG n.processor.TaskPollingMonitor - !! executor slurm > tasks to be completed: 3 -- submitted tasks are shown below
~> TaskHandler[jobId: 7505691; id: 7; name: NFCORE_HIC:HIC:HICPRO:HICPRO_MAPPING:BOWTIE2_ALIGN (DTB-008-BL); status: RUNNING; exit: -; error: -; workDir: /scratch/g/vjin/Yu/hic_pipeline/work_batch_DTB-008-BL/25/58bbbfaecadcfef9746cc4acc463c7 started: 1788208654638; exited: -; ]
~> TaskHandler[jobId: 7505692; id: 8; name: NFCORE_HIC:HIC:HICPRO:HICPRO_MAPPING:BOWTIE2_ALIGN (DTB-008-BL); status: RUNNING; exit: -; error: -; workDir: /scratch/g/vjin/Yu/hic_pipeline/work_batch_DTB-008-BL/cc/adffad3e5154ff92619b90d77a8c08 started: 1788208654641; exited: -; ]
~> TaskHandler[jobId: 7505693; id: 6; name: NFCORE_HIC:HIC:FASTQC (DTB-008-BL); status: RUNNING; exit: -; error: -; workDir: /scratch/g/vjin/Yu/hic_pipeline/work_batch_DTB-008-BL/4f/c93c60b322528e5c1ff36f84ef57b0 started: 1788208654644; exited: -; ]
Aug-31 16:51:54.823 [Task monitor] DEBUG n.processor.TaskPollingMonitor - !! executor slurm > tasks to be completed: 3 -- submitted tasks are shown below
~> TaskHandler[jobId: 7505691; id: 7; name: NFCORE_HIC:HIC:HICPRO:HICPRO_MAPPING:BOWTIE2_ALIGN (DTB-008-BL); status: RUNNING; exit: -; error: -; workDir: /scratch/g/vjin/Yu/hic_pipeline/work_batch_DTB-008-BL/25/58bbbfaecadcfef9746cc4acc463c7 started: 1788208654638; exited: -; ]
~> TaskHandler[jobId: 7505692; id: 8; name: NFCORE_HIC:HIC:HICPRO:HICPRO_MAPPING:BOWTIE2_ALIGN (DTB-008-BL); status: RUNNING; exit: -; error: -; workDir: /scratch/g/vjin/Yu/hic_pipeline/work_batch_DTB-008-BL/cc/adffad3e5154ff92619b90d77a8c08 started: 1788208654641; exited: -; ]
~> TaskHandler[jobId: 7505693; id: 6; name: NFCORE_HIC:HIC:FASTQC (DTB-008-BL); status: RUNNING; exit: -; error: -; workDir: /scratch/g/vjin/Yu/hic_pipeline/work_batch_DTB-008-BL/4f/c93c60b322528e5c1ff36f84ef57b0 started: 1788208654644; exited: -; ]
Aug-31 16:56:54.838 [Task monitor] DEBUG n.processor.TaskPollingMonitor - !! executor slurm > tasks to be completed: 3 -- submitted tasks are shown below
~> TaskHandler[jobId: 7505691; id: 7; name: NFCORE_HIC:HIC:HICPRO:HICPRO_MAPPING:BOWTIE2_ALIGN (DTB-008-BL); status: RUNNING; exit: -; error: -; workDir: /scratch/g/vjin/Yu/hic_pipeline/work_batch_DTB-008-BL/25/58bbbfaecadcfef9746cc4acc463c7 started: 1788208654638; exited: -; ]
~> TaskHandler[jobId: 7505692; id: 8; name: NFCORE_HIC:HIC:HICPRO:HICPRO_MAPPING:BOWTIE2_ALIGN (DTB-008-BL); status: RUNNING; exit: -; error: -; workDir: /scratch/g/vjin/Yu/hic_pipeline/work_batch_DTB-008-BL/cc/adffad3e5154ff92619b90d77a8c08 started: 1788208654641; exited: -; ]
~> TaskHandler[jobId: 7505693; id: 6; name: NFCORE_HIC:HIC:FASTQC (DTB-008-BL); status: RUNNING; exit: -; error: -; workDir: /scratch/g/vjin/Yu/hic_pipeline/work_batch_DTB-008-BL/4f/c93c60b322528e5c1ff36f84ef57b0 started: 1788208654644; exited: -; ]
Aug-31 17:01:54.855 [Task monitor] DEBUG n.processor.TaskPollingMonitor - !! executor slurm > tasks to be completed: 3 -- submitted tasks are shown below
~> TaskHandler[jobId: 7505691; id: 7; name: NFCORE_HIC:HIC:HICPRO:HICPRO_MAPPING:BOWTIE2_ALIGN (DTB-008-BL); status: RUNNING; exit: -; error: -; workDir: /scratch/g/vjin/Yu/hic_pipeline/work_batch_DTB-008-BL/25/58bbbfaecadcfef9746cc4acc463c7 started: 1788208654638; exited: -; ]
~> TaskHandler[jobId: 7505692; id: 8; name: NFCORE_HIC:HIC:HICPRO:HICPRO_MAPPING:BOWTIE2_ALIGN (DTB-008-BL); status: RUNNING; exit: -; error: -; workDir: /scratch/g/vjin/Yu/hic_pipeline/work_batch_DTB-008-BL/cc/adffad3e5154ff92619b90d77a8c08 started: 1788208654641; exited: -; ]
~> TaskHandler[jobId: 7505693; id: 6; name: NFCORE_HIC:HIC:FASTQC (DTB-008-BL); status: RUNNING; exit: -; error: -; workDir: /scratch/g/vjin/Yu/hic_pipeline/work_batch_DTB-008-BL/4f/c93c60b322528e5c1ff36f84ef57b0 started: 1788208654644; exited: -; ]
Aug-31 17:06:54.869 [Task monitor] DEBUG n.processor.TaskPollingMonitor - !! executor slurm > tasks to be completed: 3 -- submitted tasks are shown below
~> TaskHandler[jobId: 7505691; id: 7; name: NFCORE_HIC:HIC:HICPRO:HICPRO_MAPPING:BOWTIE2_ALIGN (DTB-008-BL); status: RUNNING; exit: -; error: -; workDir: /scratch/g/vjin/Yu/hic_pipeline/work_batch_DTB-008-BL/25/58bbbfaecadcfef9746cc4acc463c7 started: 1788208654638; exited: -; ]
~> TaskHandler[jobId: 7505692; id: 8; name: NFCORE_HIC:HIC:HICPRO:HICPRO_MAPPING:BOWTIE2_ALIGN (DTB-008-BL); status: RUNNING; exit: -; error: -; workDir: /scratch/g/vjin/Yu/hic_pipeline/work_batch_DTB-008-BL/cc/adffad3e5154ff92619b90d77a8c08 started: 1788208654641; exited: -; ]
~> TaskHandler[jobId: 7505693; id: 6; name: NFCORE_HIC:HIC:FASTQC (DTB-008-BL); status: RUNNING; exit: -; error: -; workDir: /scratch/g/vjin/Yu/hic_pipeline/work_batch_DTB-008-BL/4f/c93c60b322528e5c1ff36f84ef57b0 started: 1788208654644; exited: -; ]
Aug-31 17:11:54.884 [Task monitor] DEBUG n.processor.TaskPollingMonitor - !! executor slurm > tasks to be completed: 3 -- submitted tasks are shown below
~> TaskHandler[jobId: 7505691; id: 7; name: NFCORE_HIC:HIC:HICPRO:HICPRO_MAPPING:BOWTIE2_ALIGN (DTB-008-BL); status: RUNNING; exit: -; error: -; workDir: /scratch/g/vjin/Yu/hic_pipeline/work_batch_DTB-008-BL/25/58bbbfaecadcfef9746cc4acc463c7 started: 1788208654638; exited: -; ]
~> TaskHandler[jobId: 7505692; id: 8; name: NFCORE_HIC:HIC:HICPRO:HICPRO_MAPPING:BOWTIE2_ALIGN (DTB-008-BL); status: RUNNING; exit: -; error: -; workDir: /scratch/g/vjin/Yu/hic_pipeline/work_batch_DTB-008-BL/cc/adffad3e5154ff92619b90d77a8c08 started: 1788208654641; exited: -; ]
~> TaskHandler[jobId: 7505693; id: 6; name: NFCORE_HIC:HIC:FASTQC (DTB-008-BL); status: RUNNING; exit: -; error: -; workDir: /scratch/g/vjin/Yu/hic_pipeline/work_batch_DTB-008-BL/4f/c93c60b322528e5c1ff36f84ef57b0 started: 1788208654644; exited: -; ]
Aug-31 17:16:54.901 [Task monitor] DEBUG n.processor.TaskPollingMonitor - !! executor slurm > tasks to be completed: 3 -- submitted tasks are shown below
~> TaskHandler[jobId: 7505691; id: 7; name: NFCORE_HIC:HIC:HICPRO:HICPRO_MAPPING:BOWTIE2_ALIGN (DTB-008-BL); status: RUNNING; exit: -; error: -; workDir: /scratch/g/vjin/Yu/hic_pipeline/work_batch_DTB-008-BL/25/58bbbfaecadcfef9746cc4acc463c7 started: 1788208654638; exited: -; ]
~> TaskHandler[jobId: 7505692; id: 8; name: NFCORE_HIC:HIC:HICPRO:HICPRO_MAPPING:BOWTIE2_ALIGN (DTB-008-BL); status: RUNNING; exit: -; error: -; workDir: /scratch/g/vjin/Yu/hic_pipeline/work_batch_DTB-008-BL/cc/adffad3e5154ff92619b90d77a8c08 started: 1788208654641; exited: -; ]
~> TaskHandler[jobId: 7505693; id: 6; name: NFCORE_HIC:HIC:FASTQC (DTB-008-BL); status: RUNNING; exit: -; error: -; workDir: /scratch/g/vjin/Yu/hic_pipeline/work_batch_DTB-008-BL/4f/c93c60b322528e5c1ff36f84ef57b0 started: 1788208654644; exited: -; ]
Aug-31 17:21:54.915 [Task monitor] DEBUG n.processor.TaskPollingMonitor - !! executor slurm > tasks to be completed: 3 -- submitted tasks are shown below
~> TaskHandler[jobId: 7505691; id: 7; name: NFCORE_HIC:HIC:HICPRO:HICPRO_MAPPING:BOWTIE2_ALIGN (DTB-008-BL); status: RUNNING; exit: -; error: -; workDir: /scratch/g/vjin/Yu/hic_pipeline/work_batch_DTB-008-BL/25/58bbbfaecadcfef9746cc4acc463c7 started: 1788208654638; exited: -; ]
~> TaskHandler[jobId: 7505692; id: 8; name: NFCORE_HIC:HIC:HICPRO:HICPRO_MAPPING:BOWTIE2_ALIGN (DTB-008-BL); status: RUNNING; exit: -; error: -; workDir: /scratch/g/vjin/Yu/hic_pipeline/work_batch_DTB-008-BL/cc/adffad3e5154ff92619b90d77a8c08 started: 1788208654641; exited: -; ]
~> TaskHandler[jobId: 7505693; id: 6; name: NFCORE_HIC:HIC:FASTQC (DTB-008-BL); status: RUNNING; exit: -; error: -; workDir: /scratch/g/vjin/Yu/hic_pipeline/work_batch_DTB-008-BL/4f/c93c60b322528e5c1ff36f84ef57b0 started: 1788208654644; exited: -; ]
Aug-31 17:26:54.931 [Task monitor] DEBUG n.processor.TaskPollingMonitor - !! executor slurm > tasks to be completed: 3 -- submitted tasks are shown below
~> TaskHandler[jobId: 7505691; id: 7; name: NFCORE_HIC:HIC:HICPRO:HICPRO_MAPPING:BOWTIE2_ALIGN (DTB-008-BL); status: RUNNING; exit: -; error: -; workDir: /scratch/g/vjin/Yu/hic_pipeline/work_batch_DTB-008-BL/25/58bbbfaecadcfef9746cc4acc463c7 started: 1788208654638; exited: -; ]
~> TaskHandler[jobId: 7505692; id: 8; name: NFCORE_HIC:HIC:HICPRO:HICPRO_MAPPING:BOWTIE2_ALIGN (DTB-008-BL); status: RUNNING; exit: -; error: -; workDir: /scratch/g/vjin/Yu/hic_pipeline/work_batch_DTB-008-BL/cc/adffad3e5154ff92619b90d77a8c08 started: 1788208654641; exited: -; ]
~> TaskHandler[jobId: 7505693; id: 6; name: NFCORE_HIC:HIC:FASTQC (DTB-008-BL); status: RUNNING; exit: -; error: -; workDir: /scratch/g/vjin/Yu/hic_pipeline/work_batch_DTB-008-BL/4f/c93c60b322528e5c1ff36f84ef57b0 started: 1788208654644; exited: -; ]
Aug-31 17:31:54.944 [Task monitor] DEBUG n.processor.TaskPollingMonitor - !! executor slurm > tasks to be completed: 3 -- submitted tasks are shown below
~> TaskHandler[jobId: 7505691; id: 7; name: NFCORE_HIC:HIC:HICPRO:HICPRO_MAPPING:BOWTIE2_ALIGN (DTB-008-BL); status: RUNNING; exit: -; error: -; workDir: /scratch/g/vjin/Yu/hic_pipeline/work_batch_DTB-008-BL/25/58bbbfaecadcfef9746cc4acc463c7 started: 1788208654638; exited: -; ]
~> TaskHandler[jobId: 7505692; id: 8; name: NFCORE_HIC:HIC:HICPRO:HICPRO_MAPPING:BOWTIE2_ALIGN (DTB-008-BL); status: RUNNING; exit: -; error: -; workDir: /scratch/g/vjin/Yu/hic_pipeline/work_batch_DTB-008-BL/cc/adffad3e5154ff92619b90d77a8c08 started: 1788208654641; exited: -; ]
~> TaskHandler[jobId: 7505693; id: 6; name: NFCORE_HIC:HIC:FASTQC (DTB-008-BL); status: RUNNING; exit: -; error: -; workDir: /scratch/g/vjin/Yu/hic_pipeline/work_batch_DTB-008-BL/4f/c93c60b322528e5c1ff36f84ef57b0 started: 1788208654644; exited: -; ]
Aug-31 17:36:54.959 [Task monitor] DEBUG n.processor.TaskPollingMonitor - !! executor slurm > tasks to be completed: 3 -- submitted tasks are shown below
~> TaskHandler[jobId: 7505691; id: 7; name: NFCORE_HIC:HIC:HICPRO:HICPRO_MAPPING:BOWTIE2_ALIGN (DTB-008-BL); status: RUNNING; exit: -; error: -; workDir: /scratch/g/vjin/Yu/hic_pipeline/work_batch_DTB-008-BL/25/58bbbfaecadcfef9746cc4acc463c7 started: 1788208654638; exited: -; ]
~> TaskHandler[jobId: 7505692; id: 8; name: NFCORE_HIC:HIC:HICPRO:HICPRO_MAPPING:BOWTIE2_ALIGN (DTB-008-BL); status: RUNNING; exit: -; error: -; workDir: /scratch/g/vjin/Yu/hic_pipeline/work_batch_DTB-008-BL/cc/adffad3e5154ff92619b90d77a8c08 started: 1788208654641; exited: -; ]
~> TaskHandler[jobId: 7505693; id: 6; name: NFCORE_HIC:HIC:FASTQC (DTB-008-BL); status: RUNNING; exit: -; error: -; workDir: /scratch/g/vjin/Yu/hic_pipeline/work_batch_DTB-008-BL/4f/c93c60b322528e5c1ff36f84ef57b0 started: 1788208654644; exited: -; ]
Aug-31 17:41:54.971 [Task monitor] DEBUG n.processor.TaskPollingMonitor - !! executor slurm > tasks to be completed: 3 -- submitted tasks are shown below
~> TaskHandler[jobId: 7505691; id: 7; name: NFCORE_HIC:HIC:HICPRO:HICPRO_MAPPING:BOWTIE2_ALIGN (DTB-008-BL); status: RUNNING; exit: -; error: -; workDir: /scratch/g/vjin/Yu/hic_pipeline/work_batch_DTB-008-BL/25/58bbbfaecadcfef9746cc4acc463c7 started: 1788208654638; exited: -; ]
~> TaskHandler[jobId: 7505692; id: 8; name: NFCORE_HIC:HIC:HICPRO:HICPRO_MAPPING:BOWTIE2_ALIGN (DTB-008-BL); status: RUNNING; exit: -; error: -; workDir: /scratch/g/vjin/Yu/hic_pipeline/work_batch_DTB-008-BL/cc/adffad3e5154ff92619b90d77a8c08 started: 1788208654641; exited: -; ]
~> TaskHandler[jobId: 7505693; id: 6; name: NFCORE_HIC:HIC:FASTQC (DTB-008-BL); status: RUNNING; exit: -; error: -; workDir: /scratch/g/vjin/Yu/hic_pipeline/work_batch_DTB-008-BL/4f/c93c60b322528e5c1ff36f84ef57b0 started: 1788208654644; exited: -; ]
Aug-31 17:46:54.988 [Task monitor] DEBUG n.processor.TaskPollingMonitor - !! executor slurm > tasks to be completed: 3 -- submitted tasks are shown below
~> TaskHandler[jobId: 7505691; id: 7; name: NFCORE_HIC:HIC:HICPRO:HICPRO_MAPPING:BOWTIE2_ALIGN (DTB-008-BL); status: RUNNING; exit: -; error: -; workDir: /scratch/g/vjin/Yu/hic_pipeline/work_batch_DTB-008-BL/25/58bbbfaecadcfef9746cc4acc463c7 started: 1788208654638; exited: -; ]
~> TaskHandler[jobId: 7505692; id: 8; name: NFCORE_HIC:HIC:HICPRO:HICPRO_MAPPING:BOWTIE2_ALIGN (DTB-008-BL); status: RUNNING; exit: -; error: -; workDir: /scratch/g/vjin/Yu/hic_pipeline/work_batch_DTB-008-BL/cc/adffad3e5154ff92619b90d77a8c08 started: 1788208654641; exited: -; ]
~> TaskHandler[jobId: 7505693; id: 6; name: NFCORE_HIC:HIC:FASTQC (DTB-008-BL); status: RUNNING; exit: -; error: -; workDir: /scratch/g/vjin/Yu/hic_pipeline/work_batch_DTB-008-BL/4f/c93c60b322528e5c1ff36f84ef57b0 started: 1788208654644; exited: -; ]
Aug-31 17:51:55.003 [Task monitor] DEBUG n.processor.TaskPollingMonitor - !! executor slurm > tasks to be completed: 3 -- submitted tasks are shown below
~> TaskHandler[jobId: 7505691; id: 7; name: NFCORE_HIC:HIC:HICPRO:HICPRO_MAPPING:BOWTIE2_ALIGN (DTB-008-BL); status: RUNNING; exit: -; error: -; workDir: /scratch/g/vjin/Yu/hic_pipeline/work_batch_DTB-008-BL/25/58bbbfaecadcfef9746cc4acc463c7 started: 1788208654638; exited: -; ]
~> TaskHandler[jobId: 7505692; id: 8; name: NFCORE_HIC:HIC:HICPRO:HICPRO_MAPPING:BOWTIE2_ALIGN (DTB-008-BL); status: RUNNING; exit: -; error: -; workDir: /scratch/g/vjin/Yu/hic_pipeline/work_batch_DTB-008-BL/cc/adffad3e5154ff92619b90d77a8c08 started: 1788208654641; exited: -; ]
~> TaskHandler[jobId: 7505693; id: 6; name: NFCORE_HIC:HIC:FASTQC (DTB-008-BL); status: RUNNING; exit: -; error: -; workDir: /scratch/g/vjin/Yu/hic_pipeline/work_batch_DTB-008-BL/4f/c93c60b322528e5c1ff36f84ef57b0 started: 1788208654644; exited: -; ]
Aug-31 17:56:55.018 [Task monitor] DEBUG n.processor.TaskPollingMonitor - !! executor slurm > tasks to be completed: 3 -- submitted tasks are shown below
~> TaskHandler[jobId: 7505691; id: 7; name: NFCORE_HIC:HIC:HICPRO:HICPRO_MAPPING:BOWTIE2_ALIGN (DTB-008-BL); status: RUNNING; exit: -; error: -; workDir: /scratch/g/vjin/Yu/hic_pipeline/work_batch_DTB-008-BL/25/58bbbfaecadcfef9746cc4acc463c7 started: 1788208654638; exited: -; ]
~> TaskHandler[jobId: 7505692; id: 8; name: NFCORE_HIC:HIC:HICPRO:HICPRO_MAPPING:BOWTIE2_ALIGN (DTB-008-BL); status: RUNNING; exit: -; error: -; workDir: /scratch/g/vjin/Yu/hic_pipeline/work_batch_DTB-008-BL/cc/adffad3e5154ff92619b90d77a8c08 started: 1788208654641; exited: -; ]
~> TaskHandler[jobId: 7505693; id: 6; name: NFCORE_HIC:HIC:FASTQC (DTB-008-BL); status: RUNNING; exit: -; error: -; workDir: /scratch/g/vjin/Yu/hic_pipeline/work_batch_DTB-008-BL/4f/c93c60b322528e5c1ff36f84ef57b0 started: 1788208654644; exited: -; ]
Aug-31 18:01:55.032 [Task monitor] DEBUG n.processor.TaskPollingMonitor - !! executor slurm > tasks to be completed: 3 -- submitted tasks are shown below
~> TaskHandler[jobId: 7505691; id: 7; name: NFCORE_HIC:HIC:HICPRO:HICPRO_MAPPING:BOWTIE2_ALIGN (DTB-008-BL); status: RUNNING; exit: -; error: -; workDir: /scratch/g/vjin/Yu/hic_pipeline/work_batch_DTB-008-BL/25/58bbbfaecadcfef9746cc4acc463c7 started: 1788208654638; exited: -; ]
~> TaskHandler[jobId: 7505692; id: 8; name: NFCORE_HIC:HIC:HICPRO:HICPRO_MAPPING:BOWTIE2_ALIGN (DTB-008-BL); status: RUNNING; exit: -; error: -; workDir: /scratch/g/vjin/Yu/hic_pipeline/work_batch_DTB-008-BL/cc/adffad3e5154ff92619b90d77a8c08 started: 1788208654641; exited: -; ]
~> TaskHandler[jobId: 7505693; id: 6; name: NFCORE_HIC:HIC:FASTQC (DTB-008-BL); status: RUNNING; exit: -; error: -; workDir: /scratch/g/vjin/Yu/hic_pipeline/work_batch_DTB-008-BL/4f/c93c60b322528e5c1ff36f84ef57b0 started: 1788208654644; exited: -; ]
Aug-31 18:06:55.044 [Task monitor] DEBUG n.processor.TaskPollingMonitor - !! executor slurm > tasks to be completed: 3 -- submitted tasks are shown below
~> TaskHandler[jobId: 7505691; id: 7; name: NFCORE_HIC:HIC:HICPRO:HICPRO_MAPPING:BOWTIE2_ALIGN (DTB-008-BL); status: RUNNING; exit: -; error: -; workDir: /scratch/g/vjin/Yu/hic_pipeline/work_batch_DTB-008-BL/25/58bbbfaecadcfef9746cc4acc463c7 started: 1788208654638; exited: -; ]
~> TaskHandler[jobId: 7505692; id: 8; name: NFCORE_HIC:HIC:HICPRO:HICPRO_MAPPING:BOWTIE2_ALIGN (DTB-008-BL); status: RUNNING; exit: -; error: -; workDir: /scratch/g/vjin/Yu/hic_pipeline/work_batch_DTB-008-BL/cc/adffad3e5154ff92619b90d77a8c08 started: 1788208654641; exited: -; ]
~> TaskHandler[jobId: 7505693; id: 6; name: NFCORE_HIC:HIC:FASTQC (DTB-008-BL); status: RUNNING; exit: -; error: -; workDir: /scratch/g/vjin/Yu/hic_pipeline/work_batch_DTB-008-BL/4f/c93c60b322528e5c1ff36f84ef57b0 started: 1788208654644; exited: -; ]
Aug-31 18:10:20.059 [Task monitor] DEBUG n.processor.TaskPollingMonitor - Task completed > TaskHandler[jobId: 7505693; id: 6; name: NFCORE_HIC:HIC:FASTQC (DTB-008-BL); status: COMPLETED; exit: 0; error: -; workDir: /scratch/g/vjin/Yu/hic_pipeline/work_batch_DTB-008-BL/4f/c93c60b322528e5c1ff36f84ef57b0 started: 1788208654644; exited: 2026-08-31T23:10:04.148442467Z; ]
Aug-31 18:11:55.055 [Task monitor] DEBUG n.processor.TaskPollingMonitor - !! executor slurm > tasks to be completed: 2 -- submitted tasks are shown below
~> TaskHandler[jobId: 7505691; id: 7; name: NFCORE_HIC:HIC:HICPRO:HICPRO_MAPPING:BOWTIE2_ALIGN (DTB-008-BL); status: RUNNING; exit: -; error: -; workDir: /scratch/g/vjin/Yu/hic_pipeline/work_batch_DTB-008-BL/25/58bbbfaecadcfef9746cc4acc463c7 started: 1788208654638; exited: -; ]
~> TaskHandler[jobId: 7505692; id: 8; name: NFCORE_HIC:HIC:HICPRO:HICPRO_MAPPING:BOWTIE2_ALIGN (DTB-008-BL); status: RUNNING; exit: -; error: -; workDir: /scratch/g/vjin/Yu/hic_pipeline/work_batch_DTB-008-BL/cc/adffad3e5154ff92619b90d77a8c08 started: 1788208654641; exited: -; ]
Aug-31 18:16:55.061 [Task monitor] DEBUG n.processor.TaskPollingMonitor - !! executor slurm > tasks to be completed: 2 -- submitted tasks are shown below
~> TaskHandler[jobId: 7505691; id: 7; name: NFCORE_HIC:HIC:HICPRO:HICPRO_MAPPING:BOWTIE2_ALIGN (DTB-008-BL); status: RUNNING; exit: -; error: -; workDir: /scratch/g/vjin/Yu/hic_pipeline/work_batch_DTB-008-BL/25/58bbbfaecadcfef9746cc4acc463c7 started: 1788208654638; exited: -; ]
~> TaskHandler[jobId: 7505692; id: 8; name: NFCORE_HIC:HIC:HICPRO:HICPRO_MAPPING:BOWTIE2_ALIGN (DTB-008-BL); status: RUNNING; exit: -; error: -; workDir: /scratch/g/vjin/Yu/hic_pipeline/work_batch_DTB-008-BL/cc/adffad3e5154ff92619b90d77a8c08 started: 1788208654641; exited: -; ]
Aug-31 18:21:55.070 [Task monitor] DEBUG n.processor.TaskPollingMonitor - !! executor slurm > tasks to be completed: 2 -- submitted tasks are shown below
~> TaskHandler[jobId: 7505691; id: 7; name: NFCORE_HIC:HIC:HICPRO:HICPRO_MAPPING:BOWTIE2_ALIGN (DTB-008-BL); status: RUNNING; exit: -; error: -; workDir: /scratch/g/vjin/Yu/hic_pipeline/work_batch_DTB-008-BL/25/58bbbfaecadcfef9746cc4acc463c7 started: 1788208654638; exited: -; ]
~> TaskHandler[jobId: 7505692; id: 8; name: NFCORE_HIC:HIC:HICPRO:HICPRO_MAPPING:BOWTIE2_ALIGN (DTB-008-BL); status: RUNNING; exit: -; error: -; workDir: /scratch/g/vjin/Yu/hic_pipeline/work_batch_DTB-008-BL/cc/adffad3e5154ff92619b90d77a8c08 started: 1788208654641; exited: -; ]
Aug-31 18:26:55.081 [Task monitor] DEBUG n.processor.TaskPollingMonitor - !! executor slurm > tasks to be completed: 2 -- submitted tasks are shown below
~> TaskHandler[jobId: 7505691; id: 7; name: NFCORE_HIC:HIC:HICPRO:HICPRO_MAPPING:BOWTIE2_ALIGN (DTB-008-BL); status: RUNNING; exit: -; error: -; workDir: /scratch/g/vjin/Yu/hic_pipeline/work_batch_DTB-008-BL/25/58bbbfaecadcfef9746cc4acc463c7 started: 1788208654638; exited: -; ]
~> TaskHandler[jobId: 7505692; id: 8; name: NFCORE_HIC:HIC:HICPRO:HICPRO_MAPPING:BOWTIE2_ALIGN (DTB-008-BL); status: RUNNING; exit: -; error: -; workDir: /scratch/g/vjin/Yu/hic_pipeline/work_batch_DTB-008-BL/cc/adffad3e5154ff92619b90d77a8c08 started: 1788208654641; exited: -; ]
Aug-31 18:31:55.097 [Task monitor] DEBUG n.processor.TaskPollingMonitor - !! executor slurm > tasks to be completed: 2 -- submitted tasks are shown below
~> TaskHandler[jobId: 7505691; id: 7; name: NFCORE_HIC:HIC:HICPRO:HICPRO_MAPPING:BOWTIE2_ALIGN (DTB-008-BL); status: RUNNING; exit: -; error: -; workDir: /scratch/g/vjin/Yu/hic_pipeline/work_batch_DTB-008-BL/25/58bbbfaecadcfef9746cc4acc463c7 started: 1788208654638; exited: -; ]
~> TaskHandler[jobId: 7505692; id: 8; name: NFCORE_HIC:HIC:HICPRO:HICPRO_MAPPING:BOWTIE2_ALIGN (DTB-008-BL); status: RUNNING; exit: -; error: -; workDir: /scratch/g/vjin/Yu/hic_pipeline/work_batch_DTB-008-BL/cc/adffad3e5154ff92619b90d77a8c08 started: 1788208654641; exited: -; ]
Aug-31 18:36:55.107 [Task monitor] DEBUG n.processor.TaskPollingMonitor - !! executor slurm > tasks to be completed: 2 -- submitted tasks are shown below
~> TaskHandler[jobId: 7505691; id: 7; name: NFCORE_HIC:HIC:HICPRO:HICPRO_MAPPING:BOWTIE2_ALIGN (DTB-008-BL); status: RUNNING; exit: -; error: -; workDir: /scratch/g/vjin/Yu/hic_pipeline/work_batch_DTB-008-BL/25/58bbbfaecadcfef9746cc4acc463c7 started: 1788208654638; exited: -; ]
~> TaskHandler[jobId: 7505692; id: 8; name: NFCORE_HIC:HIC:HICPRO:HICPRO_MAPPING:BOWTIE2_ALIGN (DTB-008-BL); status: RUNNING; exit: -; error: -; workDir: /scratch/g/vjin/Yu/hic_pipeline/work_batch_DTB-008-BL/cc/adffad3e5154ff92619b90d77a8c08 started: 1788208654641; exited: -; ]
Aug-31 18:41:55.119 [Task monitor] DEBUG n.processor.TaskPollingMonitor - !! executor slurm > tasks to be completed: 2 -- submitted tasks are shown below
~> TaskHandler[jobId: 7505691; id: 7; name: NFCORE_HIC:HIC:HICPRO:HICPRO_MAPPING:BOWTIE2_ALIGN (DTB-008-BL); status: RUNNING; exit: -; error: -; workDir: /scratch/g/vjin/Yu/hic_pipeline/work_batch_DTB-008-BL/25/58bbbfaecadcfef9746cc4acc463c7 started: 1788208654638; exited: -; ]
~> TaskHandler[jobId: 7505692; id: 8; name: NFCORE_HIC:HIC:HICPRO:HICPRO_MAPPING:BOWTIE2_ALIGN (DTB-008-BL); status: RUNNING; exit: -; error: -; workDir: /scratch/g/vjin/Yu/hic_pipeline/work_batch_DTB-008-BL/cc/adffad3e5154ff92619b90d77a8c08 started: 1788208654641; exited: -; ]
Aug-31 18:46:55.128 [Task monitor] DEBUG n.processor.TaskPollingMonitor - !! executor slurm > tasks to be completed: 2 -- submitted tasks are shown below
~> TaskHandler[jobId: 7505691; id: 7; name: NFCORE_HIC:HIC:HICPRO:HICPRO_MAPPING:BOWTIE2_ALIGN (DTB-008-BL); status: RUNNING; exit: -; error: -; workDir: /scratch/g/vjin/Yu/hic_pipeline/work_batch_DTB-008-BL/25/58bbbfaecadcfef9746cc4acc463c7 started: 1788208654638; exited: -; ]
~> TaskHandler[jobId: 7505692; id: 8; name: NFCORE_HIC:HIC:HICPRO:HICPRO_MAPPING:BOWTIE2_ALIGN (DTB-008-BL); status: RUNNING; exit: -; error: -; workDir: /scratch/g/vjin/Yu/hic_pipeline/work_batch_DTB-008-BL/cc/adffad3e5154ff92619b90d77a8c08 started: 1788208654641; exited: -; ]
Aug-31 18:51:55.147 [Task monitor] DEBUG n.processor.TaskPollingMonitor - !! executor slurm > tasks to be completed: 2 -- submitted tasks are shown below
~> TaskHandler[jobId: 7505691; id: 7; name: NFCORE_HIC:HIC:HICPRO:HICPRO_MAPPING:BOWTIE2_ALIGN (DTB-008-BL); status: RUNNING; exit: -; error: -; workDir: /scratch/g/vjin/Yu/hic_pipeline/work_batch_DTB-008-BL/25/58bbbfaecadcfef9746cc4acc463c7 started: 1788208654638; exited: -; ]
~> TaskHandler[jobId: 7505692; id: 8; name: NFCORE_HIC:HIC:HICPRO:HICPRO_MAPPING:BOWTIE2_ALIGN (DTB-008-BL); status: RUNNING; exit: -; error: -; workDir: /scratch/g/vjin/Yu/hic_pipeline/work_batch_DTB-008-BL/cc/adffad3e5154ff92619b90d77a8c08 started: 1788208654641; exited: -; ]
Aug-31 18:56:55.153 [Task monitor] DEBUG n.processor.TaskPollingMonitor - !! executor slurm > tasks to be completed: 2 -- submitted tasks are shown below
~> TaskHandler[jobId: 7505691; id: 7; name: NFCORE_HIC:HIC:HICPRO:HICPRO_MAPPING:BOWTIE2_ALIGN (DTB-008-BL); status: RUNNING; exit: -; error: -; workDir: /scratch/g/vjin/Yu/hic_pipeline/work_batch_DTB-008-BL/25/58bbbfaecadcfef9746cc4acc463c7 started: 1788208654638; exited: -; ]
~> TaskHandler[jobId: 7505692; id: 8; name: NFCORE_HIC:HIC:HICPRO:HICPRO_MAPPING:BOWTIE2_ALIGN (DTB-008-BL); status: RUNNING; exit: -; error: -; workDir: /scratch/g/vjin/Yu/hic_pipeline/work_batch_DTB-008-BL/cc/adffad3e5154ff92619b90d77a8c08 started: 1788208654641; exited: -; ]
Aug-31 19:01:55.160 [Task monitor] DEBUG n.processor.TaskPollingMonitor - !! executor slurm > tasks to be completed: 2 -- submitted tasks are shown below
~> TaskHandler[jobId: 7505691; id: 7; name: NFCORE_HIC:HIC:HICPRO:HICPRO_MAPPING:BOWTIE2_ALIGN (DTB-008-BL); status: RUNNING; exit: -; error: -; workDir: /scratch/g/vjin/Yu/hic_pipeline/work_batch_DTB-008-BL/25/58bbbfaecadcfef9746cc4acc463c7 started: 1788208654638; exited: -; ]
~> TaskHandler[jobId: 7505692; id: 8; name: NFCORE_HIC:HIC:HICPRO:HICPRO_MAPPING:BOWTIE2_ALIGN (DTB-008-BL); status: RUNNING; exit: -; error: -; workDir: /scratch/g/vjin/Yu/hic_pipeline/work_batch_DTB-008-BL/cc/adffad3e5154ff92619b90d77a8c08 started: 1788208654641; exited: -; ]
Aug-31 19:06:55.172 [Task monitor] DEBUG n.processor.TaskPollingMonitor - !! executor slurm > tasks to be completed: 2 -- submitted tasks are shown below
~> TaskHandler[jobId: 7505691; id: 7; name: NFCORE_HIC:HIC:HICPRO:HICPRO_MAPPING:BOWTIE2_ALIGN (DTB-008-BL); status: RUNNING; exit: -; error: -; workDir: /scratch/g/vjin/Yu/hic_pipeline/work_batch_DTB-008-BL/25/58bbbfaecadcfef9746cc4acc463c7 started: 1788208654638; exited: -; ]
~> TaskHandler[jobId: 7505692; id: 8; name: NFCORE_HIC:HIC:HICPRO:HICPRO_MAPPING:BOWTIE2_ALIGN (DTB-008-BL); status: RUNNING; exit: -; error: -; workDir: /scratch/g/vjin/Yu/hic_pipeline/work_batch_DTB-008-BL/cc/adffad3e5154ff92619b90d77a8c08 started: 1788208654641; exited: -; ]
Aug-31 19:11:55.180 [Task monitor] DEBUG n.processor.TaskPollingMonitor - !! executor slurm > tasks to be completed: 2 -- submitted tasks are shown below
~> TaskHandler[jobId: 7505691; id: 7; name: NFCORE_HIC:HIC:HICPRO:HICPRO_MAPPING:BOWTIE2_ALIGN (DTB-008-BL); status: RUNNING; exit: -; error: -; workDir: /scratch/g/vjin/Yu/hic_pipeline/work_batch_DTB-008-BL/25/58bbbfaecadcfef9746cc4acc463c7 started: 1788208654638; exited: -; ]
~> TaskHandler[jobId: 7505692; id: 8; name: NFCORE_HIC:HIC:HICPRO:HICPRO_MAPPING:BOWTIE2_ALIGN (DTB-008-BL); status: RUNNING; exit: -; error: -; workDir: /scratch/g/vjin/Yu/hic_pipeline/work_batch_DTB-008-BL/cc/adffad3e5154ff92619b90d77a8c08 started: 1788208654641; exited: -; ]
Aug-31 19:16:55.184 [Task monitor] DEBUG n.processor.TaskPollingMonitor - !! executor slurm > tasks to be completed: 2 -- submitted tasks are shown below
~> TaskHandler[jobId: 7505691; id: 7; name: NFCORE_HIC:HIC:HICPRO:HICPRO_MAPPING:BOWTIE2_ALIGN (DTB-008-BL); status: RUNNING; exit: -; error: -; workDir: /scratch/g/vjin/Yu/hic_pipeline/work_batch_DTB-008-BL/25/58bbbfaecadcfef9746cc4acc463c7 started: 1788208654638; exited: -; ]
~> TaskHandler[jobId: 7505692; id: 8; name: NFCORE_HIC:HIC:HICPRO:HICPRO_MAPPING:BOWTIE2_ALIGN (DTB-008-BL); status: RUNNING; exit: -; error: -; workDir: /scratch/g/vjin/Yu/hic_pipeline/work_batch_DTB-008-BL/cc/adffad3e5154ff92619b90d77a8c08 started: 1788208654641; exited: -; ]
Aug-31 19:21:55.191 [Task monitor] DEBUG n.processor.TaskPollingMonitor - !! executor slurm > tasks to be completed: 2 -- submitted tasks are shown below
~> TaskHandler[jobId: 7505691; id: 7; name: NFCORE_HIC:HIC:HICPRO:HICPRO_MAPPING:BOWTIE2_ALIGN (DTB-008-BL); status: RUNNING; exit: -; error: -; workDir: /scratch/g/vjin/Yu/hic_pipeline/work_batch_DTB-008-BL/25/58bbbfaecadcfef9746cc4acc463c7 started: 1788208654638; exited: -; ]
~> TaskHandler[jobId: 7505692; id: 8; name: NFCORE_HIC:HIC:HICPRO:HICPRO_MAPPING:BOWTIE2_ALIGN (DTB-008-BL); status: RUNNING; exit: -; error: -; workDir: /scratch/g/vjin/Yu/hic_pipeline/work_batch_DTB-008-BL/cc/adffad3e5154ff92619b90d77a8c08 started: 1788208654641; exited: -; ]
Aug-31 19:26:55.203 [Task monitor] DEBUG n.processor.TaskPollingMonitor - !! executor slurm > tasks to be completed: 2 -- submitted tasks are shown below
~> TaskHandler[jobId: 7505691; id: 7; name: NFCORE_HIC:HIC:HICPRO:HICPRO_MAPPING:BOWTIE2_ALIGN (DTB-008-BL); status: RUNNING; exit: -; error: -; workDir: /scratch/g/vjin/Yu/hic_pipeline/work_batch_DTB-008-BL/25/58bbbfaecadcfef9746cc4acc463c7 started: 1788208654638; exited: -; ]
~> TaskHandler[jobId: 7505692; id: 8; name: NFCORE_HIC:HIC:HICPRO:HICPRO_MAPPING:BOWTIE2_ALIGN (DTB-008-BL); status: RUNNING; exit: -; error: -; workDir: /scratch/g/vjin/Yu/hic_pipeline/work_batch_DTB-008-BL/cc/adffad3e5154ff92619b90d77a8c08 started: 1788208654641; exited: -; ]
Aug-31 19:31:55.214 [Task monitor] DEBUG n.processor.TaskPollingMonitor - !! executor slurm > tasks to be completed: 2 -- submitted tasks are shown below
~> TaskHandler[jobId: 7505691; id: 7; name: NFCORE_HIC:HIC:HICPRO:HICPRO_MAPPING:BOWTIE2_ALIGN (DTB-008-BL); status: RUNNING; exit: -; error: -; workDir: /scratch/g/vjin/Yu/hic_pipeline/work_batch_DTB-008-BL/25/58bbbfaecadcfef9746cc4acc463c7 started: 1788208654638; exited: -; ]
~> TaskHandler[jobId: 7505692; id: 8; name: NFCORE_HIC:HIC:HICPRO:HICPRO_MAPPING:BOWTIE2_ALIGN (DTB-008-BL); status: RUNNING; exit: -; error: -; workDir: /scratch/g/vjin/Yu/hic_pipeline/work_batch_DTB-008-BL/cc/adffad3e5154ff92619b90d77a8c08 started: 1788208654641; exited: -; ]
Aug-31 19:36:55.227 [Task monitor] DEBUG n.processor.TaskPollingMonitor - !! executor slurm > tasks to be completed: 2 -- submitted tasks are shown below
~> TaskHandler[jobId: 7505691; id: 7; name: NFCORE_HIC:HIC:HICPRO:HICPRO_MAPPING:BOWTIE2_ALIGN (DTB-008-BL); status: RUNNING; exit: -; error: -; workDir: /scratch/g/vjin/Yu/hic_pipeline/work_batch_DTB-008-BL/25/58bbbfaecadcfef9746cc4acc463c7 started: 1788208654638; exited: -; ]
~> TaskHandler[jobId: 7505692; id: 8; name: NFCORE_HIC:HIC:HICPRO:HICPRO_MAPPING:BOWTIE2_ALIGN (DTB-008-BL); status: RUNNING; exit: -; error: -; workDir: /scratch/g/vjin/Yu/hic_pipeline/work_batch_DTB-008-BL/cc/adffad3e5154ff92619b90d77a8c08 started: 1788208654641; exited: -; ]
Aug-31 19:41:55.243 [Task monitor] DEBUG n.processor.TaskPollingMonitor - !! executor slurm > tasks to be completed: 2 -- submitted tasks are shown below
~> TaskHandler[jobId: 7505691; id: 7; name: NFCORE_HIC:HIC:HICPRO:HICPRO_MAPPING:BOWTIE2_ALIGN (DTB-008-BL); status: RUNNING; exit: -; error: -; workDir: /scratch/g/vjin/Yu/hic_pipeline/work_batch_DTB-008-BL/25/58bbbfaecadcfef9746cc4acc463c7 started: 1788208654638; exited: -; ]
~> TaskHandler[jobId: 7505692; id: 8; name: NFCORE_HIC:HIC:HICPRO:HICPRO_MAPPING:BOWTIE2_ALIGN (DTB-008-BL); status: RUNNING; exit: -; error: -; workDir: /scratch/g/vjin/Yu/hic_pipeline/work_batch_DTB-008-BL/cc/adffad3e5154ff92619b90d77a8c08 started: 1788208654641; exited: -; ]
Aug-31 19:46:55.249 [Task monitor] DEBUG n.processor.TaskPollingMonitor - !! executor slurm > tasks to be completed: 2 -- submitted tasks are shown below
~> TaskHandler[jobId: 7505691; id: 7; name: NFCORE_HIC:HIC:HICPRO:HICPRO_MAPPING:BOWTIE2_ALIGN (DTB-008-BL); status: RUNNING; exit: -; error: -; workDir: /scratch/g/vjin/Yu/hic_pipeline/work_batch_DTB-008-BL/25/58bbbfaecadcfef9746cc4acc463c7 started: 1788208654638; exited: -; ]
~> TaskHandler[jobId: 7505692; id: 8; name: NFCORE_HIC:HIC:HICPRO:HICPRO_MAPPING:BOWTIE2_ALIGN (DTB-008-BL); status: RUNNING; exit: -; error: -; workDir: /scratch/g/vjin/Yu/hic_pipeline/work_batch_DTB-008-BL/cc/adffad3e5154ff92619b90d77a8c08 started: 1788208654641; exited: -; ]
Aug-31 19:51:55.260 [Task monitor] DEBUG n.processor.TaskPollingMonitor - !! executor slurm > tasks to be completed: 2 -- submitted tasks are shown below
~> TaskHandler[jobId: 7505691; id: 7; name: NFCORE_HIC:HIC:HICPRO:HICPRO_MAPPING:BOWTIE2_ALIGN (DTB-008-BL); status: RUNNING; exit: -; error: -; workDir: /scratch/g/vjin/Yu/hic_pipeline/work_batch_DTB-008-BL/25/58bbbfaecadcfef9746cc4acc463c7 started: 1788208654638; exited: -; ]
~> TaskHandler[jobId: 7505692; id: 8; name: NFCORE_HIC:HIC:HICPRO:HICPRO_MAPPING:BOWTIE2_ALIGN (DTB-008-BL); status: RUNNING; exit: -; error: -; workDir: /scratch/g/vjin/Yu/hic_pipeline/work_batch_DTB-008-BL/cc/adffad3e5154ff92619b90d77a8c08 started: 1788208654641; exited: -; ]
Aug-31 19:56:55.269 [Task monitor] DEBUG n.processor.TaskPollingMonitor - !! executor slurm > tasks to be completed: 2 -- submitted tasks are shown below
~> TaskHandler[jobId: 7505691; id: 7; name: NFCORE_HIC:HIC:HICPRO:HICPRO_MAPPING:BOWTIE2_ALIGN (DTB-008-BL); status: RUNNING; exit: -; error: -; workDir: /scratch/g/vjin/Yu/hic_pipeline/work_batch_DTB-008-BL/25/58bbbfaecadcfef9746cc4acc463c7 started: 1788208654638; exited: -; ]
~> TaskHandler[jobId: 7505692; id: 8; name: NFCORE_HIC:HIC:HICPRO:HICPRO_MAPPING:BOWTIE2_ALIGN (DTB-008-BL); status: RUNNING; exit: -; error: -; workDir: /scratch/g/vjin/Yu/hic_pipeline/work_batch_DTB-008-BL/cc/adffad3e5154ff92619b90d77a8c08 started: 1788208654641; exited: -; ]
Aug-31 20:01:55.279 [Task monitor] DEBUG n.processor.TaskPollingMonitor - !! executor slurm > tasks to be completed: 2 -- submitted tasks are shown below
~> TaskHandler[jobId: 7505691; id: 7; name: NFCORE_HIC:HIC:HICPRO:HICPRO_MAPPING:BOWTIE2_ALIGN (DTB-008-BL); status: RUNNING; exit: -; error: -; workDir: /scratch/g/vjin/Yu/hic_pipeline/work_batch_DTB-008-BL/25/58bbbfaecadcfef9746cc4acc463c7 started: 1788208654638; exited: -; ]
~> TaskHandler[jobId: 7505692; id: 8; name: NFCORE_HIC:HIC:HICPRO:HICPRO_MAPPING:BOWTIE2_ALIGN (DTB-008-BL); status: RUNNING; exit: -; error: -; workDir: /scratch/g/vjin/Yu/hic_pipeline/work_batch_DTB-008-BL/cc/adffad3e5154ff92619b90d77a8c08 started: 1788208654641; exited: -; ]
Aug-31 20:06:55.292 [Task monitor] DEBUG n.processor.TaskPollingMonitor - !! executor slurm > tasks to be completed: 2 -- submitted tasks are shown below
~> TaskHandler[jobId: 7505691; id: 7; name: NFCORE_HIC:HIC:HICPRO:HICPRO_MAPPING:BOWTIE2_ALIGN (DTB-008-BL); status: RUNNING; exit: -; error: -; workDir: /scratch/g/vjin/Yu/hic_pipeline/work_batch_DTB-008-BL/25/58bbbfaecadcfef9746cc4acc463c7 started: 1788208654638; exited: -; ]
~> TaskHandler[jobId: 7505692; id: 8; name: NFCORE_HIC:HIC:HICPRO:HICPRO_MAPPING:BOWTIE2_ALIGN (DTB-008-BL); status: RUNNING; exit: -; error: -; workDir: /scratch/g/vjin/Yu/hic_pipeline/work_batch_DTB-008-BL/cc/adffad3e5154ff92619b90d77a8c08 started: 1788208654641; exited: -; ]
Aug-31 20:11:55.305 [Task monitor] DEBUG n.processor.TaskPollingMonitor - !! executor slurm > tasks to be completed: 2 -- submitted tasks are shown below
~> TaskHandler[jobId: 7505691; id: 7; name: NFCORE_HIC:HIC:HICPRO:HICPRO_MAPPING:BOWTIE2_ALIGN (DTB-008-BL); status: RUNNING; exit: -; error: -; workDir: /scratch/g/vjin/Yu/hic_pipeline/work_batch_DTB-008-BL/25/58bbbfaecadcfef9746cc4acc463c7 started: 1788208654638; exited: -; ]
~> TaskHandler[jobId: 7505692; id: 8; name: NFCORE_HIC:HIC:HICPRO:HICPRO_MAPPING:BOWTIE2_ALIGN (DTB-008-BL); status: RUNNING; exit: -; error: -; workDir: /scratch/g/vjin/Yu/hic_pipeline/work_batch_DTB-008-BL/cc/adffad3e5154ff92619b90d77a8c08 started: 1788208654641; exited: -; ]
Aug-31 20:16:55.319 [Task monitor] DEBUG n.processor.TaskPollingMonitor - !! executor slurm > tasks to be completed: 2 -- submitted tasks are shown below
~> TaskHandler[jobId: 7505691; id: 7; name: NFCORE_HIC:HIC:HICPRO:HICPRO_MAPPING:BOWTIE2_ALIGN (DTB-008-BL); status: RUNNING; exit: -; error: -; workDir: /scratch/g/vjin/Yu/hic_pipeline/work_batch_DTB-008-BL/25/58bbbfaecadcfef9746cc4acc463c7 started: 1788208654638; exited: -; ]
~> TaskHandler[jobId: 7505692; id: 8; name: NFCORE_HIC:HIC:HICPRO:HICPRO_MAPPING:BOWTIE2_ALIGN (DTB-008-BL); status: RUNNING; exit: -; error: -; workDir: /scratch/g/vjin/Yu/hic_pipeline/work_batch_DTB-008-BL/cc/adffad3e5154ff92619b90d77a8c08 started: 1788208654641; exited: -; ]
Aug-31 20:21:55.327 [Task monitor] DEBUG n.processor.TaskPollingMonitor - !! executor slurm > tasks to be completed: 2 -- submitted tasks are shown below
~> TaskHandler[jobId: 7505691; id: 7; name: NFCORE_HIC:HIC:HICPRO:HICPRO_MAPPING:BOWTIE2_ALIGN (DTB-008-BL); status: RUNNING; exit: -; error: -; workDir: /scratch/g/vjin/Yu/hic_pipeline/work_batch_DTB-008-BL/25/58bbbfaecadcfef9746cc4acc463c7 started: 1788208654638; exited: -; ]
~> TaskHandler[jobId: 7505692; id: 8; name: NFCORE_HIC:HIC:HICPRO:HICPRO_MAPPING:BOWTIE2_ALIGN (DTB-008-BL); status: RUNNING; exit: -; error: -; workDir: /scratch/g/vjin/Yu/hic_pipeline/work_batch_DTB-008-BL/cc/adffad3e5154ff92619b90d77a8c08 started: 1788208654641; exited: -; ]
Aug-31 20:26:55.340 [Task monitor] DEBUG n.processor.TaskPollingMonitor - !! executor slurm > tasks to be completed: 2 -- submitted tasks are shown below
~> TaskHandler[jobId: 7505691; id: 7; name: NFCORE_HIC:HIC:HICPRO:HICPRO_MAPPING:BOWTIE2_ALIGN (DTB-008-BL); status: RUNNING; exit: -; error: -; workDir: /scratch/g/vjin/Yu/hic_pipeline/work_batch_DTB-008-BL/25/58bbbfaecadcfef9746cc4acc463c7 started: 1788208654638; exited: -; ]
~> TaskHandler[jobId: 7505692; id: 8; name: NFCORE_HIC:HIC:HICPRO:HICPRO_MAPPING:BOWTIE2_ALIGN (DTB-008-BL); status: RUNNING; exit: -; error: -; workDir: /scratch/g/vjin/Yu/hic_pipeline/work_batch_DTB-008-BL/cc/adffad3e5154ff92619b90d77a8c08 started: 1788208654641; exited: -; ]
Aug-31 20:31:55.351 [Task monitor] DEBUG n.processor.TaskPollingMonitor - !! executor slurm > tasks to be completed: 2 -- submitted tasks are shown below
~> TaskHandler[jobId: 7505691; id: 7; name: NFCORE_HIC:HIC:HICPRO:HICPRO_MAPPING:BOWTIE2_ALIGN (DTB-008-BL); status: RUNNING; exit: -; error: -; workDir: /scratch/g/vjin/Yu/hic_pipeline/work_batch_DTB-008-BL/25/58bbbfaecadcfef9746cc4acc463c7 started: 1788208654638; exited: -; ]
~> TaskHandler[jobId: 7505692; id: 8; name: NFCORE_HIC:HIC:HICPRO:HICPRO_MAPPING:BOWTIE2_ALIGN (DTB-008-BL); status: RUNNING; exit: -; error: -; workDir: /scratch/g/vjin/Yu/hic_pipeline/work_batch_DTB-008-BL/cc/adffad3e5154ff92619b90d77a8c08 started: 1788208654641; exited: -; ]
Aug-31 20:36:55.359 [Task monitor] DEBUG n.processor.TaskPollingMonitor - !! executor slurm > tasks to be completed: 2 -- submitted tasks are shown below
~> TaskHandler[jobId: 7505691; id: 7; name: NFCORE_HIC:HIC:HICPRO:HICPRO_MAPPING:BOWTIE2_ALIGN (DTB-008-BL); status: RUNNING; exit: -; error: -; workDir: /scratch/g/vjin/Yu/hic_pipeline/work_batch_DTB-008-BL/25/58bbbfaecadcfef9746cc4acc463c7 started: 1788208654638; exited: -; ]
~> TaskHandler[jobId: 7505692; id: 8; name: NFCORE_HIC:HIC:HICPRO:HICPRO_MAPPING:BOWTIE2_ALIGN (DTB-008-BL); status: RUNNING; exit: -; error: -; workDir: /scratch/g/vjin/Yu/hic_pipeline/work_batch_DTB-008-BL/cc/adffad3e5154ff92619b90d77a8c08 started: 1788208654641; exited: -; ]
Aug-31 20:41:55.375 [Task monitor] DEBUG n.processor.TaskPollingMonitor - !! executor slurm > tasks to be completed: 2 -- submitted tasks are shown below
~> TaskHandler[jobId: 7505691; id: 7; name: NFCORE_HIC:HIC:HICPRO:HICPRO_MAPPING:BOWTIE2_ALIGN (DTB-008-BL); status: RUNNING; exit: -; error: -; workDir: /scratch/g/vjin/Yu/hic_pipeline/work_batch_DTB-008-BL/25/58bbbfaecadcfef9746cc4acc463c7 started: 1788208654638; exited: -; ]
~> TaskHandler[jobId: 7505692; id: 8; name: NFCORE_HIC:HIC:HICPRO:HICPRO_MAPPING:BOWTIE2_ALIGN (DTB-008-BL); status: RUNNING; exit: -; error: -; workDir: /scratch/g/vjin/Yu/hic_pipeline/work_batch_DTB-008-BL/cc/adffad3e5154ff92619b90d77a8c08 started: 1788208654641; exited: -; ]
Aug-31 20:46:55.386 [Task monitor] DEBUG n.processor.TaskPollingMonitor - !! executor slurm > tasks to be completed: 2 -- submitted tasks are shown below
~> TaskHandler[jobId: 7505691; id: 7; name: NFCORE_HIC:HIC:HICPRO:HICPRO_MAPPING:BOWTIE2_ALIGN (DTB-008-BL); status: RUNNING; exit: -; error: -; workDir: /scratch/g/vjin/Yu/hic_pipeline/work_batch_DTB-008-BL/25/58bbbfaecadcfef9746cc4acc463c7 started: 1788208654638; exited: -; ]
~> TaskHandler[jobId: 7505692; id: 8; name: NFCORE_HIC:HIC:HICPRO:HICPRO_MAPPING:BOWTIE2_ALIGN (DTB-008-BL); status: RUNNING; exit: -; error: -; workDir: /scratch/g/vjin/Yu/hic_pipeline/work_batch_DTB-008-BL/cc/adffad3e5154ff92619b90d77a8c08 started: 1788208654641; exited: -; ]
Aug-31 20:51:55.396 [Task monitor] DEBUG n.processor.TaskPollingMonitor - !! executor slurm > tasks to be completed: 2 -- submitted tasks are shown below
~> TaskHandler[jobId: 7505691; id: 7; name: NFCORE_HIC:HIC:HICPRO:HICPRO_MAPPING:BOWTIE2_ALIGN (DTB-008-BL); status: RUNNING; exit: -; error: -; workDir: /scratch/g/vjin/Yu/hic_pipeline/work_batch_DTB-008-BL/25/58bbbfaecadcfef9746cc4acc463c7 started: 1788208654638; exited: -; ]
~> TaskHandler[jobId: 7505692; id: 8; name: NFCORE_HIC:HIC:HICPRO:HICPRO_MAPPING:BOWTIE2_ALIGN (DTB-008-BL); status: RUNNING; exit: -; error: -; workDir: /scratch/g/vjin/Yu/hic_pipeline/work_batch_DTB-008-BL/cc/adffad3e5154ff92619b90d77a8c08 started: 1788208654641; exited: -; ]
Aug-31 20:56:55.408 [Task monitor] DEBUG n.processor.TaskPollingMonitor - !! executor slurm > tasks to be completed: 2 -- submitted tasks are shown below
~> TaskHandler[jobId: 7505691; id: 7; name: NFCORE_HIC:HIC:HICPRO:HICPRO_MAPPING:BOWTIE2_ALIGN (DTB-008-BL); status: RUNNING; exit: -; error: -; workDir: /scratch/g/vjin/Yu/hic_pipeline/work_batch_DTB-008-BL/25/58bbbfaecadcfef9746cc4acc463c7 started: 1788208654638; exited: -; ]
~> TaskHandler[jobId: 7505692; id: 8; name: NFCORE_HIC:HIC:HICPRO:HICPRO_MAPPING:BOWTIE2_ALIGN (DTB-008-BL); status: RUNNING; exit: -; error: -; workDir: /scratch/g/vjin/Yu/hic_pipeline/work_batch_DTB-008-BL/cc/adffad3e5154ff92619b90d77a8c08 started: 1788208654641; exited: -; ]
Aug-31 21:01:55.418 [Task monitor] DEBUG n.processor.TaskPollingMonitor - !! executor slurm > tasks to be completed: 2 -- submitted tasks are shown below
~> TaskHandler[jobId: 7505691; id: 7; name: NFCORE_HIC:HIC:HICPRO:HICPRO_MAPPING:BOWTIE2_ALIGN (DTB-008-BL); status: RUNNING; exit: -; error: -; workDir: /scratch/g/vjin/Yu/hic_pipeline/work_batch_DTB-008-BL/25/58bbbfaecadcfef9746cc4acc463c7 started: 1788208654638; exited: -; ]
~> TaskHandler[jobId: 7505692; id: 8; name: NFCORE_HIC:HIC:HICPRO:HICPRO_MAPPING:BOWTIE2_ALIGN (DTB-008-BL); status: RUNNING; exit: -; error: -; workDir: /scratch/g/vjin/Yu/hic_pipeline/work_batch_DTB-008-BL/cc/adffad3e5154ff92619b90d77a8c08 started: 1788208654641; exited: -; ]
Aug-31 21:06:55.427 [Task monitor] DEBUG n.processor.TaskPollingMonitor - !! executor slurm > tasks to be completed: 2 -- submitted tasks are shown below
~> TaskHandler[jobId: 7505691; id: 7; name: NFCORE_HIC:HIC:HICPRO:HICPRO_MAPPING:BOWTIE2_ALIGN (DTB-008-BL); status: RUNNING; exit: -; error: -; workDir: /scratch/g/vjin/Yu/hic_pipeline/work_batch_DTB-008-BL/25/58bbbfaecadcfef9746cc4acc463c7 started: 1788208654638; exited: -; ]
~> TaskHandler[jobId: 7505692; id: 8; name: NFCORE_HIC:HIC:HICPRO:HICPRO_MAPPING:BOWTIE2_ALIGN (DTB-008-BL); status: RUNNING; exit: -; error: -; workDir: /scratch/g/vjin/Yu/hic_pipeline/work_batch_DTB-008-BL/cc/adffad3e5154ff92619b90d77a8c08 started: 1788208654641; exited: -; ]
Aug-31 21:11:55.443 [Task monitor] DEBUG n.processor.TaskPollingMonitor - !! executor slurm > tasks to be completed: 2 -- submitted tasks are shown below
~> TaskHandler[jobId: 7505691; id: 7; name: NFCORE_HIC:HIC:HICPRO:HICPRO_MAPPING:BOWTIE2_ALIGN (DTB-008-BL); status: RUNNING; exit: -; error: -; workDir: /scratch/g/vjin/Yu/hic_pipeline/work_batch_DTB-008-BL/25/58bbbfaecadcfef9746cc4acc463c7 started: 1788208654638; exited: -; ]
~> TaskHandler[jobId: 7505692; id: 8; name: NFCORE_HIC:HIC:HICPRO:HICPRO_MAPPING:BOWTIE2_ALIGN (DTB-008-BL); status: RUNNING; exit: -; error: -; workDir: /scratch/g/vjin/Yu/hic_pipeline/work_batch_DTB-008-BL/cc/adffad3e5154ff92619b90d77a8c08 started: 1788208654641; exited: -; ]
Aug-31 21:16:55.454 [Task monitor] DEBUG n.processor.TaskPollingMonitor - !! executor slurm > tasks to be completed: 2 -- submitted tasks are shown below
~> TaskHandler[jobId: 7505691; id: 7; name: NFCORE_HIC:HIC:HICPRO:HICPRO_MAPPING:BOWTIE2_ALIGN (DTB-008-BL); status: RUNNING; exit: -; error: -; workDir: /scratch/g/vjin/Yu/hic_pipeline/work_batch_DTB-008-BL/25/58bbbfaecadcfef9746cc4acc463c7 started: 1788208654638; exited: -; ]
~> TaskHandler[jobId: 7505692; id: 8; name: NFCORE_HIC:HIC:HICPRO:HICPRO_MAPPING:BOWTIE2_ALIGN (DTB-008-BL); status: RUNNING; exit: -; error: -; workDir: /scratch/g/vjin/Yu/hic_pipeline/work_batch_DTB-008-BL/cc/adffad3e5154ff92619b90d77a8c08 started: 1788208654641; exited: -; ]
Aug-31 21:21:55.469 [Task monitor] DEBUG n.processor.TaskPollingMonitor - !! executor slurm > tasks to be completed: 2 -- submitted tasks are shown below
~> TaskHandler[jobId: 7505691; id: 7; name: NFCORE_HIC:HIC:HICPRO:HICPRO_MAPPING:BOWTIE2_ALIGN (DTB-008-BL); status: RUNNING; exit: -; error: -; workDir: /scratch/g/vjin/Yu/hic_pipeline/work_batch_DTB-008-BL/25/58bbbfaecadcfef9746cc4acc463c7 started: 1788208654638; exited: -; ]
~> TaskHandler[jobId: 7505692; id: 8; name: NFCORE_HIC:HIC:HICPRO:HICPRO_MAPPING:BOWTIE2_ALIGN (DTB-008-BL); status: RUNNING; exit: -; error: -; workDir: /scratch/g/vjin/Yu/hic_pipeline/work_batch_DTB-008-BL/cc/adffad3e5154ff92619b90d77a8c08 started: 1788208654641; exited: -; ]
Aug-31 21:26:55.479 [Task monitor] DEBUG n.processor.TaskPollingMonitor - !! executor slurm > tasks to be completed: 2 -- submitted tasks are shown below
~> TaskHandler[jobId: 7505691; id: 7; name: NFCORE_HIC:HIC:HICPRO:HICPRO_MAPPING:BOWTIE2_ALIGN (DTB-008-BL); status: RUNNING; exit: -; error: -; workDir: /scratch/g/vjin/Yu/hic_pipeline/work_batch_DTB-008-BL/25/58bbbfaecadcfef9746cc4acc463c7 started: 1788208654638; exited: -; ]
~> TaskHandler[jobId: 7505692; id: 8; name: NFCORE_HIC:HIC:HICPRO:HICPRO_MAPPING:BOWTIE2_ALIGN (DTB-008-BL); status: RUNNING; exit: -; error: -; workDir: /scratch/g/vjin/Yu/hic_pipeline/work_batch_DTB-008-BL/cc/adffad3e5154ff92619b90d77a8c08 started: 1788208654641; exited: -; ]
Aug-31 21:31:55.492 [Task monitor] DEBUG n.processor.TaskPollingMonitor - !! executor slurm > tasks to be completed: 2 -- submitted tasks are shown below
~> TaskHandler[jobId: 7505691; id: 7; name: NFCORE_HIC:HIC:HICPRO:HICPRO_MAPPING:BOWTIE2_ALIGN (DTB-008-BL); status: RUNNING; exit: -; error: -; workDir: /scratch/g/vjin/Yu/hic_pipeline/work_batch_DTB-008-BL/25/58bbbfaecadcfef9746cc4acc463c7 started: 1788208654638; exited: -; ]
~> TaskHandler[jobId: 7505692; id: 8; name: NFCORE_HIC:HIC:HICPRO:HICPRO_MAPPING:BOWTIE2_ALIGN (DTB-008-BL); status: RUNNING; exit: -; error: -; workDir: /scratch/g/vjin/Yu/hic_pipeline/work_batch_DTB-008-BL/cc/adffad3e5154ff92619b90d77a8c08 started: 1788208654641; exited: -; ]
Aug-31 21:36:55.501 [Task monitor] DEBUG n.processor.TaskPollingMonitor - !! executor slurm > tasks to be completed: 2 -- submitted tasks are shown below
~> TaskHandler[jobId: 7505691; id: 7; name: NFCORE_HIC:HIC:HICPRO:HICPRO_MAPPING:BOWTIE2_ALIGN (DTB-008-BL); status: RUNNING; exit: -; error: -; workDir: /scratch/g/vjin/Yu/hic_pipeline/work_batch_DTB-008-BL/25/58bbbfaecadcfef9746cc4acc463c7 started: 1788208654638; exited: -; ]
~> TaskHandler[jobId: 7505692; id: 8; name: NFCORE_HIC:HIC:HICPRO:HICPRO_MAPPING:BOWTIE2_ALIGN (DTB-008-BL); status: RUNNING; exit: -; error: -; workDir: /scratch/g/vjin/Yu/hic_pipeline/work_batch_DTB-008-BL/cc/adffad3e5154ff92619b90d77a8c08 started: 1788208654641; exited: -; ]
Aug-31 21:41:55.507 [Task monitor] DEBUG n.processor.TaskPollingMonitor - !! executor slurm > tasks to be completed: 2 -- submitted tasks are shown below
~> TaskHandler[jobId: 7505691; id: 7; name: NFCORE_HIC:HIC:HICPRO:HICPRO_MAPPING:BOWTIE2_ALIGN (DTB-008-BL); status: RUNNING; exit: -; error: -; workDir: /scratch/g/vjin/Yu/hic_pipeline/work_batch_DTB-008-BL/25/58bbbfaecadcfef9746cc4acc463c7 started: 1788208654638; exited: -; ]
~> TaskHandler[jobId: 7505692; id: 8; name: NFCORE_HIC:HIC:HICPRO:HICPRO_MAPPING:BOWTIE2_ALIGN (DTB-008-BL); status: RUNNING; exit: -; error: -; workDir: /scratch/g/vjin/Yu/hic_pipeline/work_batch_DTB-008-BL/cc/adffad3e5154ff92619b90d77a8c08 started: 1788208654641; exited: -; ]
Aug-31 21:46:55.514 [Task monitor] DEBUG n.processor.TaskPollingMonitor - !! executor slurm > tasks to be completed: 2 -- submitted tasks are shown below
~> TaskHandler[jobId: 7505691; id: 7; name: NFCORE_HIC:HIC:HICPRO:HICPRO_MAPPING:BOWTIE2_ALIGN (DTB-008-BL); status: RUNNING; exit: -; error: -; workDir: /scratch/g/vjin/Yu/hic_pipeline/work_batch_DTB-008-BL/25/58bbbfaecadcfef9746cc4acc463c7 started: 1788208654638; exited: -; ]
~> TaskHandler[jobId: 7505692; id: 8; name: NFCORE_HIC:HIC:HICPRO:HICPRO_MAPPING:BOWTIE2_ALIGN (DTB-008-BL); status: RUNNING; exit: -; error: -; workDir: /scratch/g/vjin/Yu/hic_pipeline/work_batch_DTB-008-BL/cc/adffad3e5154ff92619b90d77a8c08 started: 1788208654641; exited: -; ]
Aug-31 21:51:55.529 [Task monitor] DEBUG n.processor.TaskPollingMonitor - !! executor slurm > tasks to be completed: 2 -- submitted tasks are shown below
~> TaskHandler[jobId: 7505691; id: 7; name: NFCORE_HIC:HIC:HICPRO:HICPRO_MAPPING:BOWTIE2_ALIGN (DTB-008-BL); status: RUNNING; exit: -; error: -; workDir: /scratch/g/vjin/Yu/hic_pipeline/work_batch_DTB-008-BL/25/58bbbfaecadcfef9746cc4acc463c7 started: 1788208654638; exited: -; ]
~> TaskHandler[jobId: 7505692; id: 8; name: NFCORE_HIC:HIC:HICPRO:HICPRO_MAPPING:BOWTIE2_ALIGN (DTB-008-BL); status: RUNNING; exit: -; error: -; workDir: /scratch/g/vjin/Yu/hic_pipeline/work_batch_DTB-008-BL/cc/adffad3e5154ff92619b90d77a8c08 started: 1788208654641; exited: -; ]
Aug-31 21:56:55.540 [Task monitor] DEBUG n.processor.TaskPollingMonitor - !! executor slurm > tasks to be completed: 2 -- submitted tasks are shown below
~> TaskHandler[jobId: 7505691; id: 7; name: NFCORE_HIC:HIC:HICPRO:HICPRO_MAPPING:BOWTIE2_ALIGN (DTB-008-BL); status: RUNNING; exit: -; error: -; workDir: /scratch/g/vjin/Yu/hic_pipeline/work_batch_DTB-008-BL/25/58bbbfaecadcfef9746cc4acc463c7 started: 1788208654638; exited: -; ]
~> TaskHandler[jobId: 7505692; id: 8; name: NFCORE_HIC:HIC:HICPRO:HICPRO_MAPPING:BOWTIE2_ALIGN (DTB-008-BL); status: RUNNING; exit: -; error: -; workDir: /scratch/g/vjin/Yu/hic_pipeline/work_batch_DTB-008-BL/cc/adffad3e5154ff92619b90d77a8c08 started: 1788208654641; exited: -; ]
Aug-31 22:01:55.553 [Task monitor] DEBUG n.processor.TaskPollingMonitor - !! executor slurm > tasks to be completed: 2 -- submitted tasks are shown below
~> TaskHandler[jobId: 7505691; id: 7; name: NFCORE_HIC:HIC:HICPRO:HICPRO_MAPPING:BOWTIE2_ALIGN (DTB-008-BL); status: RUNNING; exit: -; error: -; workDir: /scratch/g/vjin/Yu/hic_pipeline/work_batch_DTB-008-BL/25/58bbbfaecadcfef9746cc4acc463c7 started: 1788208654638; exited: -; ]
~> TaskHandler[jobId: 7505692; id: 8; name: NFCORE_HIC:HIC:HICPRO:HICPRO_MAPPING:BOWTIE2_ALIGN (DTB-008-BL); status: RUNNING; exit: -; error: -; workDir: /scratch/g/vjin/Yu/hic_pipeline/work_batch_DTB-008-BL/cc/adffad3e5154ff92619b90d77a8c08 started: 1788208654641; exited: -; ]
Aug-31 22:06:55.561 [Task monitor] DEBUG n.processor.TaskPollingMonitor - !! executor slurm > tasks to be completed: 2 -- submitted tasks are shown below
~> TaskHandler[jobId: 7505691; id: 7; name: NFCORE_HIC:HIC:HICPRO:HICPRO_MAPPING:BOWTIE2_ALIGN (DTB-008-BL); status: RUNNING; exit: -; error: -; workDir: /scratch/g/vjin/Yu/hic_pipeline/work_batch_DTB-008-BL/25/58bbbfaecadcfef9746cc4acc463c7 started: 1788208654638; exited: -; ]
~> TaskHandler[jobId: 7505692; id: 8; name: NFCORE_HIC:HIC:HICPRO:HICPRO_MAPPING:BOWTIE2_ALIGN (DTB-008-BL); status: RUNNING; exit: -; error: -; workDir: /scratch/g/vjin/Yu/hic_pipeline/work_batch_DTB-008-BL/cc/adffad3e5154ff92619b90d77a8c08 started: 1788208654641; exited: -; ]
Aug-31 22:11:55.574 [Task monitor] DEBUG n.processor.TaskPollingMonitor - !! executor slurm > tasks to be completed: 2 -- submitted tasks are shown below
~> TaskHandler[jobId: 7505691; id: 7; name: NFCORE_HIC:HIC:HICPRO:HICPRO_MAPPING:BOWTIE2_ALIGN (DTB-008-BL); status: RUNNING; exit: -; error: -; workDir: /scratch/g/vjin/Yu/hic_pipeline/work_batch_DTB-008-BL/25/58bbbfaecadcfef9746cc4acc463c7 started: 1788208654638; exited: -; ]
~> TaskHandler[jobId: 7505692; id: 8; name: NFCORE_HIC:HIC:HICPRO:HICPRO_MAPPING:BOWTIE2_ALIGN (DTB-008-BL); status: RUNNING; exit: -; error: -; workDir: /scratch/g/vjin/Yu/hic_pipeline/work_batch_DTB-008-BL/cc/adffad3e5154ff92619b90d77a8c08 started: 1788208654641; exited: -; ]
Aug-31 22:16:55.583 [Task monitor] DEBUG n.processor.TaskPollingMonitor - !! executor slurm > tasks to be completed: 2 -- submitted tasks are shown below
~> TaskHandler[jobId: 7505691; id: 7; name: NFCORE_HIC:HIC:HICPRO:HICPRO_MAPPING:BOWTIE2_ALIGN (DTB-008-BL); status: RUNNING; exit: -; error: -; workDir: /scratch/g/vjin/Yu/hic_pipeline/work_batch_DTB-008-BL/25/58bbbfaecadcfef9746cc4acc463c7 started: 1788208654638; exited: -; ]
~> TaskHandler[jobId: 7505692; id: 8; name: NFCORE_HIC:HIC:HICPRO:HICPRO_MAPPING:BOWTIE2_ALIGN (DTB-008-BL); status: RUNNING; exit: -; error: -; workDir: /scratch/g/vjin/Yu/hic_pipeline/work_batch_DTB-008-BL/cc/adffad3e5154ff92619b90d77a8c08 started: 1788208654641; exited: -; ]
Aug-31 22:21:55.597 [Task monitor] DEBUG n.processor.TaskPollingMonitor - !! executor slurm > tasks to be completed: 2 -- submitted tasks are shown below
~> TaskHandler[jobId: 7505691; id: 7; name: NFCORE_HIC:HIC:HICPRO:HICPRO_MAPPING:BOWTIE2_ALIGN (DTB-008-BL); status: RUNNING; exit: -; error: -; workDir: /scratch/g/vjin/Yu/hic_pipeline/work_batch_DTB-008-BL/25/58bbbfaecadcfef9746cc4acc463c7 started: 1788208654638; exited: -; ]
~> TaskHandler[jobId: 7505692; id: 8; name: NFCORE_HIC:HIC:HICPRO:HICPRO_MAPPING:BOWTIE2_ALIGN (DTB-008-BL); status: RUNNING; exit: -; error: -; workDir: /scratch/g/vjin/Yu/hic_pipeline/work_batch_DTB-008-BL/cc/adffad3e5154ff92619b90d77a8c08 started: 1788208654641; exited: -; ]
Aug-31 22:26:55.606 [Task monitor] DEBUG n.processor.TaskPollingMonitor - !! executor slurm > tasks to be completed: 2 -- submitted tasks are shown below
~> TaskHandler[jobId: 7505691; id: 7; name: NFCORE_HIC:HIC:HICPRO:HICPRO_MAPPING:BOWTIE2_ALIGN (DTB-008-BL); status: RUNNING; exit: -; error: -; workDir: /scratch/g/vjin/Yu/hic_pipeline/work_batch_DTB-008-BL/25/58bbbfaecadcfef9746cc4acc463c7 started: 1788208654638; exited: -; ]
~> TaskHandler[jobId: 7505692; id: 8; name: NFCORE_HIC:HIC:HICPRO:HICPRO_MAPPING:BOWTIE2_ALIGN (DTB-008-BL); status: RUNNING; exit: -; error: -; workDir: /scratch/g/vjin/Yu/hic_pipeline/work_batch_DTB-008-BL/cc/adffad3e5154ff92619b90d77a8c08 started: 1788208654641; exited: -; ]
Aug-31 22:31:55.616 [Task monitor] DEBUG n.processor.TaskPollingMonitor - !! executor slurm > tasks to be completed: 2 -- submitted tasks are shown below
~> TaskHandler[jobId: 7505691; id: 7; name: NFCORE_HIC:HIC:HICPRO:HICPRO_MAPPING:BOWTIE2_ALIGN (DTB-008-BL); status: RUNNING; exit: -; error: -; workDir: /scratch/g/vjin/Yu/hic_pipeline/work_batch_DTB-008-BL/25/58bbbfaecadcfef9746cc4acc463c7 started: 1788208654638; exited: -; ]
~> TaskHandler[jobId: 7505692; id: 8; name: NFCORE_HIC:HIC:HICPRO:HICPRO_MAPPING:BOWTIE2_ALIGN (DTB-008-BL); status: RUNNING; exit: -; error: -; workDir: /scratch/g/vjin/Yu/hic_pipeline/work_batch_DTB-008-BL/cc/adffad3e5154ff92619b90d77a8c08 started: 1788208654641; exited: -; ]
Aug-31 22:36:55.623 [Task monitor] DEBUG n.processor.TaskPollingMonitor - !! executor slurm > tasks to be completed: 2 -- submitted tasks are shown below
~> TaskHandler[jobId: 7505691; id: 7; name: NFCORE_HIC:HIC:HICPRO:HICPRO_MAPPING:BOWTIE2_ALIGN (DTB-008-BL); status: RUNNING; exit: -; error: -; workDir: /scratch/g/vjin/Yu/hic_pipeline/work_batch_DTB-008-BL/25/58bbbfaecadcfef9746cc4acc463c7 started: 1788208654638; exited: -; ]
~> TaskHandler[jobId: 7505692; id: 8; name: NFCORE_HIC:HIC:HICPRO:HICPRO_MAPPING:BOWTIE2_ALIGN (DTB-008-BL); status: RUNNING; exit: -; error: -; workDir: /scratch/g/vjin/Yu/hic_pipeline/work_batch_DTB-008-BL/cc/adffad3e5154ff92619b90d77a8c08 started: 1788208654641; exited: -; ]
Aug-31 22:41:55.637 [Task monitor] DEBUG n.processor.TaskPollingMonitor - !! executor slurm > tasks to be completed: 2 -- submitted tasks are shown below
~> TaskHandler[jobId: 7505691; id: 7; name: NFCORE_HIC:HIC:HICPRO:HICPRO_MAPPING:BOWTIE2_ALIGN (DTB-008-BL); status: RUNNING; exit: -; error: -; workDir: /scratch/g/vjin/Yu/hic_pipeline/work_batch_DTB-008-BL/25/58bbbfaecadcfef9746cc4acc463c7 started: 1788208654638; exited: -; ]
~> TaskHandler[jobId: 7505692; id: 8; name: NFCORE_HIC:HIC:HICPRO:HICPRO_MAPPING:BOWTIE2_ALIGN (DTB-008-BL); status: RUNNING; exit: -; error: -; workDir: /scratch/g/vjin/Yu/hic_pipeline/work_batch_DTB-008-BL/cc/adffad3e5154ff92619b90d77a8c08 started: 1788208654641; exited: -; ]
Aug-31 22:46:55.650 [Task monitor] DEBUG n.processor.TaskPollingMonitor - !! executor slurm > tasks to be completed: 2 -- submitted tasks are shown below
~> TaskHandler[jobId: 7505691; id: 7; name: NFCORE_HIC:HIC:HICPRO:HICPRO_MAPPING:BOWTIE2_ALIGN (DTB-008-BL); status: RUNNING; exit: -; error: -; workDir: /scratch/g/vjin/Yu/hic_pipeline/work_batch_DTB-008-BL/25/58bbbfaecadcfef9746cc4acc463c7 started: 1788208654638; exited: -; ]
~> TaskHandler[jobId: 7505692; id: 8; name: NFCORE_HIC:HIC:HICPRO:HICPRO_MAPPING:BOWTIE2_ALIGN (DTB-008-BL); status: RUNNING; exit: -; error: -; workDir: /scratch/g/vjin/Yu/hic_pipeline/work_batch_DTB-008-BL/cc/adffad3e5154ff92619b90d77a8c08 started: 1788208654641; exited: -; ]
Aug-31 22:51:55.660 [Task monitor] DEBUG n.processor.TaskPollingMonitor - !! executor slurm > tasks to be completed: 2 -- submitted tasks are shown below
~> TaskHandler[jobId: 7505691; id: 7; name: NFCORE_HIC:HIC:HICPRO:HICPRO_MAPPING:BOWTIE2_ALIGN (DTB-008-BL); status: RUNNING; exit: -; error: -; workDir: /scratch/g/vjin/Yu/hic_pipeline/work_batch_DTB-008-BL/25/58bbbfaecadcfef9746cc4acc463c7 started: 1788208654638; exited: -; ]
~> TaskHandler[jobId: 7505692; id: 8; name: NFCORE_HIC:HIC:HICPRO:HICPRO_MAPPING:BOWTIE2_ALIGN (DTB-008-BL); status: RUNNING; exit: -; error: -; workDir: /scratch/g/vjin/Yu/hic_pipeline/work_batch_DTB-008-BL/cc/adffad3e5154ff92619b90d77a8c08 started: 1788208654641; exited: -; ]
Aug-31 22:56:55.666 [Task monitor] DEBUG n.processor.TaskPollingMonitor - !! executor slurm > tasks to be completed: 2 -- submitted tasks are shown below
~> TaskHandler[jobId: 7505691; id: 7; name: NFCORE_HIC:HIC:HICPRO:HICPRO_MAPPING:BOWTIE2_ALIGN (DTB-008-BL); status: RUNNING; exit: -; error: -; workDir: /scratch/g/vjin/Yu/hic_pipeline/work_batch_DTB-008-BL/25/58bbbfaecadcfef9746cc4acc463c7 started: 1788208654638; exited: -; ]
~> TaskHandler[jobId: 7505692; id: 8; name: NFCORE_HIC:HIC:HICPRO:HICPRO_MAPPING:BOWTIE2_ALIGN (DTB-008-BL); status: RUNNING; exit: -; error: -; workDir: /scratch/g/vjin/Yu/hic_pipeline/work_batch_DTB-008-BL/cc/adffad3e5154ff92619b90d77a8c08 started: 1788208654641; exited: -; ]
Aug-31 23:01:55.676 [Task monitor] DEBUG n.processor.TaskPollingMonitor - !! executor slurm > tasks to be completed: 2 -- submitted tasks are shown below
~> TaskHandler[jobId: 7505691; id: 7; name: NFCORE_HIC:HIC:HICPRO:HICPRO_MAPPING:BOWTIE2_ALIGN (DTB-008-BL); status: RUNNING; exit: -; error: -; workDir: /scratch/g/vjin/Yu/hic_pipeline/work_batch_DTB-008-BL/25/58bbbfaecadcfef9746cc4acc463c7 started: 1788208654638; exited: -; ]
~> TaskHandler[jobId: 7505692; id: 8; name: NFCORE_HIC:HIC:HICPRO:HICPRO_MAPPING:BOWTIE2_ALIGN (DTB-008-BL); status: RUNNING; exit: -; error: -; workDir: /scratch/g/vjin/Yu/hic_pipeline/work_batch_DTB-008-BL/cc/adffad3e5154ff92619b90d77a8c08 started: 1788208654641; exited: -; ]
Aug-31 23:06:55.684 [Task monitor] DEBUG n.processor.TaskPollingMonitor - !! executor slurm > tasks to be completed: 2 -- submitted tasks are shown below
~> TaskHandler[jobId: 7505691; id: 7; name: NFCORE_HIC:HIC:HICPRO:HICPRO_MAPPING:BOWTIE2_ALIGN (DTB-008-BL); status: RUNNING; exit: -; error: -; workDir: /scratch/g/vjin/Yu/hic_pipeline/work_batch_DTB-008-BL/25/58bbbfaecadcfef9746cc4acc463c7 started: 1788208654638; exited: -; ]
~> TaskHandler[jobId: 7505692; id: 8; name: NFCORE_HIC:HIC:HICPRO:HICPRO_MAPPING:BOWTIE2_ALIGN (DTB-008-BL); status: RUNNING; exit: -; error: -; workDir: /scratch/g/vjin/Yu/hic_pipeline/work_batch_DTB-008-BL/cc/adffad3e5154ff92619b90d77a8c08 started: 1788208654641; exited: -; ]
Aug-31 23:11:55.693 [Task monitor] DEBUG n.processor.TaskPollingMonitor - !! executor slurm > tasks to be completed: 2 -- submitted tasks are shown below
~> TaskHandler[jobId: 7505691; id: 7; name: NFCORE_HIC:HIC:HICPRO:HICPRO_MAPPING:BOWTIE2_ALIGN (DTB-008-BL); status: RUNNING; exit: -; error: -; workDir: /scratch/g/vjin/Yu/hic_pipeline/work_batch_DTB-008-BL/25/58bbbfaecadcfef9746cc4acc463c7 started: 1788208654638; exited: -; ]
~> TaskHandler[jobId: 7505692; id: 8; name: NFCORE_HIC:HIC:HICPRO:HICPRO_MAPPING:BOWTIE2_ALIGN (DTB-008-BL); status: RUNNING; exit: -; error: -; workDir: /scratch/g/vjin/Yu/hic_pipeline/work_batch_DTB-008-BL/cc/adffad3e5154ff92619b90d77a8c08 started: 1788208654641; exited: -; ]
Aug-31 23:16:55.705 [Task monitor] DEBUG n.processor.TaskPollingMonitor - !! executor slurm > tasks to be completed: 2 -- submitted tasks are shown below
~> TaskHandler[jobId: 7505691; id: 7; name: NFCORE_HIC:HIC:HICPRO:HICPRO_MAPPING:BOWTIE2_ALIGN (DTB-008-BL); status: RUNNING; exit: -; error: -; workDir: /scratch/g/vjin/Yu/hic_pipeline/work_batch_DTB-008-BL/25/58bbbfaecadcfef9746cc4acc463c7 started: 1788208654638; exited: -; ]
~> TaskHandler[jobId: 7505692; id: 8; name: NFCORE_HIC:HIC:HICPRO:HICPRO_MAPPING:BOWTIE2_ALIGN (DTB-008-BL); status: RUNNING; exit: -; error: -; workDir: /scratch/g/vjin/Yu/hic_pipeline/work_batch_DTB-008-BL/cc/adffad3e5154ff92619b90d77a8c08 started: 1788208654641; exited: -; ]
Aug-31 23:21:55.717 [Task monitor] DEBUG n.processor.TaskPollingMonitor - !! executor slurm > tasks to be completed: 2 -- submitted tasks are shown below
~> TaskHandler[jobId: 7505691; id: 7; name: NFCORE_HIC:HIC:HICPRO:HICPRO_MAPPING:BOWTIE2_ALIGN (DTB-008-BL); status: RUNNING; exit: -; error: -; workDir: /scratch/g/vjin/Yu/hic_pipeline/work_batch_DTB-008-BL/25/58bbbfaecadcfef9746cc4acc463c7 started: 1788208654638; exited: -; ]
~> TaskHandler[jobId: 7505692; id: 8; name: NFCORE_HIC:HIC:HICPRO:HICPRO_MAPPING:BOWTIE2_ALIGN (DTB-008-BL); status: RUNNING; exit: -; error: -; workDir: /scratch/g/vjin/Yu/hic_pipeline/work_batch_DTB-008-BL/cc/adffad3e5154ff92619b90d77a8c08 started: 1788208654641; exited: -; ]
Aug-31 23:26:55.731 [Task monitor] DEBUG n.processor.TaskPollingMonitor - !! executor slurm > tasks to be completed: 2 -- submitted tasks are shown below
~> TaskHandler[jobId: 7505691; id: 7; name: NFCORE_HIC:HIC:HICPRO:HICPRO_MAPPING:BOWTIE2_ALIGN (DTB-008-BL); status: RUNNING; exit: -; error: -; workDir: /scratch/g/vjin/Yu/hic_pipeline/work_batch_DTB-008-BL/25/58bbbfaecadcfef9746cc4acc463c7 started: 1788208654638; exited: -; ]
~> TaskHandler[jobId: 7505692; id: 8; name: NFCORE_HIC:HIC:HICPRO:HICPRO_MAPPING:BOWTIE2_ALIGN (DTB-008-BL); status: RUNNING; exit: -; error: -; workDir: /scratch/g/vjin/Yu/hic_pipeline/work_batch_DTB-008-BL/cc/adffad3e5154ff92619b90d77a8c08 started: 1788208654641; exited: -; ]
Aug-31 23:31:55.740 [Task monitor] DEBUG n.processor.TaskPollingMonitor - !! executor slurm > tasks to be completed: 2 -- submitted tasks are shown below
~> TaskHandler[jobId: 7505691; id: 7; name: NFCORE_HIC:HIC:HICPRO:HICPRO_MAPPING:BOWTIE2_ALIGN (DTB-008-BL); status: RUNNING; exit: -; error: -; workDir: /scratch/g/vjin/Yu/hic_pipeline/work_batch_DTB-008-BL/25/58bbbfaecadcfef9746cc4acc463c7 started: 1788208654638; exited: -; ]
~> TaskHandler[jobId: 7505692; id: 8; name: NFCORE_HIC:HIC:HICPRO:HICPRO_MAPPING:BOWTIE2_ALIGN (DTB-008-BL); status: RUNNING; exit: -; error: -; workDir: /scratch/g/vjin/Yu/hic_pipeline/work_batch_DTB-008-BL/cc/adffad3e5154ff92619b90d77a8c08 started: 1788208654641; exited: -; ]
Aug-31 23:36:55.752 [Task monitor] DEBUG n.processor.TaskPollingMonitor - !! executor slurm > tasks to be completed: 2 -- submitted tasks are shown below
~> TaskHandler[jobId: 7505691; id: 7; name: NFCORE_HIC:HIC:HICPRO:HICPRO_MAPPING:BOWTIE2_ALIGN (DTB-008-BL); status: RUNNING; exit: -; error: -; workDir: /scratch/g/vjin/Yu/hic_pipeline/work_batch_DTB-008-BL/25/58bbbfaecadcfef9746cc4acc463c7 started: 1788208654638; exited: -; ]
~> TaskHandler[jobId: 7505692; id: 8; name: NFCORE_HIC:HIC:HICPRO:HICPRO_MAPPING:BOWTIE2_ALIGN (DTB-008-BL); status: RUNNING; exit: -; error: -; workDir: /scratch/g/vjin/Yu/hic_pipeline/work_batch_DTB-008-BL/cc/adffad3e5154ff92619b90d77a8c08 started: 1788208654641; exited: -; ]
Aug-31 23:41:55.762 [Task monitor] DEBUG n.processor.TaskPollingMonitor - !! executor slurm > tasks to be completed: 2 -- submitted tasks are shown below
~> TaskHandler[jobId: 7505691; id: 7; name: NFCORE_HIC:HIC:HICPRO:HICPRO_MAPPING:BOWTIE2_ALIGN (DTB-008-BL); status: RUNNING; exit: -; error: -; workDir: /scratch/g/vjin/Yu/hic_pipeline/work_batch_DTB-008-BL/25/58bbbfaecadcfef9746cc4acc463c7 started: 1788208654638; exited: -; ]
~> TaskHandler[jobId: 7505692; id: 8; name: NFCORE_HIC:HIC:HICPRO:HICPRO_MAPPING:BOWTIE2_ALIGN (DTB-008-BL); status: RUNNING; exit: -; error: -; workDir: /scratch/g/vjin/Yu/hic_pipeline/work_batch_DTB-008-BL/cc/adffad3e5154ff92619b90d77a8c08 started: 1788208654641; exited: -; ]
Aug-31 23:46:55.773 [Task monitor] DEBUG n.processor.TaskPollingMonitor - !! executor slurm > tasks to be completed: 2 -- submitted tasks are shown below
~> TaskHandler[jobId: 7505691; id: 7; name: NFCORE_HIC:HIC:HICPRO:HICPRO_MAPPING:BOWTIE2_ALIGN (DTB-008-BL); status: RUNNING; exit: -; error: -; workDir: /scratch/g/vjin/Yu/hic_pipeline/work_batch_DTB-008-BL/25/58bbbfaecadcfef9746cc4acc463c7 started: 1788208654638; exited: -; ]
~> TaskHandler[jobId: 7505692; id: 8; name: NFCORE_HIC:HIC:HICPRO:HICPRO_MAPPING:BOWTIE2_ALIGN (DTB-008-BL); status: RUNNING; exit: -; error: -; workDir: /scratch/g/vjin/Yu/hic_pipeline/work_batch_DTB-008-BL/cc/adffad3e5154ff92619b90d77a8c08 started: 1788208654641; exited: -; ]
Aug-31 23:51:55.786 [Task monitor] DEBUG n.processor.TaskPollingMonitor - !! executor slurm > tasks to be completed: 2 -- submitted tasks are shown below
~> TaskHandler[jobId: 7505691; id: 7; name: NFCORE_HIC:HIC:HICPRO:HICPRO_MAPPING:BOWTIE2_ALIGN (DTB-008-BL); status: RUNNING; exit: -; error: -; workDir: /scratch/g/vjin/Yu/hic_pipeline/work_batch_DTB-008-BL/25/58bbbfaecadcfef9746cc4acc463c7 started: 1788208654638; exited: -; ]
~> TaskHandler[jobId: 7505692; id: 8; name: NFCORE_HIC:HIC:HICPRO:HICPRO_MAPPING:BOWTIE2_ALIGN (DTB-008-BL); status: RUNNING; exit: -; error: -; workDir: /scratch/g/vjin/Yu/hic_pipeline/work_batch_DTB-008-BL/cc/adffad3e5154ff92619b90d77a8c08 started: 1788208654641; exited: -; ]
Aug-31 23:56:55.796 [Task monitor] DEBUG n.processor.TaskPollingMonitor - !! executor slurm > tasks to be completed: 2 -- submitted tasks are shown below
~> TaskHandler[jobId: 7505691; id: 7; name: NFCORE_HIC:HIC:HICPRO:HICPRO_MAPPING:BOWTIE2_ALIGN (DTB-008-BL); status: RUNNING; exit: -; error: -; workDir: /scratch/g/vjin/Yu/hic_pipeline/work_batch_DTB-008-BL/25/58bbbfaecadcfef9746cc4acc463c7 started: 1788208654638; exited: -; ]
~> TaskHandler[jobId: 7505692; id: 8; name: NFCORE_HIC:HIC:HICPRO:HICPRO_MAPPING:BOWTIE2_ALIGN (DTB-008-BL); status: RUNNING; exit: -; error: -; workDir: /scratch/g/vjin/Yu/hic_pipeline/work_batch_DTB-008-BL/cc/adffad3e5154ff92619b90d77a8c08 started: 1788208654641; exited: -; ]
Sep-01 00:01:55.804 [Task monitor] DEBUG n.processor.TaskPollingMonitor - !! executor slurm > tasks to be completed: 2 -- submitted tasks are shown below
~> TaskHandler[jobId: 7505691; id: 7; name: NFCORE_HIC:HIC:HICPRO:HICPRO_MAPPING:BOWTIE2_ALIGN (DTB-008-BL); status: RUNNING; exit: -; error: -; workDir: /scratch/g/vjin/Yu/hic_pipeline/work_batch_DTB-008-BL/25/58bbbfaecadcfef9746cc4acc463c7 started: 1788208654638; exited: -; ]
~> TaskHandler[jobId: 7505692; id: 8; name: NFCORE_HIC:HIC:HICPRO:HICPRO_MAPPING:BOWTIE2_ALIGN (DTB-008-BL); status: RUNNING; exit: -; error: -; workDir: /scratch/g/vjin/Yu/hic_pipeline/work_batch_DTB-008-BL/cc/adffad3e5154ff92619b90d77a8c08 started: 1788208654641; exited: -; ]
Sep-01 00:06:55.812 [Task monitor] DEBUG n.processor.TaskPollingMonitor - !! executor slurm > tasks to be completed: 2 -- submitted tasks are shown below
~> TaskHandler[jobId: 7505691; id: 7; name: NFCORE_HIC:HIC:HICPRO:HICPRO_MAPPING:BOWTIE2_ALIGN (DTB-008-BL); status: RUNNING; exit: -; error: -; workDir: /scratch/g/vjin/Yu/hic_pipeline/work_batch_DTB-008-BL/25/58bbbfaecadcfef9746cc4acc463c7 started: 1788208654638; exited: -; ]
~> TaskHandler[jobId: 7505692; id: 8; name: NFCORE_HIC:HIC:HICPRO:HICPRO_MAPPING:BOWTIE2_ALIGN (DTB-008-BL); status: RUNNING; exit: -; error: -; workDir: /scratch/g/vjin/Yu/hic_pipeline/work_batch_DTB-008-BL/cc/adffad3e5154ff92619b90d77a8c08 started: 1788208654641; exited: -; ]
Sep-01 00:11:55.818 [Task monitor] DEBUG n.processor.TaskPollingMonitor - !! executor slurm > tasks to be completed: 2 -- submitted tasks are shown below
~> TaskHandler[jobId: 7505691; id: 7; name: NFCORE_HIC:HIC:HICPRO:HICPRO_MAPPING:BOWTIE2_ALIGN (DTB-008-BL); status: RUNNING; exit: -; error: -; workDir: /scratch/g/vjin/Yu/hic_pipeline/work_batch_DTB-008-BL/25/58bbbfaecadcfef9746cc4acc463c7 started: 1788208654638; exited: -; ]
~> TaskHandler[jobId: 7505692; id: 8; name: NFCORE_HIC:HIC:HICPRO:HICPRO_MAPPING:BOWTIE2_ALIGN (DTB-008-BL); status: RUNNING; exit: -; error: -; workDir: /scratch/g/vjin/Yu/hic_pipeline/work_batch_DTB-008-BL/cc/adffad3e5154ff92619b90d77a8c08 started: 1788208654641; exited: -; ]
Sep-01 00:16:55.828 [Task monitor] DEBUG n.processor.TaskPollingMonitor - !! executor slurm > tasks to be completed: 2 -- submitted tasks are shown below
~> TaskHandler[jobId: 7505691; id: 7; name: NFCORE_HIC:HIC:HICPRO:HICPRO_MAPPING:BOWTIE2_ALIGN (DTB-008-BL); status: RUNNING; exit: -; error: -; workDir: /scratch/g/vjin/Yu/hic_pipeline/work_batch_DTB-008-BL/25/58bbbfaecadcfef9746cc4acc463c7 started: 1788208654638; exited: -; ]
~> TaskHandler[jobId: 7505692; id: 8; name: NFCORE_HIC:HIC:HICPRO:HICPRO_MAPPING:BOWTIE2_ALIGN (DTB-008-BL); status: RUNNING; exit: -; error: -; workDir: /scratch/g/vjin/Yu/hic_pipeline/work_batch_DTB-008-BL/cc/adffad3e5154ff92619b90d77a8c08 started: 1788208654641; exited: -; ]
Sep-01 00:21:55.841 [Task monitor] DEBUG n.processor.TaskPollingMonitor - !! executor slurm > tasks to be completed: 2 -- submitted tasks are shown below
~> TaskHandler[jobId: 7505691; id: 7; name: NFCORE_HIC:HIC:HICPRO:HICPRO_MAPPING:BOWTIE2_ALIGN (DTB-008-BL); status: RUNNING; exit: -; error: -; workDir: /scratch/g/vjin/Yu/hic_pipeline/work_batch_DTB-008-BL/25/58bbbfaecadcfef9746cc4acc463c7 started: 1788208654638; exited: -; ]
~> TaskHandler[jobId: 7505692; id: 8; name: NFCORE_HIC:HIC:HICPRO:HICPRO_MAPPING:BOWTIE2_ALIGN (DTB-008-BL); status: RUNNING; exit: -; error: -; workDir: /scratch/g/vjin/Yu/hic_pipeline/work_batch_DTB-008-BL/cc/adffad3e5154ff92619b90d77a8c08 started: 1788208654641; exited: -; ]
Sep-01 00:26:55.853 [Task monitor] DEBUG n.processor.TaskPollingMonitor - !! executor slurm > tasks to be completed: 2 -- submitted tasks are shown below
~> TaskHandler[jobId: 7505691; id: 7; name: NFCORE_HIC:HIC:HICPRO:HICPRO_MAPPING:BOWTIE2_ALIGN (DTB-008-BL); status: RUNNING; exit: -; error: -; workDir: /scratch/g/vjin/Yu/hic_pipeline/work_batch_DTB-008-BL/25/58bbbfaecadcfef9746cc4acc463c7 started: 1788208654638; exited: -; ]
~> TaskHandler[jobId: 7505692; id: 8; name: NFCORE_HIC:HIC:HICPRO:HICPRO_MAPPING:BOWTIE2_ALIGN (DTB-008-BL); status: RUNNING; exit: -; error: -; workDir: /scratch/g/vjin/Yu/hic_pipeline/work_batch_DTB-008-BL/cc/adffad3e5154ff92619b90d77a8c08 started: 1788208654641; exited: -; ]
Sep-01 00:31:55.864 [Task monitor] DEBUG n.processor.TaskPollingMonitor - !! executor slurm > tasks to be completed: 2 -- submitted tasks are shown below
~> TaskHandler[jobId: 7505691; id: 7; name: NFCORE_HIC:HIC:HICPRO:HICPRO_MAPPING:BOWTIE2_ALIGN (DTB-008-BL); status: RUNNING; exit: -; error: -; workDir: /scratch/g/vjin/Yu/hic_pipeline/work_batch_DTB-008-BL/25/58bbbfaecadcfef9746cc4acc463c7 started: 1788208654638; exited: -; ]
~> TaskHandler[jobId: 7505692; id: 8; name: NFCORE_HIC:HIC:HICPRO:HICPRO_MAPPING:BOWTIE2_ALIGN (DTB-008-BL); status: RUNNING; exit: -; error: -; workDir: /scratch/g/vjin/Yu/hic_pipeline/work_batch_DTB-008-BL/cc/adffad3e5154ff92619b90d77a8c08 started: 1788208654641; exited: -; ]
Sep-01 00:36:55.873 [Task monitor] DEBUG n.processor.TaskPollingMonitor - !! executor slurm > tasks to be completed: 2 -- submitted tasks are shown below
~> TaskHandler[jobId: 7505691; id: 7; name: NFCORE_HIC:HIC:HICPRO:HICPRO_MAPPING:BOWTIE2_ALIGN (DTB-008-BL); status: RUNNING; exit: -; error: -; workDir: /scratch/g/vjin/Yu/hic_pipeline/work_batch_DTB-008-BL/25/58bbbfaecadcfef9746cc4acc463c7 started: 1788208654638; exited: -; ]
~> TaskHandler[jobId: 7505692; id: 8; name: NFCORE_HIC:HIC:HICPRO:HICPRO_MAPPING:BOWTIE2_ALIGN (DTB-008-BL); status: RUNNING; exit: -; error: -; workDir: /scratch/g/vjin/Yu/hic_pipeline/work_batch_DTB-008-BL/cc/adffad3e5154ff92619b90d77a8c08 started: 1788208654641; exited: -; ]
Sep-01 00:41:55.880 [Task monitor] DEBUG n.processor.TaskPollingMonitor - !! executor slurm > tasks to be completed: 2 -- submitted tasks are shown below
~> TaskHandler[jobId: 7505691; id: 7; name: NFCORE_HIC:HIC:HICPRO:HICPRO_MAPPING:BOWTIE2_ALIGN (DTB-008-BL); status: RUNNING; exit: -; error: -; workDir: /scratch/g/vjin/Yu/hic_pipeline/work_batch_DTB-008-BL/25/58bbbfaecadcfef9746cc4acc463c7 started: 1788208654638; exited: -; ]
~> TaskHandler[jobId: 7505692; id: 8; name: NFCORE_HIC:HIC:HICPRO:HICPRO_MAPPING:BOWTIE2_ALIGN (DTB-008-BL); status: RUNNING; exit: -; error: -; workDir: /scratch/g/vjin/Yu/hic_pipeline/work_batch_DTB-008-BL/cc/adffad3e5154ff92619b90d77a8c08 started: 1788208654641; exited: -; ]
Sep-01 00:46:55.889 [Task monitor] DEBUG n.processor.TaskPollingMonitor - !! executor slurm > tasks to be completed: 2 -- submitted tasks are shown below
~> TaskHandler[jobId: 7505691; id: 7; name: NFCORE_HIC:HIC:HICPRO:HICPRO_MAPPING:BOWTIE2_ALIGN (DTB-008-BL); status: RUNNING; exit: -; error: -; workDir: /scratch/g/vjin/Yu/hic_pipeline/work_batch_DTB-008-BL/25/58bbbfaecadcfef9746cc4acc463c7 started: 1788208654638; exited: -; ]
~> TaskHandler[jobId: 7505692; id: 8; name: NFCORE_HIC:HIC:HICPRO:HICPRO_MAPPING:BOWTIE2_ALIGN (DTB-008-BL); status: RUNNING; exit: -; error: -; workDir: /scratch/g/vjin/Yu/hic_pipeline/work_batch_DTB-008-BL/cc/adffad3e5154ff92619b90d77a8c08 started: 1788208654641; exited: -; ]
Sep-01 00:51:55.898 [Task monitor] DEBUG n.processor.TaskPollingMonitor - !! executor slurm > tasks to be completed: 2 -- submitted tasks are shown below
~> TaskHandler[jobId: 7505691; id: 7; name: NFCORE_HIC:HIC:HICPRO:HICPRO_MAPPING:BOWTIE2_ALIGN (DTB-008-BL); status: RUNNING; exit: -; error: -; workDir: /scratch/g/vjin/Yu/hic_pipeline/work_batch_DTB-008-BL/25/58bbbfaecadcfef9746cc4acc463c7 started: 1788208654638; exited: -; ]
~> TaskHandler[jobId: 7505692; id: 8; name: NFCORE_HIC:HIC:HICPRO:HICPRO_MAPPING:BOWTIE2_ALIGN (DTB-008-BL); status: RUNNING; exit: -; error: -; workDir: /scratch/g/vjin/Yu/hic_pipeline/work_batch_DTB-008-BL/cc/adffad3e5154ff92619b90d77a8c08 started: 1788208654641; exited: -; ]
Sep-01 00:56:55.908 [Task monitor] DEBUG n.processor.TaskPollingMonitor - !! executor slurm > tasks to be completed: 2 -- submitted tasks are shown below
~> TaskHandler[jobId: 7505691; id: 7; name: NFCORE_HIC:HIC:HICPRO:HICPRO_MAPPING:BOWTIE2_ALIGN (DTB-008-BL); status: RUNNING; exit: -; error: -; workDir: /scratch/g/vjin/Yu/hic_pipeline/work_batch_DTB-008-BL/25/58bbbfaecadcfef9746cc4acc463c7 started: 1788208654638; exited: -; ]
~> TaskHandler[jobId: 7505692; id: 8; name: NFCORE_HIC:HIC:HICPRO:HICPRO_MAPPING:BOWTIE2_ALIGN (DTB-008-BL); status: RUNNING; exit: -; error: -; workDir: /scratch/g/vjin/Yu/hic_pipeline/work_batch_DTB-008-BL/cc/adffad3e5154ff92619b90d77a8c08 started: 1788208654641; exited: -; ]
Sep-01 01:01:55.922 [Task monitor] DEBUG n.processor.TaskPollingMonitor - !! executor slurm > tasks to be completed: 2 -- submitted tasks are shown below
~> TaskHandler[jobId: 7505691; id: 7; name: NFCORE_HIC:HIC:HICPRO:HICPRO_MAPPING:BOWTIE2_ALIGN (DTB-008-BL); status: RUNNING; exit: -; error: -; workDir: /scratch/g/vjin/Yu/hic_pipeline/work_batch_DTB-008-BL/25/58bbbfaecadcfef9746cc4acc463c7 started: 1788208654638; exited: -; ]
~> TaskHandler[jobId: 7505692; id: 8; name: NFCORE_HIC:HIC:HICPRO:HICPRO_MAPPING:BOWTIE2_ALIGN (DTB-008-BL); status: RUNNING; exit: -; error: -; workDir: /scratch/g/vjin/Yu/hic_pipeline/work_batch_DTB-008-BL/cc/adffad3e5154ff92619b90d77a8c08 started: 1788208654641; exited: -; ]
Sep-01 01:06:55.931 [Task monitor] DEBUG n.processor.TaskPollingMonitor - !! executor slurm > tasks to be completed: 2 -- submitted tasks are shown below
~> TaskHandler[jobId: 7505691; id: 7; name: NFCORE_HIC:HIC:HICPRO:HICPRO_MAPPING:BOWTIE2_ALIGN (DTB-008-BL); status: RUNNING; exit: -; error: -; workDir: /scratch/g/vjin/Yu/hic_pipeline/work_batch_DTB-008-BL/25/58bbbfaecadcfef9746cc4acc463c7 started: 1788208654638; exited: -; ]
~> TaskHandler[jobId: 7505692; id: 8; name: NFCORE_HIC:HIC:HICPRO:HICPRO_MAPPING:BOWTIE2_ALIGN (DTB-008-BL); status: RUNNING; exit: -; error: -; workDir: /scratch/g/vjin/Yu/hic_pipeline/work_batch_DTB-008-BL/cc/adffad3e5154ff92619b90d77a8c08 started: 1788208654641; exited: -; ]
Sep-01 01:11:55.939 [Task monitor] DEBUG n.processor.TaskPollingMonitor - !! executor slurm > tasks to be completed: 2 -- submitted tasks are shown below
~> TaskHandler[jobId: 7505691; id: 7; name: NFCORE_HIC:HIC:HICPRO:HICPRO_MAPPING:BOWTIE2_ALIGN (DTB-008-BL); status: RUNNING; exit: -; error: -; workDir: /scratch/g/vjin/Yu/hic_pipeline/work_batch_DTB-008-BL/25/58bbbfaecadcfef9746cc4acc463c7 started: 1788208654638; exited: -; ]
~> TaskHandler[jobId: 7505692; id: 8; name: NFCORE_HIC:HIC:HICPRO:HICPRO_MAPPING:BOWTIE2_ALIGN (DTB-008-BL); status: RUNNING; exit: -; error: -; workDir: /scratch/g/vjin/Yu/hic_pipeline/work_batch_DTB-008-BL/cc/adffad3e5154ff92619b90d77a8c08 started: 1788208654641; exited: -; ]
Sep-01 01:16:55.950 [Task monitor] DEBUG n.processor.TaskPollingMonitor - !! executor slurm > tasks to be completed: 2 -- submitted tasks are shown below
~> TaskHandler[jobId: 7505691; id: 7; name: NFCORE_HIC:HIC:HICPRO:HICPRO_MAPPING:BOWTIE2_ALIGN (DTB-008-BL); status: RUNNING; exit: -; error: -; workDir: /scratch/g/vjin/Yu/hic_pipeline/work_batch_DTB-008-BL/25/58bbbfaecadcfef9746cc4acc463c7 started: 1788208654638; exited: -; ]
~> TaskHandler[jobId: 7505692; id: 8; name: NFCORE_HIC:HIC:HICPRO:HICPRO_MAPPING:BOWTIE2_ALIGN (DTB-008-BL); status: RUNNING; exit: -; error: -; workDir: /scratch/g/vjin/Yu/hic_pipeline/work_batch_DTB-008-BL/cc/adffad3e5154ff92619b90d77a8c08 started: 1788208654641; exited: -; ]
Sep-01 01:21:55.962 [Task monitor] DEBUG n.processor.TaskPollingMonitor - !! executor slurm > tasks to be completed: 2 -- submitted tasks are shown below
~> TaskHandler[jobId: 7505691; id: 7; name: NFCORE_HIC:HIC:HICPRO:HICPRO_MAPPING:BOWTIE2_ALIGN (DTB-008-BL); status: RUNNING; exit: -; error: -; workDir: /scratch/g/vjin/Yu/hic_pipeline/work_batch_DTB-008-BL/25/58bbbfaecadcfef9746cc4acc463c7 started: 1788208654638; exited: -; ]
~> TaskHandler[jobId: 7505692; id: 8; name: NFCORE_HIC:HIC:HICPRO:HICPRO_MAPPING:BOWTIE2_ALIGN (DTB-008-BL); status: RUNNING; exit: -; error: -; workDir: /scratch/g/vjin/Yu/hic_pipeline/work_batch_DTB-008-BL/cc/adffad3e5154ff92619b90d77a8c08 started: 1788208654641; exited: -; ]
Sep-01 01:26:55.973 [Task monitor] DEBUG n.processor.TaskPollingMonitor - !! executor slurm > tasks to be completed: 2 -- submitted tasks are shown below
~> TaskHandler[jobId: 7505691; id: 7; name: NFCORE_HIC:HIC:HICPRO:HICPRO_MAPPING:BOWTIE2_ALIGN (DTB-008-BL); status: RUNNING; exit: -; error: -; workDir: /scratch/g/vjin/Yu/hic_pipeline/work_batch_DTB-008-BL/25/58bbbfaecadcfef9746cc4acc463c7 started: 1788208654638; exited: -; ]
~> TaskHandler[jobId: 7505692; id: 8; name: NFCORE_HIC:HIC:HICPRO:HICPRO_MAPPING:BOWTIE2_ALIGN (DTB-008-BL); status: RUNNING; exit: -; error: -; workDir: /scratch/g/vjin/Yu/hic_pipeline/work_batch_DTB-008-BL/cc/adffad3e5154ff92619b90d77a8c08 started: 1788208654641; exited: -; ]
Sep-01 01:31:55.985 [Task monitor] DEBUG n.processor.TaskPollingMonitor - !! executor slurm > tasks to be completed: 2 -- submitted tasks are shown below
~> TaskHandler[jobId: 7505691; id: 7; name: NFCORE_HIC:HIC:HICPRO:HICPRO_MAPPING:BOWTIE2_ALIGN (DTB-008-BL); status: RUNNING; exit: -; error: -; workDir: /scratch/g/vjin/Yu/hic_pipeline/work_batch_DTB-008-BL/25/58bbbfaecadcfef9746cc4acc463c7 started: 1788208654638; exited: -; ]
~> TaskHandler[jobId: 7505692; id: 8; name: NFCORE_HIC:HIC:HICPRO:HICPRO_MAPPING:BOWTIE2_ALIGN (DTB-008-BL); status: RUNNING; exit: -; error: -; workDir: /scratch/g/vjin/Yu/hic_pipeline/work_batch_DTB-008-BL/cc/adffad3e5154ff92619b90d77a8c08 started: 1788208654641; exited: -; ]
Sep-01 01:36:55.998 [Task monitor] DEBUG n.processor.TaskPollingMonitor - !! executor slurm > tasks to be completed: 2 -- submitted tasks are shown below
~> TaskHandler[jobId: 7505691; id: 7; name: NFCORE_HIC:HIC:HICPRO:HICPRO_MAPPING:BOWTIE2_ALIGN (DTB-008-BL); status: RUNNING; exit: -; error: -; workDir: /scratch/g/vjin/Yu/hic_pipeline/work_batch_DTB-008-BL/25/58bbbfaecadcfef9746cc4acc463c7 started: 1788208654638; exited: -; ]
~> TaskHandler[jobId: 7505692; id: 8; name: NFCORE_HIC:HIC:HICPRO:HICPRO_MAPPING:BOWTIE2_ALIGN (DTB-008-BL); status: RUNNING; exit: -; error: -; workDir: /scratch/g/vjin/Yu/hic_pipeline/work_batch_DTB-008-BL/cc/adffad3e5154ff92619b90d77a8c08 started: 1788208654641; exited: -; ]
Sep-01 01:41:56.009 [Task monitor] DEBUG n.processor.TaskPollingMonitor - !! executor slurm > tasks to be completed: 2 -- submitted tasks are shown below
~> TaskHandler[jobId: 7505691; id: 7; name: NFCORE_HIC:HIC:HICPRO:HICPRO_MAPPING:BOWTIE2_ALIGN (DTB-008-BL); status: RUNNING; exit: -; error: -; workDir: /scratch/g/vjin/Yu/hic_pipeline/work_batch_DTB-008-BL/25/58bbbfaecadcfef9746cc4acc463c7 started: 1788208654638; exited: -; ]
~> TaskHandler[jobId: 7505692; id: 8; name: NFCORE_HIC:HIC:HICPRO:HICPRO_MAPPING:BOWTIE2_ALIGN (DTB-008-BL); status: RUNNING; exit: -; error: -; workDir: /scratch/g/vjin/Yu/hic_pipeline/work_batch_DTB-008-BL/cc/adffad3e5154ff92619b90d77a8c08 started: 1788208654641; exited: -; ]
Sep-01 01:46:56.023 [Task monitor] DEBUG n.processor.TaskPollingMonitor - !! executor slurm > tasks to be completed: 2 -- submitted tasks are shown below
~> TaskHandler[jobId: 7505691; id: 7; name: NFCORE_HIC:HIC:HICPRO:HICPRO_MAPPING:BOWTIE2_ALIGN (DTB-008-BL); status: RUNNING; exit: -; error: -; workDir: /scratch/g/vjin/Yu/hic_pipeline/work_batch_DTB-008-BL/25/58bbbfaecadcfef9746cc4acc463c7 started: 1788208654638; exited: -; ]
~> TaskHandler[jobId: 7505692; id: 8; name: NFCORE_HIC:HIC:HICPRO:HICPRO_MAPPING:BOWTIE2_ALIGN (DTB-008-BL); status: RUNNING; exit: -; error: -; workDir: /scratch/g/vjin/Yu/hic_pipeline/work_batch_DTB-008-BL/cc/adffad3e5154ff92619b90d77a8c08 started: 1788208654641; exited: -; ]
Sep-01 01:51:56.032 [Task monitor] DEBUG n.processor.TaskPollingMonitor - !! executor slurm > tasks to be completed: 2 -- submitted tasks are shown below
~> TaskHandler[jobId: 7505691; id: 7; name: NFCORE_HIC:HIC:HICPRO:HICPRO_MAPPING:BOWTIE2_ALIGN (DTB-008-BL); status: RUNNING; exit: -; error: -; workDir: /scratch/g/vjin/Yu/hic_pipeline/work_batch_DTB-008-BL/25/58bbbfaecadcfef9746cc4acc463c7 started: 1788208654638; exited: -; ]
~> TaskHandler[jobId: 7505692; id: 8; name: NFCORE_HIC:HIC:HICPRO:HICPRO_MAPPING:BOWTIE2_ALIGN (DTB-008-BL); status: RUNNING; exit: -; error: -; workDir: /scratch/g/vjin/Yu/hic_pipeline/work_batch_DTB-008-BL/cc/adffad3e5154ff92619b90d77a8c08 started: 1788208654641; exited: -; ]
Sep-01 01:56:56.048 [Task monitor] DEBUG n.processor.TaskPollingMonitor - !! executor slurm > tasks to be completed: 2 -- submitted tasks are shown below
~> TaskHandler[jobId: 7505691; id: 7; name: NFCORE_HIC:HIC:HICPRO:HICPRO_MAPPING:BOWTIE2_ALIGN (DTB-008-BL); status: RUNNING; exit: -; error: -; workDir: /scratch/g/vjin/Yu/hic_pipeline/work_batch_DTB-008-BL/25/58bbbfaecadcfef9746cc4acc463c7 started: 1788208654638; exited: -; ]
~> TaskHandler[jobId: 7505692; id: 8; name: NFCORE_HIC:HIC:HICPRO:HICPRO_MAPPING:BOWTIE2_ALIGN (DTB-008-BL); status: RUNNING; exit: -; error: -; workDir: /scratch/g/vjin/Yu/hic_pipeline/work_batch_DTB-008-BL/cc/adffad3e5154ff92619b90d77a8c08 started: 1788208654641; exited: -; ]
Sep-01 02:01:56.058 [Task monitor] DEBUG n.processor.TaskPollingMonitor - !! executor slurm > tasks to be completed: 2 -- submitted tasks are shown below
~> TaskHandler[jobId: 7505691; id: 7; name: NFCORE_HIC:HIC:HICPRO:HICPRO_MAPPING:BOWTIE2_ALIGN (DTB-008-BL); status: RUNNING; exit: -; error: -; workDir: /scratch/g/vjin/Yu/hic_pipeline/work_batch_DTB-008-BL/25/58bbbfaecadcfef9746cc4acc463c7 started: 1788208654638; exited: -; ]
~> TaskHandler[jobId: 7505692; id: 8; name: NFCORE_HIC:HIC:HICPRO:HICPRO_MAPPING:BOWTIE2_ALIGN (DTB-008-BL); status: RUNNING; exit: -; error: -; workDir: /scratch/g/vjin/Yu/hic_pipeline/work_batch_DTB-008-BL/cc/adffad3e5154ff92619b90d77a8c08 started: 1788208654641; exited: -; ]
Sep-01 02:06:56.065 [Task monitor] DEBUG n.processor.TaskPollingMonitor - !! executor slurm > tasks to be completed: 2 -- submitted tasks are shown below
~> TaskHandler[jobId: 7505691; id: 7; name: NFCORE_HIC:HIC:HICPRO:HICPRO_MAPPING:BOWTIE2_ALIGN (DTB-008-BL); status: RUNNING; exit: -; error: -; workDir: /scratch/g/vjin/Yu/hic_pipeline/work_batch_DTB-008-BL/25/58bbbfaecadcfef9746cc4acc463c7 started: 1788208654638; exited: -; ]
~> TaskHandler[jobId: 7505692; id: 8; name: NFCORE_HIC:HIC:HICPRO:HICPRO_MAPPING:BOWTIE2_ALIGN (DTB-008-BL); status: RUNNING; exit: -; error: -; workDir: /scratch/g/vjin/Yu/hic_pipeline/work_batch_DTB-008-BL/cc/adffad3e5154ff92619b90d77a8c08 started: 1788208654641; exited: -; ]
Sep-01 02:11:56.073 [Task monitor] DEBUG n.processor.TaskPollingMonitor - !! executor slurm > tasks to be completed: 2 -- submitted tasks are shown below
~> TaskHandler[jobId: 7505691; id: 7; name: NFCORE_HIC:HIC:HICPRO:HICPRO_MAPPING:BOWTIE2_ALIGN (DTB-008-BL); status: RUNNING; exit: -; error: -; workDir: /scratch/g/vjin/Yu/hic_pipeline/work_batch_DTB-008-BL/25/58bbbfaecadcfef9746cc4acc463c7 started: 1788208654638; exited: -; ]
~> TaskHandler[jobId: 7505692; id: 8; name: NFCORE_HIC:HIC:HICPRO:HICPRO_MAPPING:BOWTIE2_ALIGN (DTB-008-BL); status: RUNNING; exit: -; error: -; workDir: /scratch/g/vjin/Yu/hic_pipeline/work_batch_DTB-008-BL/cc/adffad3e5154ff92619b90d77a8c08 started: 1788208654641; exited: -; ]
Sep-01 02:16:56.086 [Task monitor] DEBUG n.processor.TaskPollingMonitor - !! executor slurm > tasks to be completed: 2 -- submitted tasks are shown below
~> TaskHandler[jobId: 7505691; id: 7; name: NFCORE_HIC:HIC:HICPRO:HICPRO_MAPPING:BOWTIE2_ALIGN (DTB-008-BL); status: RUNNING; exit: -; error: -; workDir: /scratch/g/vjin/Yu/hic_pipeline/work_batch_DTB-008-BL/25/58bbbfaecadcfef9746cc4acc463c7 started: 1788208654638; exited: -; ]
~> TaskHandler[jobId: 7505692; id: 8; name: NFCORE_HIC:HIC:HICPRO:HICPRO_MAPPING:BOWTIE2_ALIGN (DTB-008-BL); status: RUNNING; exit: -; error: -; workDir: /scratch/g/vjin/Yu/hic_pipeline/work_batch_DTB-008-BL/cc/adffad3e5154ff92619b90d77a8c08 started: 1788208654641; exited: -; ]
Sep-01 02:21:56.100 [Task monitor] DEBUG n.processor.TaskPollingMonitor - !! executor slurm > tasks to be completed: 2 -- submitted tasks are shown below
~> TaskHandler[jobId: 7505691; id: 7; name: NFCORE_HIC:HIC:HICPRO:HICPRO_MAPPING:BOWTIE2_ALIGN (DTB-008-BL); status: RUNNING; exit: -; error: -; workDir: /scratch/g/vjin/Yu/hic_pipeline/work_batch_DTB-008-BL/25/58bbbfaecadcfef9746cc4acc463c7 started: 1788208654638; exited: -; ]
~> TaskHandler[jobId: 7505692; id: 8; name: NFCORE_HIC:HIC:HICPRO:HICPRO_MAPPING:BOWTIE2_ALIGN (DTB-008-BL); status: RUNNING; exit: -; error: -; workDir: /scratch/g/vjin/Yu/hic_pipeline/work_batch_DTB-008-BL/cc/adffad3e5154ff92619b90d77a8c08 started: 1788208654641; exited: -; ]
Sep-01 02:26:56.111 [Task monitor] DEBUG n.processor.TaskPollingMonitor - !! executor slurm > tasks to be completed: 2 -- submitted tasks are shown below
~> TaskHandler[jobId: 7505691; id: 7; name: NFCORE_HIC:HIC:HICPRO:HICPRO_MAPPING:BOWTIE2_ALIGN (DTB-008-BL); status: RUNNING; exit: -; error: -; workDir: /scratch/g/vjin/Yu/hic_pipeline/work_batch_DTB-008-BL/25/58bbbfaecadcfef9746cc4acc463c7 started: 1788208654638; exited: -; ]
~> TaskHandler[jobId: 7505692; id: 8; name: NFCORE_HIC:HIC:HICPRO:HICPRO_MAPPING:BOWTIE2_ALIGN (DTB-008-BL); status: RUNNING; exit: -; error: -; workDir: /scratch/g/vjin/Yu/hic_pipeline/work_batch_DTB-008-BL/cc/adffad3e5154ff92619b90d77a8c08 started: 1788208654641; exited: -; ]
Sep-01 02:31:56.123 [Task monitor] DEBUG n.processor.TaskPollingMonitor - !! executor slurm > tasks to be completed: 2 -- submitted tasks are shown below
~> TaskHandler[jobId: 7505691; id: 7; name: NFCORE_HIC:HIC:HICPRO:HICPRO_MAPPING:BOWTIE2_ALIGN (DTB-008-BL); status: RUNNING; exit: -; error: -; workDir: /scratch/g/vjin/Yu/hic_pipeline/work_batch_DTB-008-BL/25/58bbbfaecadcfef9746cc4acc463c7 started: 1788208654638; exited: -; ]
~> TaskHandler[jobId: 7505692; id: 8; name: NFCORE_HIC:HIC:HICPRO:HICPRO_MAPPING:BOWTIE2_ALIGN (DTB-008-BL); status: RUNNING; exit: -; error: -; workDir: /scratch/g/vjin/Yu/hic_pipeline/work_batch_DTB-008-BL/cc/adffad3e5154ff92619b90d77a8c08 started: 1788208654641; exited: -; ]
Sep-01 02:36:56.130 [Task monitor] DEBUG n.processor.TaskPollingMonitor - !! executor slurm > tasks to be completed: 2 -- submitted tasks are shown below
~> TaskHandler[jobId: 7505691; id: 7; name: NFCORE_HIC:HIC:HICPRO:HICPRO_MAPPING:BOWTIE2_ALIGN (DTB-008-BL); status: RUNNING; exit: -; error: -; workDir: /scratch/g/vjin/Yu/hic_pipeline/work_batch_DTB-008-BL/25/58bbbfaecadcfef9746cc4acc463c7 started: 1788208654638; exited: -; ]
~> TaskHandler[jobId: 7505692; id: 8; name: NFCORE_HIC:HIC:HICPRO:HICPRO_MAPPING:BOWTIE2_ALIGN (DTB-008-BL); status: RUNNING; exit: -; error: -; workDir: /scratch/g/vjin/Yu/hic_pipeline/work_batch_DTB-008-BL/cc/adffad3e5154ff92619b90d77a8c08 started: 1788208654641; exited: -; ]
Sep-01 02:41:56.139 [Task monitor] DEBUG n.processor.TaskPollingMonitor - !! executor slurm > tasks to be completed: 2 -- submitted tasks are shown below
~> TaskHandler[jobId: 7505691; id: 7; name: NFCORE_HIC:HIC:HICPRO:HICPRO_MAPPING:BOWTIE2_ALIGN (DTB-008-BL); status: RUNNING; exit: -; error: -; workDir: /scratch/g/vjin/Yu/hic_pipeline/work_batch_DTB-008-BL/25/58bbbfaecadcfef9746cc4acc463c7 started: 1788208654638; exited: -; ]
~> TaskHandler[jobId: 7505692; id: 8; name: NFCORE_HIC:HIC:HICPRO:HICPRO_MAPPING:BOWTIE2_ALIGN (DTB-008-BL); status: RUNNING; exit: -; error: -; workDir: /scratch/g/vjin/Yu/hic_pipeline/work_batch_DTB-008-BL/cc/adffad3e5154ff92619b90d77a8c08 started: 1788208654641; exited: -; ]
Sep-01 02:46:56.148 [Task monitor] DEBUG n.processor.TaskPollingMonitor - !! executor slurm > tasks to be completed: 2 -- submitted tasks are shown below
~> TaskHandler[jobId: 7505691; id: 7; name: NFCORE_HIC:HIC:HICPRO:HICPRO_MAPPING:BOWTIE2_ALIGN (DTB-008-BL); status: RUNNING; exit: -; error: -; workDir: /scratch/g/vjin/Yu/hic_pipeline/work_batch_DTB-008-BL/25/58bbbfaecadcfef9746cc4acc463c7 started: 1788208654638; exited: -; ]
~> TaskHandler[jobId: 7505692; id: 8; name: NFCORE_HIC:HIC:HICPRO:HICPRO_MAPPING:BOWTIE2_ALIGN (DTB-008-BL); status: RUNNING; exit: -; error: -; workDir: /scratch/g/vjin/Yu/hic_pipeline/work_batch_DTB-008-BL/cc/adffad3e5154ff92619b90d77a8c08 started: 1788208654641; exited: -; ]
Sep-01 02:51:56.159 [Task monitor] DEBUG n.processor.TaskPollingMonitor - !! executor slurm > tasks to be completed: 2 -- submitted tasks are shown below
~> TaskHandler[jobId: 7505691; id: 7; name: NFCORE_HIC:HIC:HICPRO:HICPRO_MAPPING:BOWTIE2_ALIGN (DTB-008-BL); status: RUNNING; exit: -; error: -; workDir: /scratch/g/vjin/Yu/hic_pipeline/work_batch_DTB-008-BL/25/58bbbfaecadcfef9746cc4acc463c7 started: 1788208654638; exited: -; ]
~> TaskHandler[jobId: 7505692; id: 8; name: NFCORE_HIC:HIC:HICPRO:HICPRO_MAPPING:BOWTIE2_ALIGN (DTB-008-BL); status: RUNNING; exit: -; error: -; workDir: /scratch/g/vjin/Yu/hic_pipeline/work_batch_DTB-008-BL/cc/adffad3e5154ff92619b90d77a8c08 started: 1788208654641; exited: -; ]
Sep-01 02:56:56.173 [Task monitor] DEBUG n.processor.TaskPollingMonitor - !! executor slurm > tasks to be completed: 2 -- submitted tasks are shown below
~> TaskHandler[jobId: 7505691; id: 7; name: NFCORE_HIC:HIC:HICPRO:HICPRO_MAPPING:BOWTIE2_ALIGN (DTB-008-BL); status: RUNNING; exit: -; error: -; workDir: /scratch/g/vjin/Yu/hic_pipeline/work_batch_DTB-008-BL/25/58bbbfaecadcfef9746cc4acc463c7 started: 1788208654638; exited: -; ]
~> TaskHandler[jobId: 7505692; id: 8; name: NFCORE_HIC:HIC:HICPRO:HICPRO_MAPPING:BOWTIE2_ALIGN (DTB-008-BL); status: RUNNING; exit: -; error: -; workDir: /scratch/g/vjin/Yu/hic_pipeline/work_batch_DTB-008-BL/cc/adffad3e5154ff92619b90d77a8c08 started: 1788208654641; exited: -; ]
Sep-01 03:01:56.184 [Task monitor] DEBUG n.processor.TaskPollingMonitor - !! executor slurm > tasks to be completed: 2 -- submitted tasks are shown below
~> TaskHandler[jobId: 7505691; id: 7; name: NFCORE_HIC:HIC:HICPRO:HICPRO_MAPPING:BOWTIE2_ALIGN (DTB-008-BL); status: RUNNING; exit: -; error: -; workDir: /scratch/g/vjin/Yu/hic_pipeline/work_batch_DTB-008-BL/25/58bbbfaecadcfef9746cc4acc463c7 started: 1788208654638; exited: -; ]
~> TaskHandler[jobId: 7505692; id: 8; name: NFCORE_HIC:HIC:HICPRO:HICPRO_MAPPING:BOWTIE2_ALIGN (DTB-008-BL); status: RUNNING; exit: -; error: -; workDir: /scratch/g/vjin/Yu/hic_pipeline/work_batch_DTB-008-BL/cc/adffad3e5154ff92619b90d77a8c08 started: 1788208654641; exited: -; ]
Sep-01 03:06:56.192 [Task monitor] DEBUG n.processor.TaskPollingMonitor - !! executor slurm > tasks to be completed: 2 -- submitted tasks are shown below
~> TaskHandler[jobId: 7505691; id: 7; name: NFCORE_HIC:HIC:HICPRO:HICPRO_MAPPING:BOWTIE2_ALIGN (DTB-008-BL); status: RUNNING; exit: -; error: -; workDir: /scratch/g/vjin/Yu/hic_pipeline/work_batch_DTB-008-BL/25/58bbbfaecadcfef9746cc4acc463c7 started: 1788208654638; exited: -; ]
~> TaskHandler[jobId: 7505692; id: 8; name: NFCORE_HIC:HIC:HICPRO:HICPRO_MAPPING:BOWTIE2_ALIGN (DTB-008-BL); status: RUNNING; exit: -; error: -; workDir: /scratch/g/vjin/Yu/hic_pipeline/work_batch_DTB-008-BL/cc/adffad3e5154ff92619b90d77a8c08 started: 1788208654641; exited: -; ]
Sep-01 03:11:56.205 [Task monitor] DEBUG n.processor.TaskPollingMonitor - !! executor slurm > tasks to be completed: 2 -- submitted tasks are shown below
~> TaskHandler[jobId: 7505691; id: 7; name: NFCORE_HIC:HIC:HICPRO:HICPRO_MAPPING:BOWTIE2_ALIGN (DTB-008-BL); status: RUNNING; exit: -; error: -; workDir: /scratch/g/vjin/Yu/hic_pipeline/work_batch_DTB-008-BL/25/58bbbfaecadcfef9746cc4acc463c7 started: 1788208654638; exited: -; ]
~> TaskHandler[jobId: 7505692; id: 8; name: NFCORE_HIC:HIC:HICPRO:HICPRO_MAPPING:BOWTIE2_ALIGN (DTB-008-BL); status: RUNNING; exit: -; error: -; workDir: /scratch/g/vjin/Yu/hic_pipeline/work_batch_DTB-008-BL/cc/adffad3e5154ff92619b90d77a8c08 started: 1788208654641; exited: -; ]
Sep-01 03:16:56.220 [Task monitor] DEBUG n.processor.TaskPollingMonitor - !! executor slurm > tasks to be completed: 2 -- submitted tasks are shown below
~> TaskHandler[jobId: 7505691; id: 7; name: NFCORE_HIC:HIC:HICPRO:HICPRO_MAPPING:BOWTIE2_ALIGN (DTB-008-BL); status: RUNNING; exit: -; error: -; workDir: /scratch/g/vjin/Yu/hic_pipeline/work_batch_DTB-008-BL/25/58bbbfaecadcfef9746cc4acc463c7 started: 1788208654638; exited: -; ]
~> TaskHandler[jobId: 7505692; id: 8; name: NFCORE_HIC:HIC:HICPRO:HICPRO_MAPPING:BOWTIE2_ALIGN (DTB-008-BL); status: RUNNING; exit: -; error: -; workDir: /scratch/g/vjin/Yu/hic_pipeline/work_batch_DTB-008-BL/cc/adffad3e5154ff92619b90d77a8c08 started: 1788208654641; exited: -; ]
Sep-01 03:21:56.230 [Task monitor] DEBUG n.processor.TaskPollingMonitor - !! executor slurm > tasks to be completed: 2 -- submitted tasks are shown below
~> TaskHandler[jobId: 7505691; id: 7; name: NFCORE_HIC:HIC:HICPRO:HICPRO_MAPPING:BOWTIE2_ALIGN (DTB-008-BL); status: RUNNING; exit: -; error: -; workDir: /scratch/g/vjin/Yu/hic_pipeline/work_batch_DTB-008-BL/25/58bbbfaecadcfef9746cc4acc463c7 started: 1788208654638; exited: -; ]
~> TaskHandler[jobId: 7505692; id: 8; name: NFCORE_HIC:HIC:HICPRO:HICPRO_MAPPING:BOWTIE2_ALIGN (DTB-008-BL); status: RUNNING; exit: -; error: -; workDir: /scratch/g/vjin/Yu/hic_pipeline/work_batch_DTB-008-BL/cc/adffad3e5154ff92619b90d77a8c08 started: 1788208654641; exited: -; ]
Sep-01 03:26:56.242 [Task monitor] DEBUG n.processor.TaskPollingMonitor - !! executor slurm > tasks to be completed: 2 -- submitted tasks are shown below
~> TaskHandler[jobId: 7505691; id: 7; name: NFCORE_HIC:HIC:HICPRO:HICPRO_MAPPING:BOWTIE2_ALIGN (DTB-008-BL); status: RUNNING; exit: -; error: -; workDir: /scratch/g/vjin/Yu/hic_pipeline/work_batch_DTB-008-BL/25/58bbbfaecadcfef9746cc4acc463c7 started: 1788208654638; exited: -; ]
~> TaskHandler[jobId: 7505692; id: 8; name: NFCORE_HIC:HIC:HICPRO:HICPRO_MAPPING:BOWTIE2_ALIGN (DTB-008-BL); status: RUNNING; exit: -; error: -; workDir: /scratch/g/vjin/Yu/hic_pipeline/work_batch_DTB-008-BL/cc/adffad3e5154ff92619b90d77a8c08 started: 1788208654641; exited: -; ]
Sep-01 03:31:56.253 [Task monitor] DEBUG n.processor.TaskPollingMonitor - !! executor slurm > tasks to be completed: 2 -- submitted tasks are shown below
~> TaskHandler[jobId: 7505691; id: 7; name: NFCORE_HIC:HIC:HICPRO:HICPRO_MAPPING:BOWTIE2_ALIGN (DTB-008-BL); status: RUNNING; exit: -; error: -; workDir: /scratch/g/vjin/Yu/hic_pipeline/work_batch_DTB-008-BL/25/58bbbfaecadcfef9746cc4acc463c7 started: 1788208654638; exited: -; ]
~> TaskHandler[jobId: 7505692; id: 8; name: NFCORE_HIC:HIC:HICPRO:HICPRO_MAPPING:BOWTIE2_ALIGN (DTB-008-BL); status: RUNNING; exit: -; error: -; workDir: /scratch/g/vjin/Yu/hic_pipeline/work_batch_DTB-008-BL/cc/adffad3e5154ff92619b90d77a8c08 started: 1788208654641; exited: -; ]
Sep-01 03:36:56.263 [Task monitor] DEBUG n.processor.TaskPollingMonitor - !! executor slurm > tasks to be completed: 2 -- submitted tasks are shown below
~> TaskHandler[jobId: 7505691; id: 7; name: NFCORE_HIC:HIC:HICPRO:HICPRO_MAPPING:BOWTIE2_ALIGN (DTB-008-BL); status: RUNNING; exit: -; error: -; workDir: /scratch/g/vjin/Yu/hic_pipeline/work_batch_DTB-008-BL/25/58bbbfaecadcfef9746cc4acc463c7 started: 1788208654638; exited: -; ]
~> TaskHandler[jobId: 7505692; id: 8; name: NFCORE_HIC:HIC:HICPRO:HICPRO_MAPPING:BOWTIE2_ALIGN (DTB-008-BL); status: RUNNING; exit: -; error: -; workDir: /scratch/g/vjin/Yu/hic_pipeline/work_batch_DTB-008-BL/cc/adffad3e5154ff92619b90d77a8c08 started: 1788208654641; exited: -; ]
Sep-01 03:41:56.276 [Task monitor] DEBUG n.processor.TaskPollingMonitor - !! executor slurm > tasks to be completed: 2 -- submitted tasks are shown below
~> TaskHandler[jobId: 7505691; id: 7; name: NFCORE_HIC:HIC:HICPRO:HICPRO_MAPPING:BOWTIE2_ALIGN (DTB-008-BL); status: RUNNING; exit: -; error: -; workDir: /scratch/g/vjin/Yu/hic_pipeline/work_batch_DTB-008-BL/25/58bbbfaecadcfef9746cc4acc463c7 started: 1788208654638; exited: -; ]
~> TaskHandler[jobId: 7505692; id: 8; name: NFCORE_HIC:HIC:HICPRO:HICPRO_MAPPING:BOWTIE2_ALIGN (DTB-008-BL); status: RUNNING; exit: -; error: -; workDir: /scratch/g/vjin/Yu/hic_pipeline/work_batch_DTB-008-BL/cc/adffad3e5154ff92619b90d77a8c08 started: 1788208654641; exited: -; ]
Sep-01 03:46:56.284 [Task monitor] DEBUG n.processor.TaskPollingMonitor - !! executor slurm > tasks to be completed: 2 -- submitted tasks are shown below
~> TaskHandler[jobId: 7505691; id: 7; name: NFCORE_HIC:HIC:HICPRO:HICPRO_MAPPING:BOWTIE2_ALIGN (DTB-008-BL); status: RUNNING; exit: -; error: -; workDir: /scratch/g/vjin/Yu/hic_pipeline/work_batch_DTB-008-BL/25/58bbbfaecadcfef9746cc4acc463c7 started: 1788208654638; exited: -; ]
~> TaskHandler[jobId: 7505692; id: 8; name: NFCORE_HIC:HIC:HICPRO:HICPRO_MAPPING:BOWTIE2_ALIGN (DTB-008-BL); status: RUNNING; exit: -; error: -; workDir: /scratch/g/vjin/Yu/hic_pipeline/work_batch_DTB-008-BL/cc/adffad3e5154ff92619b90d77a8c08 started: 1788208654641; exited: -; ]
Sep-01 03:51:56.297 [Task monitor] DEBUG n.processor.TaskPollingMonitor - !! executor slurm > tasks to be completed: 2 -- submitted tasks are shown below
~> TaskHandler[jobId: 7505691; id: 7; name: NFCORE_HIC:HIC:HICPRO:HICPRO_MAPPING:BOWTIE2_ALIGN (DTB-008-BL); status: RUNNING; exit: -; error: -; workDir: /scratch/g/vjin/Yu/hic_pipeline/work_batch_DTB-008-BL/25/58bbbfaecadcfef9746cc4acc463c7 started: 1788208654638; exited: -; ]
~> TaskHandler[jobId: 7505692; id: 8; name: NFCORE_HIC:HIC:HICPRO:HICPRO_MAPPING:BOWTIE2_ALIGN (DTB-008-BL); status: RUNNING; exit: -; error: -; workDir: /scratch/g/vjin/Yu/hic_pipeline/work_batch_DTB-008-BL/cc/adffad3e5154ff92619b90d77a8c08 started: 1788208654641; exited: -; ]
Sep-01 03:56:56.305 [Task monitor] DEBUG n.processor.TaskPollingMonitor - !! executor slurm > tasks to be completed: 2 -- submitted tasks are shown below
~> TaskHandler[jobId: 7505691; id: 7; name: NFCORE_HIC:HIC:HICPRO:HICPRO_MAPPING:BOWTIE2_ALIGN (DTB-008-BL); status: RUNNING; exit: -; error: -; workDir: /scratch/g/vjin/Yu/hic_pipeline/work_batch_DTB-008-BL/25/58bbbfaecadcfef9746cc4acc463c7 started: 1788208654638; exited: -; ]
~> TaskHandler[jobId: 7505692; id: 8; name: NFCORE_HIC:HIC:HICPRO:HICPRO_MAPPING:BOWTIE2_ALIGN (DTB-008-BL); status: RUNNING; exit: -; error: -; workDir: /scratch/g/vjin/Yu/hic_pipeline/work_batch_DTB-008-BL/cc/adffad3e5154ff92619b90d77a8c08 started: 1788208654641; exited: -; ]
Sep-01 04:01:56.314 [Task monitor] DEBUG n.processor.TaskPollingMonitor - !! executor slurm > tasks to be completed: 2 -- submitted tasks are shown below
~> TaskHandler[jobId: 7505691; id: 7; name: NFCORE_HIC:HIC:HICPRO:HICPRO_MAPPING:BOWTIE2_ALIGN (DTB-008-BL); status: RUNNING; exit: -; error: -; workDir: /scratch/g/vjin/Yu/hic_pipeline/work_batch_DTB-008-BL/25/58bbbfaecadcfef9746cc4acc463c7 started: 1788208654638; exited: -; ]
~> TaskHandler[jobId: 7505692; id: 8; name: NFCORE_HIC:HIC:HICPRO:HICPRO_MAPPING:BOWTIE2_ALIGN (DTB-008-BL); status: RUNNING; exit: -; error: -; workDir: /scratch/g/vjin/Yu/hic_pipeline/work_batch_DTB-008-BL/cc/adffad3e5154ff92619b90d77a8c08 started: 1788208654641; exited: -; ]
Sep-01 04:06:56.321 [Task monitor] DEBUG n.processor.TaskPollingMonitor - !! executor slurm > tasks to be completed: 2 -- submitted tasks are shown below
~> TaskHandler[jobId: 7505691; id: 7; name: NFCORE_HIC:HIC:HICPRO:HICPRO_MAPPING:BOWTIE2_ALIGN (DTB-008-BL); status: RUNNING; exit: -; error: -; workDir: /scratch/g/vjin/Yu/hic_pipeline/work_batch_DTB-008-BL/25/58bbbfaecadcfef9746cc4acc463c7 started: 1788208654638; exited: -; ]
~> TaskHandler[jobId: 7505692; id: 8; name: NFCORE_HIC:HIC:HICPRO:HICPRO_MAPPING:BOWTIE2_ALIGN (DTB-008-BL); status: RUNNING; exit: -; error: -; workDir: /scratch/g/vjin/Yu/hic_pipeline/work_batch_DTB-008-BL/cc/adffad3e5154ff92619b90d77a8c08 started: 1788208654641; exited: -; ]
Sep-01 04:11:56.334 [Task monitor] DEBUG n.processor.TaskPollingMonitor - !! executor slurm > tasks to be completed: 2 -- submitted tasks are shown below
~> TaskHandler[jobId: 7505691; id: 7; name: NFCORE_HIC:HIC:HICPRO:HICPRO_MAPPING:BOWTIE2_ALIGN (DTB-008-BL); status: RUNNING; exit: -; error: -; workDir: /scratch/g/vjin/Yu/hic_pipeline/work_batch_DTB-008-BL/25/58bbbfaecadcfef9746cc4acc463c7 started: 1788208654638; exited: -; ]
~> TaskHandler[jobId: 7505692; id: 8; name: NFCORE_HIC:HIC:HICPRO:HICPRO_MAPPING:BOWTIE2_ALIGN (DTB-008-BL); status: RUNNING; exit: -; error: -; workDir: /scratch/g/vjin/Yu/hic_pipeline/work_batch_DTB-008-BL/cc/adffad3e5154ff92619b90d77a8c08 started: 1788208654641; exited: -; ]
Sep-01 04:16:56.345 [Task monitor] DEBUG n.processor.TaskPollingMonitor - !! executor slurm > tasks to be completed: 2 -- submitted tasks are shown below
~> TaskHandler[jobId: 7505691; id: 7; name: NFCORE_HIC:HIC:HICPRO:HICPRO_MAPPING:BOWTIE2_ALIGN (DTB-008-BL); status: RUNNING; exit: -; error: -; workDir: /scratch/g/vjin/Yu/hic_pipeline/work_batch_DTB-008-BL/25/58bbbfaecadcfef9746cc4acc463c7 started: 1788208654638; exited: -; ]
~> TaskHandler[jobId: 7505692; id: 8; name: NFCORE_HIC:HIC:HICPRO:HICPRO_MAPPING:BOWTIE2_ALIGN (DTB-008-BL); status: RUNNING; exit: -; error: -; workDir: /scratch/g/vjin/Yu/hic_pipeline/work_batch_DTB-008-BL/cc/adffad3e5154ff92619b90d77a8c08 started: 1788208654641; exited: -; ]
Sep-01 04:21:56.353 [Task monitor] DEBUG n.processor.TaskPollingMonitor - !! executor slurm > tasks to be completed: 2 -- submitted tasks are shown below
~> TaskHandler[jobId: 7505691; id: 7; name: NFCORE_HIC:HIC:HICPRO:HICPRO_MAPPING:BOWTIE2_ALIGN (DTB-008-BL); status: RUNNING; exit: -; error: -; workDir: /scratch/g/vjin/Yu/hic_pipeline/work_batch_DTB-008-BL/25/58bbbfaecadcfef9746cc4acc463c7 started: 1788208654638; exited: -; ]
~> TaskHandler[jobId: 7505692; id: 8; name: NFCORE_HIC:HIC:HICPRO:HICPRO_MAPPING:BOWTIE2_ALIGN (DTB-008-BL); status: RUNNING; exit: -; error: -; workDir: /scratch/g/vjin/Yu/hic_pipeline/work_batch_DTB-008-BL/cc/adffad3e5154ff92619b90d77a8c08 started: 1788208654641; exited: -; ]
Sep-01 04:26:56.366 [Task monitor] DEBUG n.processor.TaskPollingMonitor - !! executor slurm > tasks to be completed: 2 -- submitted tasks are shown below
~> TaskHandler[jobId: 7505691; id: 7; name: NFCORE_HIC:HIC:HICPRO:HICPRO_MAPPING:BOWTIE2_ALIGN (DTB-008-BL); status: RUNNING; exit: -; error: -; workDir: /scratch/g/vjin/Yu/hic_pipeline/work_batch_DTB-008-BL/25/58bbbfaecadcfef9746cc4acc463c7 started: 1788208654638; exited: -; ]
~> TaskHandler[jobId: 7505692; id: 8; name: NFCORE_HIC:HIC:HICPRO:HICPRO_MAPPING:BOWTIE2_ALIGN (DTB-008-BL); status: RUNNING; exit: -; error: -; workDir: /scratch/g/vjin/Yu/hic_pipeline/work_batch_DTB-008-BL/cc/adffad3e5154ff92619b90d77a8c08 started: 1788208654641; exited: -; ]
Sep-01 04:31:56.376 [Task monitor] DEBUG n.processor.TaskPollingMonitor - !! executor slurm > tasks to be completed: 2 -- submitted tasks are shown below
~> TaskHandler[jobId: 7505691; id: 7; name: NFCORE_HIC:HIC:HICPRO:HICPRO_MAPPING:BOWTIE2_ALIGN (DTB-008-BL); status: RUNNING; exit: -; error: -; workDir: /scratch/g/vjin/Yu/hic_pipeline/work_batch_DTB-008-BL/25/58bbbfaecadcfef9746cc4acc463c7 started: 1788208654638; exited: -; ]
~> TaskHandler[jobId: 7505692; id: 8; name: NFCORE_HIC:HIC:HICPRO:HICPRO_MAPPING:BOWTIE2_ALIGN (DTB-008-BL); status: RUNNING; exit: -; error: -; workDir: /scratch/g/vjin/Yu/hic_pipeline/work_batch_DTB-008-BL/cc/adffad3e5154ff92619b90d77a8c08 started: 1788208654641; exited: -; ]
Sep-01 04:36:56.385 [Task monitor] DEBUG n.processor.TaskPollingMonitor - !! executor slurm > tasks to be completed: 2 -- submitted tasks are shown below
~> TaskHandler[jobId: 7505691; id: 7; name: NFCORE_HIC:HIC:HICPRO:HICPRO_MAPPING:BOWTIE2_ALIGN (DTB-008-BL); status: RUNNING; exit: -; error: -; workDir: /scratch/g/vjin/Yu/hic_pipeline/work_batch_DTB-008-BL/25/58bbbfaecadcfef9746cc4acc463c7 started: 1788208654638; exited: -; ]
~> TaskHandler[jobId: 7505692; id: 8; name: NFCORE_HIC:HIC:HICPRO:HICPRO_MAPPING:BOWTIE2_ALIGN (DTB-008-BL); status: RUNNING; exit: -; error: -; workDir: /scratch/g/vjin/Yu/hic_pipeline/work_batch_DTB-008-BL/cc/adffad3e5154ff92619b90d77a8c08 started: 1788208654641; exited: -; ]
Sep-01 04:41:56.394 [Task monitor] DEBUG n.processor.TaskPollingMonitor - !! executor slurm > tasks to be completed: 2 -- submitted tasks are shown below
~> TaskHandler[jobId: 7505691; id: 7; name: NFCORE_HIC:HIC:HICPRO:HICPRO_MAPPING:BOWTIE2_ALIGN (DTB-008-BL); status: RUNNING; exit: -; error: -; workDir: /scratch/g/vjin/Yu/hic_pipeline/work_batch_DTB-008-BL/25/58bbbfaecadcfef9746cc4acc463c7 started: 1788208654638; exited: -; ]
~> TaskHandler[jobId: 7505692; id: 8; name: NFCORE_HIC:HIC:HICPRO:HICPRO_MAPPING:BOWTIE2_ALIGN (DTB-008-BL); status: RUNNING; exit: -; error: -; workDir: /scratch/g/vjin/Yu/hic_pipeline/work_batch_DTB-008-BL/cc/adffad3e5154ff92619b90d77a8c08 started: 1788208654641; exited: -; ]
Sep-01 04:46:56.404 [Task monitor] DEBUG n.processor.TaskPollingMonitor - !! executor slurm > tasks to be completed: 2 -- submitted tasks are shown below
~> TaskHandler[jobId: 7505691; id: 7; name: NFCORE_HIC:HIC:HICPRO:HICPRO_MAPPING:BOWTIE2_ALIGN (DTB-008-BL); status: RUNNING; exit: -; error: -; workDir: /scratch/g/vjin/Yu/hic_pipeline/work_batch_DTB-008-BL/25/58bbbfaecadcfef9746cc4acc463c7 started: 1788208654638; exited: -; ]
~> TaskHandler[jobId: 7505692; id: 8; name: NFCORE_HIC:HIC:HICPRO:HICPRO_MAPPING:BOWTIE2_ALIGN (DTB-008-BL); status: RUNNING; exit: -; error: -; workDir: /scratch/g/vjin/Yu/hic_pipeline/work_batch_DTB-008-BL/cc/adffad3e5154ff92619b90d77a8c08 started: 1788208654641; exited: -; ]
Sep-01 04:51:56.415 [Task monitor] DEBUG n.processor.TaskPollingMonitor - !! executor slurm > tasks to be completed: 2 -- submitted tasks are shown below
~> TaskHandler[jobId: 7505691; id: 7; name: NFCORE_HIC:HIC:HICPRO:HICPRO_MAPPING:BOWTIE2_ALIGN (DTB-008-BL); status: RUNNING; exit: -; error: -; workDir: /scratch/g/vjin/Yu/hic_pipeline/work_batch_DTB-008-BL/25/58bbbfaecadcfef9746cc4acc463c7 started: 1788208654638; exited: -; ]
~> TaskHandler[jobId: 7505692; id: 8; name: NFCORE_HIC:HIC:HICPRO:HICPRO_MAPPING:BOWTIE2_ALIGN (DTB-008-BL); status: RUNNING; exit: -; error: -; workDir: /scratch/g/vjin/Yu/hic_pipeline/work_batch_DTB-008-BL/cc/adffad3e5154ff92619b90d77a8c08 started: 1788208654641; exited: -; ]
Sep-01 04:56:56.428 [Task monitor] DEBUG n.processor.TaskPollingMonitor - !! executor slurm > tasks to be completed: 2 -- submitted tasks are shown below
~> TaskHandler[jobId: 7505691; id: 7; name: NFCORE_HIC:HIC:HICPRO:HICPRO_MAPPING:BOWTIE2_ALIGN (DTB-008-BL); status: RUNNING; exit: -; error: -; workDir: /scratch/g/vjin/Yu/hic_pipeline/work_batch_DTB-008-BL/25/58bbbfaecadcfef9746cc4acc463c7 started: 1788208654638; exited: -; ]
~> TaskHandler[jobId: 7505692; id: 8; name: NFCORE_HIC:HIC:HICPRO:HICPRO_MAPPING:BOWTIE2_ALIGN (DTB-008-BL); status: RUNNING; exit: -; error: -; workDir: /scratch/g/vjin/Yu/hic_pipeline/work_batch_DTB-008-BL/cc/adffad3e5154ff92619b90d77a8c08 started: 1788208654641; exited: -; ]
Sep-01 05:01:56.438 [Task monitor] DEBUG n.processor.TaskPollingMonitor - !! executor slurm > tasks to be completed: 2 -- submitted tasks are shown below
~> TaskHandler[jobId: 7505691; id: 7; name: NFCORE_HIC:HIC:HICPRO:HICPRO_MAPPING:BOWTIE2_ALIGN (DTB-008-BL); status: RUNNING; exit: -; error: -; workDir: /scratch/g/vjin/Yu/hic_pipeline/work_batch_DTB-008-BL/25/58bbbfaecadcfef9746cc4acc463c7 started: 1788208654638; exited: -; ]
~> TaskHandler[jobId: 7505692; id: 8; name: NFCORE_HIC:HIC:HICPRO:HICPRO_MAPPING:BOWTIE2_ALIGN (DTB-008-BL); status: RUNNING; exit: -; error: -; workDir: /scratch/g/vjin/Yu/hic_pipeline/work_batch_DTB-008-BL/cc/adffad3e5154ff92619b90d77a8c08 started: 1788208654641; exited: -; ]
Sep-01 05:06:56.454 [Task monitor] DEBUG n.processor.TaskPollingMonitor - !! executor slurm > tasks to be completed: 2 -- submitted tasks are shown below
~> TaskHandler[jobId: 7505691; id: 7; name: NFCORE_HIC:HIC:HICPRO:HICPRO_MAPPING:BOWTIE2_ALIGN (DTB-008-BL); status: RUNNING; exit: -; error: -; workDir: /scratch/g/vjin/Yu/hic_pipeline/work_batch_DTB-008-BL/25/58bbbfaecadcfef9746cc4acc463c7 started: 1788208654638; exited: -; ]
~> TaskHandler[jobId: 7505692; id: 8; name: NFCORE_HIC:HIC:HICPRO:HICPRO_MAPPING:BOWTIE2_ALIGN (DTB-008-BL); status: RUNNING; exit: -; error: -; workDir: /scratch/g/vjin/Yu/hic_pipeline/work_batch_DTB-008-BL/cc/adffad3e5154ff92619b90d77a8c08 started: 1788208654641; exited: -; ]
Sep-01 05:11:56.484 [Task monitor] DEBUG n.processor.TaskPollingMonitor - !! executor slurm > tasks to be completed: 2 -- submitted tasks are shown below
~> TaskHandler[jobId: 7505691; id: 7; name: NFCORE_HIC:HIC:HICPRO:HICPRO_MAPPING:BOWTIE2_ALIGN (DTB-008-BL); status: RUNNING; exit: -; error: -; workDir: /scratch/g/vjin/Yu/hic_pipeline/work_batch_DTB-008-BL/25/58bbbfaecadcfef9746cc4acc463c7 started: 1788208654638; exited: -; ]
~> TaskHandler[jobId: 7505692; id: 8; name: NFCORE_HIC:HIC:HICPRO:HICPRO_MAPPING:BOWTIE2_ALIGN (DTB-008-BL); status: RUNNING; exit: -; error: -; workDir: /scratch/g/vjin/Yu/hic_pipeline/work_batch_DTB-008-BL/cc/adffad3e5154ff92619b90d77a8c08 started: 1788208654641; exited: -; ]
Sep-01 05:16:56.492 [Task monitor] DEBUG n.processor.TaskPollingMonitor - !! executor slurm > tasks to be completed: 2 -- submitted tasks are shown below
~> TaskHandler[jobId: 7505691; id: 7; name: NFCORE_HIC:HIC:HICPRO:HICPRO_MAPPING:BOWTIE2_ALIGN (DTB-008-BL); status: RUNNING; exit: -; error: -; workDir: /scratch/g/vjin/Yu/hic_pipeline/work_batch_DTB-008-BL/25/58bbbfaecadcfef9746cc4acc463c7 started: 1788208654638; exited: -; ]
~> TaskHandler[jobId: 7505692; id: 8; name: NFCORE_HIC:HIC:HICPRO:HICPRO_MAPPING:BOWTIE2_ALIGN (DTB-008-BL); status: RUNNING; exit: -; error: -; workDir: /scratch/g/vjin/Yu/hic_pipeline/work_batch_DTB-008-BL/cc/adffad3e5154ff92619b90d77a8c08 started: 1788208654641; exited: -; ]
Sep-01 05:21:56.502 [Task monitor] DEBUG n.processor.TaskPollingMonitor - !! executor slurm > tasks to be completed: 2 -- submitted tasks are shown below
~> TaskHandler[jobId: 7505691; id: 7; name: NFCORE_HIC:HIC:HICPRO:HICPRO_MAPPING:BOWTIE2_ALIGN (DTB-008-BL); status: RUNNING; exit: -; error: -; workDir: /scratch/g/vjin/Yu/hic_pipeline/work_batch_DTB-008-BL/25/58bbbfaecadcfef9746cc4acc463c7 started: 1788208654638; exited: -; ]
~> TaskHandler[jobId: 7505692; id: 8; name: NFCORE_HIC:HIC:HICPRO:HICPRO_MAPPING:BOWTIE2_ALIGN (DTB-008-BL); status: RUNNING; exit: -; error: -; workDir: /scratch/g/vjin/Yu/hic_pipeline/work_batch_DTB-008-BL/cc/adffad3e5154ff92619b90d77a8c08 started: 1788208654641; exited: -; ]
Sep-01 05:26:56.512 [Task monitor] DEBUG n.processor.TaskPollingMonitor - !! executor slurm > tasks to be completed: 2 -- submitted tasks are shown below
~> TaskHandler[jobId: 7505691; id: 7; name: NFCORE_HIC:HIC:HICPRO:HICPRO_MAPPING:BOWTIE2_ALIGN (DTB-008-BL); status: RUNNING; exit: -; error: -; workDir: /scratch/g/vjin/Yu/hic_pipeline/work_batch_DTB-008-BL/25/58bbbfaecadcfef9746cc4acc463c7 started: 1788208654638; exited: -; ]
~> TaskHandler[jobId: 7505692; id: 8; name: NFCORE_HIC:HIC:HICPRO:HICPRO_MAPPING:BOWTIE2_ALIGN (DTB-008-BL); status: RUNNING; exit: -; error: -; workDir: /scratch/g/vjin/Yu/hic_pipeline/work_batch_DTB-008-BL/cc/adffad3e5154ff92619b90d77a8c08 started: 1788208654641; exited: -; ]
Sep-01 05:31:56.522 [Task monitor] DEBUG n.processor.TaskPollingMonitor - !! executor slurm > tasks to be completed: 2 -- submitted tasks are shown below
~> TaskHandler[jobId: 7505691; id: 7; name: NFCORE_HIC:HIC:HICPRO:HICPRO_MAPPING:BOWTIE2_ALIGN (DTB-008-BL); status: RUNNING; exit: -; error: -; workDir: /scratch/g/vjin/Yu/hic_pipeline/work_batch_DTB-008-BL/25/58bbbfaecadcfef9746cc4acc463c7 started: 1788208654638; exited: -; ]
~> TaskHandler[jobId: 7505692; id: 8; name: NFCORE_HIC:HIC:HICPRO:HICPRO_MAPPING:BOWTIE2_ALIGN (DTB-008-BL); status: RUNNING; exit: -; error: -; workDir: /scratch/g/vjin/Yu/hic_pipeline/work_batch_DTB-008-BL/cc/adffad3e5154ff92619b90d77a8c08 started: 1788208654641; exited: -; ]
Sep-01 05:36:56.530 [Task monitor] DEBUG n.processor.TaskPollingMonitor - !! executor slurm > tasks to be completed: 2 -- submitted tasks are shown below
~> TaskHandler[jobId: 7505691; id: 7; name: NFCORE_HIC:HIC:HICPRO:HICPRO_MAPPING:BOWTIE2_ALIGN (DTB-008-BL); status: RUNNING; exit: -; error: -; workDir: /scratch/g/vjin/Yu/hic_pipeline/work_batch_DTB-008-BL/25/58bbbfaecadcfef9746cc4acc463c7 started: 1788208654638; exited: -; ]
~> TaskHandler[jobId: 7505692; id: 8; name: NFCORE_HIC:HIC:HICPRO:HICPRO_MAPPING:BOWTIE2_ALIGN (DTB-008-BL); status: RUNNING; exit: -; error: -; workDir: /scratch/g/vjin/Yu/hic_pipeline/work_batch_DTB-008-BL/cc/adffad3e5154ff92619b90d77a8c08 started: 1788208654641; exited: -; ]
Sep-01 05:41:56.537 [Task monitor] DEBUG n.processor.TaskPollingMonitor - !! executor slurm > tasks to be completed: 2 -- submitted tasks are shown below
~> TaskHandler[jobId: 7505691; id: 7; name: NFCORE_HIC:HIC:HICPRO:HICPRO_MAPPING:BOWTIE2_ALIGN (DTB-008-BL); status: RUNNING; exit: -; error: -; workDir: /scratch/g/vjin/Yu/hic_pipeline/work_batch_DTB-008-BL/25/58bbbfaecadcfef9746cc4acc463c7 started: 1788208654638; exited: -; ]
~> TaskHandler[jobId: 7505692; id: 8; name: NFCORE_HIC:HIC:HICPRO:HICPRO_MAPPING:BOWTIE2_ALIGN (DTB-008-BL); status: RUNNING; exit: -; error: -; workDir: /scratch/g/vjin/Yu/hic_pipeline/work_batch_DTB-008-BL/cc/adffad3e5154ff92619b90d77a8c08 started: 1788208654641; exited: -; ]
Sep-01 05:46:56.548 [Task monitor] DEBUG n.processor.TaskPollingMonitor - !! executor slurm > tasks to be completed: 2 -- submitted tasks are shown below
~> TaskHandler[jobId: 7505691; id: 7; name: NFCORE_HIC:HIC:HICPRO:HICPRO_MAPPING:BOWTIE2_ALIGN (DTB-008-BL); status: RUNNING; exit: -; error: -; workDir: /scratch/g/vjin/Yu/hic_pipeline/work_batch_DTB-008-BL/25/58bbbfaecadcfef9746cc4acc463c7 started: 1788208654638; exited: -; ]
~> TaskHandler[jobId: 7505692; id: 8; name: NFCORE_HIC:HIC:HICPRO:HICPRO_MAPPING:BOWTIE2_ALIGN (DTB-008-BL); status: RUNNING; exit: -; error: -; workDir: /scratch/g/vjin/Yu/hic_pipeline/work_batch_DTB-008-BL/cc/adffad3e5154ff92619b90d77a8c08 started: 1788208654641; exited: -; ]
Sep-01 05:51:56.555 [Task monitor] DEBUG n.processor.TaskPollingMonitor - !! executor slurm > tasks to be completed: 2 -- submitted tasks are shown below
~> TaskHandler[jobId: 7505691; id: 7; name: NFCORE_HIC:HIC:HICPRO:HICPRO_MAPPING:BOWTIE2_ALIGN (DTB-008-BL); status: RUNNING; exit: -; error: -; workDir: /scratch/g/vjin/Yu/hic_pipeline/work_batch_DTB-008-BL/25/58bbbfaecadcfef9746cc4acc463c7 started: 1788208654638; exited: -; ]
~> TaskHandler[jobId: 7505692; id: 8; name: NFCORE_HIC:HIC:HICPRO:HICPRO_MAPPING:BOWTIE2_ALIGN (DTB-008-BL); status: RUNNING; exit: -; error: -; workDir: /scratch/g/vjin/Yu/hic_pipeline/work_batch_DTB-008-BL/cc/adffad3e5154ff92619b90d77a8c08 started: 1788208654641; exited: -; ]
Sep-01 05:56:56.565 [Task monitor] DEBUG n.processor.TaskPollingMonitor - !! executor slurm > tasks to be completed: 2 -- submitted tasks are shown below
~> TaskHandler[jobId: 7505691; id: 7; name: NFCORE_HIC:HIC:HICPRO:HICPRO_MAPPING:BOWTIE2_ALIGN (DTB-008-BL); status: RUNNING; exit: -; error: -; workDir: /scratch/g/vjin/Yu/hic_pipeline/work_batch_DTB-008-BL/25/58bbbfaecadcfef9746cc4acc463c7 started: 1788208654638; exited: -; ]
~> TaskHandler[jobId: 7505692; id: 8; name: NFCORE_HIC:HIC:HICPRO:HICPRO_MAPPING:BOWTIE2_ALIGN (DTB-008-BL); status: RUNNING; exit: -; error: -; workDir: /scratch/g/vjin/Yu/hic_pipeline/work_batch_DTB-008-BL/cc/adffad3e5154ff92619b90d77a8c08 started: 1788208654641; exited: -; ]
Sep-01 06:01:56.573 [Task monitor] DEBUG n.processor.TaskPollingMonitor - !! executor slurm > tasks to be completed: 2 -- submitted tasks are shown below
~> TaskHandler[jobId: 7505691; id: 7; name: NFCORE_HIC:HIC:HICPRO:HICPRO_MAPPING:BOWTIE2_ALIGN (DTB-008-BL); status: RUNNING; exit: -; error: -; workDir: /scratch/g/vjin/Yu/hic_pipeline/work_batch_DTB-008-BL/25/58bbbfaecadcfef9746cc4acc463c7 started: 1788208654638; exited: -; ]
~> TaskHandler[jobId: 7505692; id: 8; name: NFCORE_HIC:HIC:HICPRO:HICPRO_MAPPING:BOWTIE2_ALIGN (DTB-008-BL); status: RUNNING; exit: -; error: -; workDir: /scratch/g/vjin/Yu/hic_pipeline/work_batch_DTB-008-BL/cc/adffad3e5154ff92619b90d77a8c08 started: 1788208654641; exited: -; ]
Sep-01 06:06:56.579 [Task monitor] DEBUG n.processor.TaskPollingMonitor - !! executor slurm > tasks to be completed: 2 -- submitted tasks are shown below
~> TaskHandler[jobId: 7505691; id: 7; name: NFCORE_HIC:HIC:HICPRO:HICPRO_MAPPING:BOWTIE2_ALIGN (DTB-008-BL); status: RUNNING; exit: -; error: -; workDir: /scratch/g/vjin/Yu/hic_pipeline/work_batch_DTB-008-BL/25/58bbbfaecadcfef9746cc4acc463c7 started: 1788208654638; exited: -; ]
~> TaskHandler[jobId: 7505692; id: 8; name: NFCORE_HIC:HIC:HICPRO:HICPRO_MAPPING:BOWTIE2_ALIGN (DTB-008-BL); status: RUNNING; exit: -; error: -; workDir: /scratch/g/vjin/Yu/hic_pipeline/work_batch_DTB-008-BL/cc/adffad3e5154ff92619b90d77a8c08 started: 1788208654641; exited: -; ]
Sep-01 06:11:56.587 [Task monitor] DEBUG n.processor.TaskPollingMonitor - !! executor slurm > tasks to be completed: 2 -- submitted tasks are shown below
~> TaskHandler[jobId: 7505691; id: 7; name: NFCORE_HIC:HIC:HICPRO:HICPRO_MAPPING:BOWTIE2_ALIGN (DTB-008-BL); status: RUNNING; exit: -; error: -; workDir: /scratch/g/vjin/Yu/hic_pipeline/work_batch_DTB-008-BL/25/58bbbfaecadcfef9746cc4acc463c7 started: 1788208654638; exited: -; ]
~> TaskHandler[jobId: 7505692; id: 8; name: NFCORE_HIC:HIC:HICPRO:HICPRO_MAPPING:BOWTIE2_ALIGN (DTB-008-BL); status: RUNNING; exit: -; error: -; workDir: /scratch/g/vjin/Yu/hic_pipeline/work_batch_DTB-008-BL/cc/adffad3e5154ff92619b90d77a8c08 started: 1788208654641; exited: -; ]
Sep-01 06:16:56.599 [Task monitor] DEBUG n.processor.TaskPollingMonitor - !! executor slurm > tasks to be completed: 2 -- submitted tasks are shown below
~> TaskHandler[jobId: 7505691; id: 7; name: NFCORE_HIC:HIC:HICPRO:HICPRO_MAPPING:BOWTIE2_ALIGN (DTB-008-BL); status: RUNNING; exit: -; error: -; workDir: /scratch/g/vjin/Yu/hic_pipeline/work_batch_DTB-008-BL/25/58bbbfaecadcfef9746cc4acc463c7 started: 1788208654638; exited: -; ]
~> TaskHandler[jobId: 7505692; id: 8; name: NFCORE_HIC:HIC:HICPRO:HICPRO_MAPPING:BOWTIE2_ALIGN (DTB-008-BL); status: RUNNING; exit: -; error: -; workDir: /scratch/g/vjin/Yu/hic_pipeline/work_batch_DTB-008-BL/cc/adffad3e5154ff92619b90d77a8c08 started: 1788208654641; exited: -; ]
Sep-01 06:21:56.607 [Task monitor] DEBUG n.processor.TaskPollingMonitor - !! executor slurm > tasks to be completed: 2 -- submitted tasks are shown below
~> TaskHandler[jobId: 7505691; id: 7; name: NFCORE_HIC:HIC:HICPRO:HICPRO_MAPPING:BOWTIE2_ALIGN (DTB-008-BL); status: RUNNING; exit: -; error: -; workDir: /scratch/g/vjin/Yu/hic_pipeline/work_batch_DTB-008-BL/25/58bbbfaecadcfef9746cc4acc463c7 started: 1788208654638; exited: -; ]
~> TaskHandler[jobId: 7505692; id: 8; name: NFCORE_HIC:HIC:HICPRO:HICPRO_MAPPING:BOWTIE2_ALIGN (DTB-008-BL); status: RUNNING; exit: -; error: -; workDir: /scratch/g/vjin/Yu/hic_pipeline/work_batch_DTB-008-BL/cc/adffad3e5154ff92619b90d77a8c08 started: 1788208654641; exited: -; ]
Sep-01 06:26:56.618 [Task monitor] DEBUG n.processor.TaskPollingMonitor - !! executor slurm > tasks to be completed: 2 -- submitted tasks are shown below
~> TaskHandler[jobId: 7505691; id: 7; name: NFCORE_HIC:HIC:HICPRO:HICPRO_MAPPING:BOWTIE2_ALIGN (DTB-008-BL); status: RUNNING; exit: -; error: -; workDir: /scratch/g/vjin/Yu/hic_pipeline/work_batch_DTB-008-BL/25/58bbbfaecadcfef9746cc4acc463c7 started: 1788208654638; exited: -; ]
~> TaskHandler[jobId: 7505692; id: 8; name: NFCORE_HIC:HIC:HICPRO:HICPRO_MAPPING:BOWTIE2_ALIGN (DTB-008-BL); status: RUNNING; exit: -; error: -; workDir: /scratch/g/vjin/Yu/hic_pipeline/work_batch_DTB-008-BL/cc/adffad3e5154ff92619b90d77a8c08 started: 1788208654641; exited: -; ]
Sep-01 06:31:56.629 [Task monitor] DEBUG n.processor.TaskPollingMonitor - !! executor slurm > tasks to be completed: 2 -- submitted tasks are shown below
~> TaskHandler[jobId: 7505691; id: 7; name: NFCORE_HIC:HIC:HICPRO:HICPRO_MAPPING:BOWTIE2_ALIGN (DTB-008-BL); status: RUNNING; exit: -; error: -; workDir: /scratch/g/vjin/Yu/hic_pipeline/work_batch_DTB-008-BL/25/58bbbfaecadcfef9746cc4acc463c7 started: 1788208654638; exited: -; ]
~> TaskHandler[jobId: 7505692; id: 8; name: NFCORE_HIC:HIC:HICPRO:HICPRO_MAPPING:BOWTIE2_ALIGN (DTB-008-BL); status: RUNNING; exit: -; error: -; workDir: /scratch/g/vjin/Yu/hic_pipeline/work_batch_DTB-008-BL/cc/adffad3e5154ff92619b90d77a8c08 started: 1788208654641; exited: -; ]
Sep-01 06:36:56.643 [Task monitor] DEBUG n.processor.TaskPollingMonitor - !! executor slurm > tasks to be completed: 2 -- submitted tasks are shown below
~> TaskHandler[jobId: 7505691; id: 7; name: NFCORE_HIC:HIC:HICPRO:HICPRO_MAPPING:BOWTIE2_ALIGN (DTB-008-BL); status: RUNNING; exit: -; error: -; workDir: /scratch/g/vjin/Yu/hic_pipeline/work_batch_DTB-008-BL/25/58bbbfaecadcfef9746cc4acc463c7 started: 1788208654638; exited: -; ]
~> TaskHandler[jobId: 7505692; id: 8; name: NFCORE_HIC:HIC:HICPRO:HICPRO_MAPPING:BOWTIE2_ALIGN (DTB-008-BL); status: RUNNING; exit: -; error: -; workDir: /scratch/g/vjin/Yu/hic_pipeline/work_batch_DTB-008-BL/cc/adffad3e5154ff92619b90d77a8c08 started: 1788208654641; exited: -; ]
Sep-01 06:41:56.653 [Task monitor] DEBUG n.processor.TaskPollingMonitor - !! executor slurm > tasks to be completed: 2 -- submitted tasks are shown below
~> TaskHandler[jobId: 7505691; id: 7; name: NFCORE_HIC:HIC:HICPRO:HICPRO_MAPPING:BOWTIE2_ALIGN (DTB-008-BL); status: RUNNING; exit: -; error: -; workDir: /scratch/g/vjin/Yu/hic_pipeline/work_batch_DTB-008-BL/25/58bbbfaecadcfef9746cc4acc463c7 started: 1788208654638; exited: -; ]
~> TaskHandler[jobId: 7505692; id: 8; name: NFCORE_HIC:HIC:HICPRO:HICPRO_MAPPING:BOWTIE2_ALIGN (DTB-008-BL); status: RUNNING; exit: -; error: -; workDir: /scratch/g/vjin/Yu/hic_pipeline/work_batch_DTB-008-BL/cc/adffad3e5154ff92619b90d77a8c08 started: 1788208654641; exited: -; ]
Sep-01 06:46:56.659 [Task monitor] DEBUG n.processor.TaskPollingMonitor - !! executor slurm > tasks to be completed: 2 -- submitted tasks are shown below
~> TaskHandler[jobId: 7505691; id: 7; name: NFCORE_HIC:HIC:HICPRO:HICPRO_MAPPING:BOWTIE2_ALIGN (DTB-008-BL); status: RUNNING; exit: -; error: -; workDir: /scratch/g/vjin/Yu/hic_pipeline/work_batch_DTB-008-BL/25/58bbbfaecadcfef9746cc4acc463c7 started: 1788208654638; exited: -; ]
~> TaskHandler[jobId: 7505692; id: 8; name: NFCORE_HIC:HIC:HICPRO:HICPRO_MAPPING:BOWTIE2_ALIGN (DTB-008-BL); status: RUNNING; exit: -; error: -; workDir: /scratch/g/vjin/Yu/hic_pipeline/work_batch_DTB-008-BL/cc/adffad3e5154ff92619b90d77a8c08 started: 1788208654641; exited: -; ]
Sep-01 06:51:56.674 [Task monitor] DEBUG n.processor.TaskPollingMonitor - !! executor slurm > tasks to be completed: 2 -- submitted tasks are shown below
~> TaskHandler[jobId: 7505691; id: 7; name: NFCORE_HIC:HIC:HICPRO:HICPRO_MAPPING:BOWTIE2_ALIGN (DTB-008-BL); status: RUNNING; exit: -; error: -; workDir: /scratch/g/vjin/Yu/hic_pipeline/work_batch_DTB-008-BL/25/58bbbfaecadcfef9746cc4acc463c7 started: 1788208654638; exited: -; ]
~> TaskHandler[jobId: 7505692; id: 8; name: NFCORE_HIC:HIC:HICPRO:HICPRO_MAPPING:BOWTIE2_ALIGN (DTB-008-BL); status: RUNNING; exit: -; error: -; workDir: /scratch/g/vjin/Yu/hic_pipeline/work_batch_DTB-008-BL/cc/adffad3e5154ff92619b90d77a8c08 started: 1788208654641; exited: -; ]
Sep-01 06:56:56.681 [Task monitor] DEBUG n.processor.TaskPollingMonitor - !! executor slurm > tasks to be completed: 2 -- submitted tasks are shown below
~> TaskHandler[jobId: 7505691; id: 7; name: NFCORE_HIC:HIC:HICPRO:HICPRO_MAPPING:BOWTIE2_ALIGN (DTB-008-BL); status: RUNNING; exit: -; error: -; workDir: /scratch/g/vjin/Yu/hic_pipeline/work_batch_DTB-008-BL/25/58bbbfaecadcfef9746cc4acc463c7 started: 1788208654638; exited: -; ]
~> TaskHandler[jobId: 7505692; id: 8; name: NFCORE_HIC:HIC:HICPRO:HICPRO_MAPPING:BOWTIE2_ALIGN (DTB-008-BL); status: RUNNING; exit: -; error: -; workDir: /scratch/g/vjin/Yu/hic_pipeline/work_batch_DTB-008-BL/cc/adffad3e5154ff92619b90d77a8c08 started: 1788208654641; exited: -; ]
Sep-01 07:01:56.693 [Task monitor] DEBUG n.processor.TaskPollingMonitor - !! executor slurm > tasks to be completed: 2 -- submitted tasks are shown below
~> TaskHandler[jobId: 7505691; id: 7; name: NFCORE_HIC:HIC:HICPRO:HICPRO_MAPPING:BOWTIE2_ALIGN (DTB-008-BL); status: RUNNING; exit: -; error: -; workDir: /scratch/g/vjin/Yu/hic_pipeline/work_batch_DTB-008-BL/25/58bbbfaecadcfef9746cc4acc463c7 started: 1788208654638; exited: -; ]
~> TaskHandler[jobId: 7505692; id: 8; name: NFCORE_HIC:HIC:HICPRO:HICPRO_MAPPING:BOWTIE2_ALIGN (DTB-008-BL); status: RUNNING; exit: -; error: -; workDir: /scratch/g/vjin/Yu/hic_pipeline/work_batch_DTB-008-BL/cc/adffad3e5154ff92619b90d77a8c08 started: 1788208654641; exited: -; ]
Sep-01 07:06:56.700 [Task monitor] DEBUG n.processor.TaskPollingMonitor - !! executor slurm > tasks to be completed: 2 -- submitted tasks are shown below
~> TaskHandler[jobId: 7505691; id: 7; name: NFCORE_HIC:HIC:HICPRO:HICPRO_MAPPING:BOWTIE2_ALIGN (DTB-008-BL); status: RUNNING; exit: -; error: -; workDir: /scratch/g/vjin/Yu/hic_pipeline/work_batch_DTB-008-BL/25/58bbbfaecadcfef9746cc4acc463c7 started: 1788208654638; exited: -; ]
~> TaskHandler[jobId: 7505692; id: 8; name: NFCORE_HIC:HIC:HICPRO:HICPRO_MAPPING:BOWTIE2_ALIGN (DTB-008-BL); status: RUNNING; exit: -; error: -; workDir: /scratch/g/vjin/Yu/hic_pipeline/work_batch_DTB-008-BL/cc/adffad3e5154ff92619b90d77a8c08 started: 1788208654641; exited: -; ]
Sep-01 07:11:56.709 [Task monitor] DEBUG n.processor.TaskPollingMonitor - !! executor slurm > tasks to be completed: 2 -- submitted tasks are shown below
~> TaskHandler[jobId: 7505691; id: 7; name: NFCORE_HIC:HIC:HICPRO:HICPRO_MAPPING:BOWTIE2_ALIGN (DTB-008-BL); status: RUNNING; exit: -; error: -; workDir: /scratch/g/vjin/Yu/hic_pipeline/work_batch_DTB-008-BL/25/58bbbfaecadcfef9746cc4acc463c7 started: 1788208654638; exited: -; ]
~> TaskHandler[jobId: 7505692; id: 8; name: NFCORE_HIC:HIC:HICPRO:HICPRO_MAPPING:BOWTIE2_ALIGN (DTB-008-BL); status: RUNNING; exit: -; error: -; workDir: /scratch/g/vjin/Yu/hic_pipeline/work_batch_DTB-008-BL/cc/adffad3e5154ff92619b90d77a8c08 started: 1788208654641; exited: -; ]
Sep-01 07:16:56.720 [Task monitor] DEBUG n.processor.TaskPollingMonitor - !! executor slurm > tasks to be completed: 2 -- submitted tasks are shown below
~> TaskHandler[jobId: 7505691; id: 7; name: NFCORE_HIC:HIC:HICPRO:HICPRO_MAPPING:BOWTIE2_ALIGN (DTB-008-BL); status: RUNNING; exit: -; error: -; workDir: /scratch/g/vjin/Yu/hic_pipeline/work_batch_DTB-008-BL/25/58bbbfaecadcfef9746cc4acc463c7 started: 1788208654638; exited: -; ]
~> TaskHandler[jobId: 7505692; id: 8; name: NFCORE_HIC:HIC:HICPRO:HICPRO_MAPPING:BOWTIE2_ALIGN (DTB-008-BL); status: RUNNING; exit: -; error: -; workDir: /scratch/g/vjin/Yu/hic_pipeline/work_batch_DTB-008-BL/cc/adffad3e5154ff92619b90d77a8c08 started: 1788208654641; exited: -; ]
Sep-01 07:21:56.727 [Task monitor] DEBUG n.processor.TaskPollingMonitor - !! executor slurm > tasks to be completed: 2 -- submitted tasks are shown below
~> TaskHandler[jobId: 7505691; id: 7; name: NFCORE_HIC:HIC:HICPRO:HICPRO_MAPPING:BOWTIE2_ALIGN (DTB-008-BL); status: RUNNING; exit: -; error: -; workDir: /scratch/g/vjin/Yu/hic_pipeline/work_batch_DTB-008-BL/25/58bbbfaecadcfef9746cc4acc463c7 started: 1788208654638; exited: -; ]
~> TaskHandler[jobId: 7505692; id: 8; name: NFCORE_HIC:HIC:HICPRO:HICPRO_MAPPING:BOWTIE2_ALIGN (DTB-008-BL); status: RUNNING; exit: -; error: -; workDir: /scratch/g/vjin/Yu/hic_pipeline/work_batch_DTB-008-BL/cc/adffad3e5154ff92619b90d77a8c08 started: 1788208654641; exited: -; ]
Sep-01 07:26:56.735 [Task monitor] DEBUG n.processor.TaskPollingMonitor - !! executor slurm > tasks to be completed: 2 -- submitted tasks are shown below
~> TaskHandler[jobId: 7505691; id: 7; name: NFCORE_HIC:HIC:HICPRO:HICPRO_MAPPING:BOWTIE2_ALIGN (DTB-008-BL); status: RUNNING; exit: -; error: -; workDir: /scratch/g/vjin/Yu/hic_pipeline/work_batch_DTB-008-BL/25/58bbbfaecadcfef9746cc4acc463c7 started: 1788208654638; exited: -; ]
~> TaskHandler[jobId: 7505692; id: 8; name: NFCORE_HIC:HIC:HICPRO:HICPRO_MAPPING:BOWTIE2_ALIGN (DTB-008-BL); status: RUNNING; exit: -; error: -; workDir: /scratch/g/vjin/Yu/hic_pipeline/work_batch_DTB-008-BL/cc/adffad3e5154ff92619b90d77a8c08 started: 1788208654641; exited: -; ]
Sep-01 07:31:56.745 [Task monitor] DEBUG n.processor.TaskPollingMonitor - !! executor slurm > tasks to be completed: 2 -- submitted tasks are shown below
~> TaskHandler[jobId: 7505691; id: 7; name: NFCORE_HIC:HIC:HICPRO:HICPRO_MAPPING:BOWTIE2_ALIGN (DTB-008-BL); status: RUNNING; exit: -; error: -; workDir: /scratch/g/vjin/Yu/hic_pipeline/work_batch_DTB-008-BL/25/58bbbfaecadcfef9746cc4acc463c7 started: 1788208654638; exited: -; ]
~> TaskHandler[jobId: 7505692; id: 8; name: NFCORE_HIC:HIC:HICPRO:HICPRO_MAPPING:BOWTIE2_ALIGN (DTB-008-BL); status: RUNNING; exit: -; error: -; workDir: /scratch/g/vjin/Yu/hic_pipeline/work_batch_DTB-008-BL/cc/adffad3e5154ff92619b90d77a8c08 started: 1788208654641; exited: -; ]
Sep-01 07:36:56.754 [Task monitor] DEBUG n.processor.TaskPollingMonitor - !! executor slurm > tasks to be completed: 2 -- submitted tasks are shown below
~> TaskHandler[jobId: 7505691; id: 7; name: NFCORE_HIC:HIC:HICPRO:HICPRO_MAPPING:BOWTIE2_ALIGN (DTB-008-BL); status: RUNNING; exit: -; error: -; workDir: /scratch/g/vjin/Yu/hic_pipeline/work_batch_DTB-008-BL/25/58bbbfaecadcfef9746cc4acc463c7 started: 1788208654638; exited: -; ]
~> TaskHandler[jobId: 7505692; id: 8; name: NFCORE_HIC:HIC:HICPRO:HICPRO_MAPPING:BOWTIE2_ALIGN (DTB-008-BL); status: RUNNING; exit: -; error: -; workDir: /scratch/g/vjin/Yu/hic_pipeline/work_batch_DTB-008-BL/cc/adffad3e5154ff92619b90d77a8c08 started: 1788208654641; exited: -; ]
Sep-01 07:41:56.765 [Task monitor] DEBUG n.processor.TaskPollingMonitor - !! executor slurm > tasks to be completed: 2 -- submitted tasks are shown below
~> TaskHandler[jobId: 7505691; id: 7; name: NFCORE_HIC:HIC:HICPRO:HICPRO_MAPPING:BOWTIE2_ALIGN (DTB-008-BL); status: RUNNING; exit: -; error: -; workDir: /scratch/g/vjin/Yu/hic_pipeline/work_batch_DTB-008-BL/25/58bbbfaecadcfef9746cc4acc463c7 started: 1788208654638; exited: -; ]
~> TaskHandler[jobId: 7505692; id: 8; name: NFCORE_HIC:HIC:HICPRO:HICPRO_MAPPING:BOWTIE2_ALIGN (DTB-008-BL); status: RUNNING; exit: -; error: -; workDir: /scratch/g/vjin/Yu/hic_pipeline/work_batch_DTB-008-BL/cc/adffad3e5154ff92619b90d77a8c08 started: 1788208654641; exited: -; ]
Sep-01 07:46:56.776 [Task monitor] DEBUG n.processor.TaskPollingMonitor - !! executor slurm > tasks to be completed: 2 -- submitted tasks are shown below
~> TaskHandler[jobId: 7505691; id: 7; name: NFCORE_HIC:HIC:HICPRO:HICPRO_MAPPING:BOWTIE2_ALIGN (DTB-008-BL); status: RUNNING; exit: -; error: -; workDir: /scratch/g/vjin/Yu/hic_pipeline/work_batch_DTB-008-BL/25/58bbbfaecadcfef9746cc4acc463c7 started: 1788208654638; exited: -; ]
~> TaskHandler[jobId: 7505692; id: 8; name: NFCORE_HIC:HIC:HICPRO:HICPRO_MAPPING:BOWTIE2_ALIGN (DTB-008-BL); status: RUNNING; exit: -; error: -; workDir: /scratch/g/vjin/Yu/hic_pipeline/work_batch_DTB-008-BL/cc/adffad3e5154ff92619b90d77a8c08 started: 1788208654641; exited: -; ]
Sep-01 07:51:56.787 [Task monitor] DEBUG n.processor.TaskPollingMonitor - !! executor slurm > tasks to be completed: 2 -- submitted tasks are shown below
~> TaskHandler[jobId: 7505691; id: 7; name: NFCORE_HIC:HIC:HICPRO:HICPRO_MAPPING:BOWTIE2_ALIGN (DTB-008-BL); status: RUNNING; exit: -; error: -; workDir: /scratch/g/vjin/Yu/hic_pipeline/work_batch_DTB-008-BL/25/58bbbfaecadcfef9746cc4acc463c7 started: 1788208654638; exited: -; ]
~> TaskHandler[jobId: 7505692; id: 8; name: NFCORE_HIC:HIC:HICPRO:HICPRO_MAPPING:BOWTIE2_ALIGN (DTB-008-BL); status: RUNNING; exit: -; error: -; workDir: /scratch/g/vjin/Yu/hic_pipeline/work_batch_DTB-008-BL/cc/adffad3e5154ff92619b90d77a8c08 started: 1788208654641; exited: -; ]
Sep-01 07:56:56.798 [Task monitor] DEBUG n.processor.TaskPollingMonitor - !! executor slurm > tasks to be completed: 2 -- submitted tasks are shown below
~> TaskHandler[jobId: 7505691; id: 7; name: NFCORE_HIC:HIC:HICPRO:HICPRO_MAPPING:BOWTIE2_ALIGN (DTB-008-BL); status: RUNNING; exit: -; error: -; workDir: /scratch/g/vjin/Yu/hic_pipeline/work_batch_DTB-008-BL/25/58bbbfaecadcfef9746cc4acc463c7 started: 1788208654638; exited: -; ]
~> TaskHandler[jobId: 7505692; id: 8; name: NFCORE_HIC:HIC:HICPRO:HICPRO_MAPPING:BOWTIE2_ALIGN (DTB-008-BL); status: RUNNING; exit: -; error: -; workDir: /scratch/g/vjin/Yu/hic_pipeline/work_batch_DTB-008-BL/cc/adffad3e5154ff92619b90d77a8c08 started: 1788208654641; exited: -; ]
Sep-01 08:01:56.809 [Task monitor] DEBUG n.processor.TaskPollingMonitor - !! executor slurm > tasks to be completed: 2 -- submitted tasks are shown below
~> TaskHandler[jobId: 7505691; id: 7; name: NFCORE_HIC:HIC:HICPRO:HICPRO_MAPPING:BOWTIE2_ALIGN (DTB-008-BL); status: RUNNING; exit: -; error: -; workDir: /scratch/g/vjin/Yu/hic_pipeline/work_batch_DTB-008-BL/25/58bbbfaecadcfef9746cc4acc463c7 started: 1788208654638; exited: -; ]
~> TaskHandler[jobId: 7505692; id: 8; name: NFCORE_HIC:HIC:HICPRO:HICPRO_MAPPING:BOWTIE2_ALIGN (DTB-008-BL); status: RUNNING; exit: -; error: -; workDir: /scratch/g/vjin/Yu/hic_pipeline/work_batch_DTB-008-BL/cc/adffad3e5154ff92619b90d77a8c08 started: 1788208654641; exited: -; ]
Sep-01 08:06:56.817 [Task monitor] DEBUG n.processor.TaskPollingMonitor - !! executor slurm > tasks to be completed: 2 -- submitted tasks are shown below
~> TaskHandler[jobId: 7505691; id: 7; name: NFCORE_HIC:HIC:HICPRO:HICPRO_MAPPING:BOWTIE2_ALIGN (DTB-008-BL); status: RUNNING; exit: -; error: -; workDir: /scratch/g/vjin/Yu/hic_pipeline/work_batch_DTB-008-BL/25/58bbbfaecadcfef9746cc4acc463c7 started: 1788208654638; exited: -; ]
~> TaskHandler[jobId: 7505692; id: 8; name: NFCORE_HIC:HIC:HICPRO:HICPRO_MAPPING:BOWTIE2_ALIGN (DTB-008-BL); status: RUNNING; exit: -; error: -; workDir: /scratch/g/vjin/Yu/hic_pipeline/work_batch_DTB-008-BL/cc/adffad3e5154ff92619b90d77a8c08 started: 1788208654641; exited: -; ]
Sep-01 08:11:56.828 [Task monitor] DEBUG n.processor.TaskPollingMonitor - !! executor slurm > tasks to be completed: 2 -- submitted tasks are shown below
~> TaskHandler[jobId: 7505691; id: 7; name: NFCORE_HIC:HIC:HICPRO:HICPRO_MAPPING:BOWTIE2_ALIGN (DTB-008-BL); status: RUNNING; exit: -; error: -; workDir: /scratch/g/vjin/Yu/hic_pipeline/work_batch_DTB-008-BL/25/58bbbfaecadcfef9746cc4acc463c7 started: 1788208654638; exited: -; ]
~> TaskHandler[jobId: 7505692; id: 8; name: NFCORE_HIC:HIC:HICPRO:HICPRO_MAPPING:BOWTIE2_ALIGN (DTB-008-BL); status: RUNNING; exit: -; error: -; workDir: /scratch/g/vjin/Yu/hic_pipeline/work_batch_DTB-008-BL/cc/adffad3e5154ff92619b90d77a8c08 started: 1788208654641; exited: -; ]
Sep-01 08:16:56.837 [Task monitor] DEBUG n.processor.TaskPollingMonitor - !! executor slurm > tasks to be completed: 2 -- submitted tasks are shown below
~> TaskHandler[jobId: 7505691; id: 7; name: NFCORE_HIC:HIC:HICPRO:HICPRO_MAPPING:BOWTIE2_ALIGN (DTB-008-BL); status: RUNNING; exit: -; error: -; workDir: /scratch/g/vjin/Yu/hic_pipeline/work_batch_DTB-008-BL/25/58bbbfaecadcfef9746cc4acc463c7 started: 1788208654638; exited: -; ]
~> TaskHandler[jobId: 7505692; id: 8; name: NFCORE_HIC:HIC:HICPRO:HICPRO_MAPPING:BOWTIE2_ALIGN (DTB-008-BL); status: RUNNING; exit: -; error: -; workDir: /scratch/g/vjin/Yu/hic_pipeline/work_batch_DTB-008-BL/cc/adffad3e5154ff92619b90d77a8c08 started: 1788208654641; exited: -; ]
Sep-01 08:21:56.847 [Task monitor] DEBUG n.processor.TaskPollingMonitor - !! executor slurm > tasks to be completed: 2 -- submitted tasks are shown below
~> TaskHandler[jobId: 7505691; id: 7; name: NFCORE_HIC:HIC:HICPRO:HICPRO_MAPPING:BOWTIE2_ALIGN (DTB-008-BL); status: RUNNING; exit: -; error: -; workDir: /scratch/g/vjin/Yu/hic_pipeline/work_batch_DTB-008-BL/25/58bbbfaecadcfef9746cc4acc463c7 started: 1788208654638; exited: -; ]
~> TaskHandler[jobId: 7505692; id: 8; name: NFCORE_HIC:HIC:HICPRO:HICPRO_MAPPING:BOWTIE2_ALIGN (DTB-008-BL); status: RUNNING; exit: -; error: -; workDir: /scratch/g/vjin/Yu/hic_pipeline/work_batch_DTB-008-BL/cc/adffad3e5154ff92619b90d77a8c08 started: 1788208654641; exited: -; ]
Sep-01 08:26:56.861 [Task monitor] DEBUG n.processor.TaskPollingMonitor - !! executor slurm > tasks to be completed: 2 -- submitted tasks are shown below
~> TaskHandler[jobId: 7505691; id: 7; name: NFCORE_HIC:HIC:HICPRO:HICPRO_MAPPING:BOWTIE2_ALIGN (DTB-008-BL); status: RUNNING; exit: -; error: -; workDir: /scratch/g/vjin/Yu/hic_pipeline/work_batch_DTB-008-BL/25/58bbbfaecadcfef9746cc4acc463c7 started: 1788208654638; exited: -; ]
~> TaskHandler[jobId: 7505692; id: 8; name: NFCORE_HIC:HIC:HICPRO:HICPRO_MAPPING:BOWTIE2_ALIGN (DTB-008-BL); status: RUNNING; exit: -; error: -; workDir: /scratch/g/vjin/Yu/hic_pipeline/work_batch_DTB-008-BL/cc/adffad3e5154ff92619b90d77a8c08 started: 1788208654641; exited: -; ]
Sep-01 08:31:56.871 [Task monitor] DEBUG n.processor.TaskPollingMonitor - !! executor slurm > tasks to be completed: 2 -- submitted tasks are shown below
~> TaskHandler[jobId: 7505691; id: 7; name: NFCORE_HIC:HIC:HICPRO:HICPRO_MAPPING:BOWTIE2_ALIGN (DTB-008-BL); status: RUNNING; exit: -; error: -; workDir: /scratch/g/vjin/Yu/hic_pipeline/work_batch_DTB-008-BL/25/58bbbfaecadcfef9746cc4acc463c7 started: 1788208654638; exited: -; ]
~> TaskHandler[jobId: 7505692; id: 8; name: NFCORE_HIC:HIC:HICPRO:HICPRO_MAPPING:BOWTIE2_ALIGN (DTB-008-BL); status: RUNNING; exit: -; error: -; workDir: /scratch/g/vjin/Yu/hic_pipeline/work_batch_DTB-008-BL/cc/adffad3e5154ff92619b90d77a8c08 started: 1788208654641; exited: -; ]
Sep-01 08:36:56.884 [Task monitor] DEBUG n.processor.TaskPollingMonitor - !! executor slurm > tasks to be completed: 2 -- submitted tasks are shown below
~> TaskHandler[jobId: 7505691; id: 7; name: NFCORE_HIC:HIC:HICPRO:HICPRO_MAPPING:BOWTIE2_ALIGN (DTB-008-BL); status: RUNNING; exit: -; error: -; workDir: /scratch/g/vjin/Yu/hic_pipeline/work_batch_DTB-008-BL/25/58bbbfaecadcfef9746cc4acc463c7 started: 1788208654638; exited: -; ]
~> TaskHandler[jobId: 7505692; id: 8; name: NFCORE_HIC:HIC:HICPRO:HICPRO_MAPPING:BOWTIE2_ALIGN (DTB-008-BL); status: RUNNING; exit: -; error: -; workDir: /scratch/g/vjin/Yu/hic_pipeline/work_batch_DTB-008-BL/cc/adffad3e5154ff92619b90d77a8c08 started: 1788208654641; exited: -; ]
Sep-01 08:41:56.895 [Task monitor] DEBUG n.processor.TaskPollingMonitor - !! executor slurm > tasks to be completed: 2 -- submitted tasks are shown below
~> TaskHandler[jobId: 7505691; id: 7; name: NFCORE_HIC:HIC:HICPRO:HICPRO_MAPPING:BOWTIE2_ALIGN (DTB-008-BL); status: RUNNING; exit: -; error: -; workDir: /scratch/g/vjin/Yu/hic_pipeline/work_batch_DTB-008-BL/25/58bbbfaecadcfef9746cc4acc463c7 started: 1788208654638; exited: -; ]
~> TaskHandler[jobId: 7505692; id: 8; name: NFCORE_HIC:HIC:HICPRO:HICPRO_MAPPING:BOWTIE2_ALIGN (DTB-008-BL); status: RUNNING; exit: -; error: -; workDir: /scratch/g/vjin/Yu/hic_pipeline/work_batch_DTB-008-BL/cc/adffad3e5154ff92619b90d77a8c08 started: 1788208654641; exited: -; ]
Sep-01 08:46:56.902 [Task monitor] DEBUG n.processor.TaskPollingMonitor - !! executor slurm > tasks to be completed: 2 -- submitted tasks are shown below
~> TaskHandler[jobId: 7505691; id: 7; name: NFCORE_HIC:HIC:HICPRO:HICPRO_MAPPING:BOWTIE2_ALIGN (DTB-008-BL); status: RUNNING; exit: -; error: -; workDir: /scratch/g/vjin/Yu/hic_pipeline/work_batch_DTB-008-BL/25/58bbbfaecadcfef9746cc4acc463c7 started: 1788208654638; exited: -; ]
~> TaskHandler[jobId: 7505692; id: 8; name: NFCORE_HIC:HIC:HICPRO:HICPRO_MAPPING:BOWTIE2_ALIGN (DTB-008-BL); status: RUNNING; exit: -; error: -; workDir: /scratch/g/vjin/Yu/hic_pipeline/work_batch_DTB-008-BL/cc/adffad3e5154ff92619b90d77a8c08 started: 1788208654641; exited: -; ]
Sep-01 08:51:56.912 [Task monitor] DEBUG n.processor.TaskPollingMonitor - !! executor slurm > tasks to be completed: 2 -- submitted tasks are shown below
~> TaskHandler[jobId: 7505691; id: 7; name: NFCORE_HIC:HIC:HICPRO:HICPRO_MAPPING:BOWTIE2_ALIGN (DTB-008-BL); status: RUNNING; exit: -; error: -; workDir: /scratch/g/vjin/Yu/hic_pipeline/work_batch_DTB-008-BL/25/58bbbfaecadcfef9746cc4acc463c7 started: 1788208654638; exited: -; ]
~> TaskHandler[jobId: 7505692; id: 8; name: NFCORE_HIC:HIC:HICPRO:HICPRO_MAPPING:BOWTIE2_ALIGN (DTB-008-BL); status: RUNNING; exit: -; error: -; workDir: /scratch/g/vjin/Yu/hic_pipeline/work_batch_DTB-008-BL/cc/adffad3e5154ff92619b90d77a8c08 started: 1788208654641; exited: -; ]
Sep-01 08:56:56.926 [Task monitor] DEBUG n.processor.TaskPollingMonitor - !! executor slurm > tasks to be completed: 2 -- submitted tasks are shown below
~> TaskHandler[jobId: 7505691; id: 7; name: NFCORE_HIC:HIC:HICPRO:HICPRO_MAPPING:BOWTIE2_ALIGN (DTB-008-BL); status: RUNNING; exit: -; error: -; workDir: /scratch/g/vjin/Yu/hic_pipeline/work_batch_DTB-008-BL/25/58bbbfaecadcfef9746cc4acc463c7 started: 1788208654638; exited: -; ]
~> TaskHandler[jobId: 7505692; id: 8; name: NFCORE_HIC:HIC:HICPRO:HICPRO_MAPPING:BOWTIE2_ALIGN (DTB-008-BL); status: RUNNING; exit: -; error: -; workDir: /scratch/g/vjin/Yu/hic_pipeline/work_batch_DTB-008-BL/cc/adffad3e5154ff92619b90d77a8c08 started: 1788208654641; exited: -; ]
Sep-01 09:01:56.937 [Task monitor] DEBUG n.processor.TaskPollingMonitor - !! executor slurm > tasks to be completed: 2 -- submitted tasks are shown below
~> TaskHandler[jobId: 7505691; id: 7; name: NFCORE_HIC:HIC:HICPRO:HICPRO_MAPPING:BOWTIE2_ALIGN (DTB-008-BL); status: RUNNING; exit: -; error: -; workDir: /scratch/g/vjin/Yu/hic_pipeline/work_batch_DTB-008-BL/25/58bbbfaecadcfef9746cc4acc463c7 started: 1788208654638; exited: -; ]
~> TaskHandler[jobId: 7505692; id: 8; name: NFCORE_HIC:HIC:HICPRO:HICPRO_MAPPING:BOWTIE2_ALIGN (DTB-008-BL); status: RUNNING; exit: -; error: -; workDir: /scratch/g/vjin/Yu/hic_pipeline/work_batch_DTB-008-BL/cc/adffad3e5154ff92619b90d77a8c08 started: 1788208654641; exited: -; ]
Sep-01 09:06:56.945 [Task monitor] DEBUG n.processor.TaskPollingMonitor - !! executor slurm > tasks to be completed: 2 -- submitted tasks are shown below
~> TaskHandler[jobId: 7505691; id: 7; name: NFCORE_HIC:HIC:HICPRO:HICPRO_MAPPING:BOWTIE2_ALIGN (DTB-008-BL); status: RUNNING; exit: -; error: -; workDir: /scratch/g/vjin/Yu/hic_pipeline/work_batch_DTB-008-BL/25/58bbbfaecadcfef9746cc4acc463c7 started: 1788208654638; exited: -; ]
~> TaskHandler[jobId: 7505692; id: 8; name: NFCORE_HIC:HIC:HICPRO:HICPRO_MAPPING:BOWTIE2_ALIGN (DTB-008-BL); status: RUNNING; exit: -; error: -; workDir: /scratch/g/vjin/Yu/hic_pipeline/work_batch_DTB-008-BL/cc/adffad3e5154ff92619b90d77a8c08 started: 1788208654641; exited: -; ]
Sep-01 09:11:56.955 [Task monitor] DEBUG n.processor.TaskPollingMonitor - !! executor slurm > tasks to be completed: 2 -- submitted tasks are shown below
~> TaskHandler[jobId: 7505691; id: 7; name: NFCORE_HIC:HIC:HICPRO:HICPRO_MAPPING:BOWTIE2_ALIGN (DTB-008-BL); status: RUNNING; exit: -; error: -; workDir: /scratch/g/vjin/Yu/hic_pipeline/work_batch_DTB-008-BL/25/58bbbfaecadcfef9746cc4acc463c7 started: 1788208654638; exited: -; ]
~> TaskHandler[jobId: 7505692; id: 8; name: NFCORE_HIC:HIC:HICPRO:HICPRO_MAPPING:BOWTIE2_ALIGN (DTB-008-BL); status: RUNNING; exit: -; error: -; workDir: /scratch/g/vjin/Yu/hic_pipeline/work_batch_DTB-008-BL/cc/adffad3e5154ff92619b90d77a8c08 started: 1788208654641; exited: -; ]
Sep-01 09:16:56.968 [Task monitor] DEBUG n.processor.TaskPollingMonitor - !! executor slurm > tasks to be completed: 2 -- submitted tasks are shown below
~> TaskHandler[jobId: 7505691; id: 7; name: NFCORE_HIC:HIC:HICPRO:HICPRO_MAPPING:BOWTIE2_ALIGN (DTB-008-BL); status: RUNNING; exit: -; error: -; workDir: /scratch/g/vjin/Yu/hic_pipeline/work_batch_DTB-008-BL/25/58bbbfaecadcfef9746cc4acc463c7 started: 1788208654638; exited: -; ]
~> TaskHandler[jobId: 7505692; id: 8; name: NFCORE_HIC:HIC:HICPRO:HICPRO_MAPPING:BOWTIE2_ALIGN (DTB-008-BL); status: RUNNING; exit: -; error: -; workDir: /scratch/g/vjin/Yu/hic_pipeline/work_batch_DTB-008-BL/cc/adffad3e5154ff92619b90d77a8c08 started: 1788208654641; exited: -; ]
Sep-01 09:21:56.978 [Task monitor] DEBUG n.processor.TaskPollingMonitor - !! executor slurm > tasks to be completed: 2 -- submitted tasks are shown below
~> TaskHandler[jobId: 7505691; id: 7; name: NFCORE_HIC:HIC:HICPRO:HICPRO_MAPPING:BOWTIE2_ALIGN (DTB-008-BL); status: RUNNING; exit: -; error: -; workDir: /scratch/g/vjin/Yu/hic_pipeline/work_batch_DTB-008-BL/25/58bbbfaecadcfef9746cc4acc463c7 started: 1788208654638; exited: -; ]
~> TaskHandler[jobId: 7505692; id: 8; name: NFCORE_HIC:HIC:HICPRO:HICPRO_MAPPING:BOWTIE2_ALIGN (DTB-008-BL); status: RUNNING; exit: -; error: -; workDir: /scratch/g/vjin/Yu/hic_pipeline/work_batch_DTB-008-BL/cc/adffad3e5154ff92619b90d77a8c08 started: 1788208654641; exited: -; ]
Sep-01 09:26:56.992 [Task monitor] DEBUG n.processor.TaskPollingMonitor - !! executor slurm > tasks to be completed: 2 -- submitted tasks are shown below
~> TaskHandler[jobId: 7505691; id: 7; name: NFCORE_HIC:HIC:HICPRO:HICPRO_MAPPING:BOWTIE2_ALIGN (DTB-008-BL); status: RUNNING; exit: -; error: -; workDir: /scratch/g/vjin/Yu/hic_pipeline/work_batch_DTB-008-BL/25/58bbbfaecadcfef9746cc4acc463c7 started: 1788208654638; exited: -; ]
~> TaskHandler[jobId: 7505692; id: 8; name: NFCORE_HIC:HIC:HICPRO:HICPRO_MAPPING:BOWTIE2_ALIGN (DTB-008-BL); status: RUNNING; exit: -; error: -; workDir: /scratch/g/vjin/Yu/hic_pipeline/work_batch_DTB-008-BL/cc/adffad3e5154ff92619b90d77a8c08 started: 1788208654641; exited: -; ]
Sep-01 09:31:57.003 [Task monitor] DEBUG n.processor.TaskPollingMonitor - !! executor slurm > tasks to be completed: 2 -- submitted tasks are shown below
~> TaskHandler[jobId: 7505691; id: 7; name: NFCORE_HIC:HIC:HICPRO:HICPRO_MAPPING:BOWTIE2_ALIGN (DTB-008-BL); status: RUNNING; exit: -; error: -; workDir: /scratch/g/vjin/Yu/hic_pipeline/work_batch_DTB-008-BL/25/58bbbfaecadcfef9746cc4acc463c7 started: 1788208654638; exited: -; ]
~> TaskHandler[jobId: 7505692; id: 8; name: NFCORE_HIC:HIC:HICPRO:HICPRO_MAPPING:BOWTIE2_ALIGN (DTB-008-BL); status: RUNNING; exit: -; error: -; workDir: /scratch/g/vjin/Yu/hic_pipeline/work_batch_DTB-008-BL/cc/adffad3e5154ff92619b90d77a8c08 started: 1788208654641; exited: -; ]
Sep-01 09:36:57.018 [Task monitor] DEBUG n.processor.TaskPollingMonitor - !! executor slurm > tasks to be completed: 2 -- submitted tasks are shown below
~> TaskHandler[jobId: 7505691; id: 7; name: NFCORE_HIC:HIC:HICPRO:HICPRO_MAPPING:BOWTIE2_ALIGN (DTB-008-BL); status: RUNNING; exit: -; error: -; workDir: /scratch/g/vjin/Yu/hic_pipeline/work_batch_DTB-008-BL/25/58bbbfaecadcfef9746cc4acc463c7 started: 1788208654638; exited: -; ]
~> TaskHandler[jobId: 7505692; id: 8; name: NFCORE_HIC:HIC:HICPRO:HICPRO_MAPPING:BOWTIE2_ALIGN (DTB-008-BL); status: RUNNING; exit: -; error: -; workDir: /scratch/g/vjin/Yu/hic_pipeline/work_batch_DTB-008-BL/cc/adffad3e5154ff92619b90d77a8c08 started: 1788208654641; exited: -; ]
Sep-01 09:41:57.028 [Task monitor] DEBUG n.processor.TaskPollingMonitor - !! executor slurm > tasks to be completed: 2 -- submitted tasks are shown below
~> TaskHandler[jobId: 7505691; id: 7; name: NFCORE_HIC:HIC:HICPRO:HICPRO_MAPPING:BOWTIE2_ALIGN (DTB-008-BL); status: RUNNING; exit: -; error: -; workDir: /scratch/g/vjin/Yu/hic_pipeline/work_batch_DTB-008-BL/25/58bbbfaecadcfef9746cc4acc463c7 started: 1788208654638; exited: -; ]
~> TaskHandler[jobId: 7505692; id: 8; name: NFCORE_HIC:HIC:HICPRO:HICPRO_MAPPING:BOWTIE2_ALIGN (DTB-008-BL); status: RUNNING; exit: -; error: -; workDir: /scratch/g/vjin/Yu/hic_pipeline/work_batch_DTB-008-BL/cc/adffad3e5154ff92619b90d77a8c08 started: 1788208654641; exited: -; ]
Sep-01 09:46:57.041 [Task monitor] DEBUG n.processor.TaskPollingMonitor - !! executor slurm > tasks to be completed: 2 -- submitted tasks are shown below
~> TaskHandler[jobId: 7505691; id: 7; name: NFCORE_HIC:HIC:HICPRO:HICPRO_MAPPING:BOWTIE2_ALIGN (DTB-008-BL); status: RUNNING; exit: -; error: -; workDir: /scratch/g/vjin/Yu/hic_pipeline/work_batch_DTB-008-BL/25/58bbbfaecadcfef9746cc4acc463c7 started: 1788208654638; exited: -; ]
~> TaskHandler[jobId: 7505692; id: 8; name: NFCORE_HIC:HIC:HICPRO:HICPRO_MAPPING:BOWTIE2_ALIGN (DTB-008-BL); status: RUNNING; exit: -; error: -; workDir: /scratch/g/vjin/Yu/hic_pipeline/work_batch_DTB-008-BL/cc/adffad3e5154ff92619b90d77a8c08 started: 1788208654641; exited: -; ]
Sep-01 09:51:57.053 [Task monitor] DEBUG n.processor.TaskPollingMonitor - !! executor slurm > tasks to be completed: 2 -- submitted tasks are shown below
~> TaskHandler[jobId: 7505691; id: 7; name: NFCORE_HIC:HIC:HICPRO:HICPRO_MAPPING:BOWTIE2_ALIGN (DTB-008-BL); status: RUNNING; exit: -; error: -; workDir: /scratch/g/vjin/Yu/hic_pipeline/work_batch_DTB-008-BL/25/58bbbfaecadcfef9746cc4acc463c7 started: 1788208654638; exited: -; ]
~> TaskHandler[jobId: 7505692; id: 8; name: NFCORE_HIC:HIC:HICPRO:HICPRO_MAPPING:BOWTIE2_ALIGN (DTB-008-BL); status: RUNNING; exit: -; error: -; workDir: /scratch/g/vjin/Yu/hic_pipeline/work_batch_DTB-008-BL/cc/adffad3e5154ff92619b90d77a8c08 started: 1788208654641; exited: -; ]
Sep-01 09:56:57.065 [Task monitor] DEBUG n.processor.TaskPollingMonitor - !! executor slurm > tasks to be completed: 2 -- submitted tasks are shown below
~> TaskHandler[jobId: 7505691; id: 7; name: NFCORE_HIC:HIC:HICPRO:HICPRO_MAPPING:BOWTIE2_ALIGN (DTB-008-BL); status: RUNNING; exit: -; error: -; workDir: /scratch/g/vjin/Yu/hic_pipeline/work_batch_DTB-008-BL/25/58bbbfaecadcfef9746cc4acc463c7 started: 1788208654638; exited: -; ]
~> TaskHandler[jobId: 7505692; id: 8; name: NFCORE_HIC:HIC:HICPRO:HICPRO_MAPPING:BOWTIE2_ALIGN (DTB-008-BL); status: RUNNING; exit: -; error: -; workDir: /scratch/g/vjin/Yu/hic_pipeline/work_batch_DTB-008-BL/cc/adffad3e5154ff92619b90d77a8c08 started: 1788208654641; exited: -; ]
Sep-01 10:01:57.076 [Task monitor] DEBUG n.processor.TaskPollingMonitor - !! executor slurm > tasks to be completed: 2 -- submitted tasks are shown below
~> TaskHandler[jobId: 7505691; id: 7; name: NFCORE_HIC:HIC:HICPRO:HICPRO_MAPPING:BOWTIE2_ALIGN (DTB-008-BL); status: RUNNING; exit: -; error: -; workDir: /scratch/g/vjin/Yu/hic_pipeline/work_batch_DTB-008-BL/25/58bbbfaecadcfef9746cc4acc463c7 started: 1788208654638; exited: -; ]
~> TaskHandler[jobId: 7505692; id: 8; name: NFCORE_HIC:HIC:HICPRO:HICPRO_MAPPING:BOWTIE2_ALIGN (DTB-008-BL); status: RUNNING; exit: -; error: -; workDir: /scratch/g/vjin/Yu/hic_pipeline/work_batch_DTB-008-BL/cc/adffad3e5154ff92619b90d77a8c08 started: 1788208654641; exited: -; ]
Sep-01 10:06:57.088 [Task monitor] DEBUG n.processor.TaskPollingMonitor - !! executor slurm > tasks to be completed: 2 -- submitted tasks are shown below
~> TaskHandler[jobId: 7505691; id: 7; name: NFCORE_HIC:HIC:HICPRO:HICPRO_MAPPING:BOWTIE2_ALIGN (DTB-008-BL); status: RUNNING; exit: -; error: -; workDir: /scratch/g/vjin/Yu/hic_pipeline/work_batch_DTB-008-BL/25/58bbbfaecadcfef9746cc4acc463c7 started: 1788208654638; exited: -; ]
~> TaskHandler[jobId: 7505692; id: 8; name: NFCORE_HIC:HIC:HICPRO:HICPRO_MAPPING:BOWTIE2_ALIGN (DTB-008-BL); status: RUNNING; exit: -; error: -; workDir: /scratch/g/vjin/Yu/hic_pipeline/work_batch_DTB-008-BL/cc/adffad3e5154ff92619b90d77a8c08 started: 1788208654641; exited: -; ]
Sep-01 10:11:57.101 [Task monitor] DEBUG n.processor.TaskPollingMonitor - !! executor slurm > tasks to be completed: 2 -- submitted tasks are shown below
~> TaskHandler[jobId: 7505691; id: 7; name: NFCORE_HIC:HIC:HICPRO:HICPRO_MAPPING:BOWTIE2_ALIGN (DTB-008-BL); status: RUNNING; exit: -; error: -; workDir: /scratch/g/vjin/Yu/hic_pipeline/work_batch_DTB-008-BL/25/58bbbfaecadcfef9746cc4acc463c7 started: 1788208654638; exited: -; ]
~> TaskHandler[jobId: 7505692; id: 8; name: NFCORE_HIC:HIC:HICPRO:HICPRO_MAPPING:BOWTIE2_ALIGN (DTB-008-BL); status: RUNNING; exit: -; error: -; workDir: /scratch/g/vjin/Yu/hic_pipeline/work_batch_DTB-008-BL/cc/adffad3e5154ff92619b90d77a8c08 started: 1788208654641; exited: -; ]
Sep-01 10:16:57.115 [Task monitor] DEBUG n.processor.TaskPollingMonitor - !! executor slurm > tasks to be completed: 2 -- submitted tasks are shown below
~> TaskHandler[jobId: 7505691; id: 7; name: NFCORE_HIC:HIC:HICPRO:HICPRO_MAPPING:BOWTIE2_ALIGN (DTB-008-BL); status: RUNNING; exit: -; error: -; workDir: /scratch/g/vjin/Yu/hic_pipeline/work_batch_DTB-008-BL/25/58bbbfaecadcfef9746cc4acc463c7 started: 1788208654638; exited: -; ]
~> TaskHandler[jobId: 7505692; id: 8; name: NFCORE_HIC:HIC:HICPRO:HICPRO_MAPPING:BOWTIE2_ALIGN (DTB-008-BL); status: RUNNING; exit: -; error: -; workDir: /scratch/g/vjin/Yu/hic_pipeline/work_batch_DTB-008-BL/cc/adffad3e5154ff92619b90d77a8c08 started: 1788208654641; exited: -; ]
Sep-01 10:21:57.124 [Task monitor] DEBUG n.processor.TaskPollingMonitor - !! executor slurm > tasks to be completed: 2 -- submitted tasks are shown below
~> TaskHandler[jobId: 7505691; id: 7; name: NFCORE_HIC:HIC:HICPRO:HICPRO_MAPPING:BOWTIE2_ALIGN (DTB-008-BL); status: RUNNING; exit: -; error: -; workDir: /scratch/g/vjin/Yu/hic_pipeline/work_batch_DTB-008-BL/25/58bbbfaecadcfef9746cc4acc463c7 started: 1788208654638; exited: -; ]
~> TaskHandler[jobId: 7505692; id: 8; name: NFCORE_HIC:HIC:HICPRO:HICPRO_MAPPING:BOWTIE2_ALIGN (DTB-008-BL); status: RUNNING; exit: -; error: -; workDir: /scratch/g/vjin/Yu/hic_pipeline/work_batch_DTB-008-BL/cc/adffad3e5154ff92619b90d77a8c08 started: 1788208654641; exited: -; ]
Sep-01 10:26:57.133 [Task monitor] DEBUG n.processor.TaskPollingMonitor - !! executor slurm > tasks to be completed: 2 -- submitted tasks are shown below
~> TaskHandler[jobId: 7505691; id: 7; name: NFCORE_HIC:HIC:HICPRO:HICPRO_MAPPING:BOWTIE2_ALIGN (DTB-008-BL); status: RUNNING; exit: -; error: -; workDir: /scratch/g/vjin/Yu/hic_pipeline/work_batch_DTB-008-BL/25/58bbbfaecadcfef9746cc4acc463c7 started: 1788208654638; exited: -; ]
~> TaskHandler[jobId: 7505692; id: 8; name: NFCORE_HIC:HIC:HICPRO:HICPRO_MAPPING:BOWTIE2_ALIGN (DTB-008-BL); status: RUNNING; exit: -; error: -; workDir: /scratch/g/vjin/Yu/hic_pipeline/work_batch_DTB-008-BL/cc/adffad3e5154ff92619b90d77a8c08 started: 1788208654641; exited: -; ]
Sep-01 10:31:57.141 [Task monitor] DEBUG n.processor.TaskPollingMonitor - !! executor slurm > tasks to be completed: 2 -- submitted tasks are shown below
~> TaskHandler[jobId: 7505691; id: 7; name: NFCORE_HIC:HIC:HICPRO:HICPRO_MAPPING:BOWTIE2_ALIGN (DTB-008-BL); status: RUNNING; exit: -; error: -; workDir: /scratch/g/vjin/Yu/hic_pipeline/work_batch_DTB-008-BL/25/58bbbfaecadcfef9746cc4acc463c7 started: 1788208654638; exited: -; ]
~> TaskHandler[jobId: 7505692; id: 8; name: NFCORE_HIC:HIC:HICPRO:HICPRO_MAPPING:BOWTIE2_ALIGN (DTB-008-BL); status: RUNNING; exit: -; error: -; workDir: /scratch/g/vjin/Yu/hic_pipeline/work_batch_DTB-008-BL/cc/adffad3e5154ff92619b90d77a8c08 started: 1788208654641; exited: -; ]
Sep-01 10:36:57.148 [Task monitor] DEBUG n.processor.TaskPollingMonitor - !! executor slurm > tasks to be completed: 2 -- submitted tasks are shown below
~> TaskHandler[jobId: 7505691; id: 7; name: NFCORE_HIC:HIC:HICPRO:HICPRO_MAPPING:BOWTIE2_ALIGN (DTB-008-BL); status: RUNNING; exit: -; error: -; workDir: /scratch/g/vjin/Yu/hic_pipeline/work_batch_DTB-008-BL/25/58bbbfaecadcfef9746cc4acc463c7 started: 1788208654638; exited: -; ]
~> TaskHandler[jobId: 7505692; id: 8; name: NFCORE_HIC:HIC:HICPRO:HICPRO_MAPPING:BOWTIE2_ALIGN (DTB-008-BL); status: RUNNING; exit: -; error: -; workDir: /scratch/g/vjin/Yu/hic_pipeline/work_batch_DTB-008-BL/cc/adffad3e5154ff92619b90d77a8c08 started: 1788208654641; exited: -; ]
Sep-01 10:41:57.159 [Task monitor] DEBUG n.processor.TaskPollingMonitor - !! executor slurm > tasks to be completed: 2 -- submitted tasks are shown below
~> TaskHandler[jobId: 7505691; id: 7; name: NFCORE_HIC:HIC:HICPRO:HICPRO_MAPPING:BOWTIE2_ALIGN (DTB-008-BL); status: RUNNING; exit: -; error: -; workDir: /scratch/g/vjin/Yu/hic_pipeline/work_batch_DTB-008-BL/25/58bbbfaecadcfef9746cc4acc463c7 started: 1788208654638; exited: -; ]
~> TaskHandler[jobId: 7505692; id: 8; name: NFCORE_HIC:HIC:HICPRO:HICPRO_MAPPING:BOWTIE2_ALIGN (DTB-008-BL); status: RUNNING; exit: -; error: -; workDir: /scratch/g/vjin/Yu/hic_pipeline/work_batch_DTB-008-BL/cc/adffad3e5154ff92619b90d77a8c08 started: 1788208654641; exited: -; ]
Sep-01 10:46:57.172 [Task monitor] DEBUG n.processor.TaskPollingMonitor - !! executor slurm > tasks to be completed: 2 -- submitted tasks are shown below
~> TaskHandler[jobId: 7505691; id: 7; name: NFCORE_HIC:HIC:HICPRO:HICPRO_MAPPING:BOWTIE2_ALIGN (DTB-008-BL); status: RUNNING; exit: -; error: -; workDir: /scratch/g/vjin/Yu/hic_pipeline/work_batch_DTB-008-BL/25/58bbbfaecadcfef9746cc4acc463c7 started: 1788208654638; exited: -; ]
~> TaskHandler[jobId: 7505692; id: 8; name: NFCORE_HIC:HIC:HICPRO:HICPRO_MAPPING:BOWTIE2_ALIGN (DTB-008-BL); status: RUNNING; exit: -; error: -; workDir: /scratch/g/vjin/Yu/hic_pipeline/work_batch_DTB-008-BL/cc/adffad3e5154ff92619b90d77a8c08 started: 1788208654641; exited: -; ]
Sep-01 10:51:57.182 [Task monitor] DEBUG n.processor.TaskPollingMonitor - !! executor slurm > tasks to be completed: 2 -- submitted tasks are shown below
~> TaskHandler[jobId: 7505691; id: 7; name: NFCORE_HIC:HIC:HICPRO:HICPRO_MAPPING:BOWTIE2_ALIGN (DTB-008-BL); status: RUNNING; exit: -; error: -; workDir: /scratch/g/vjin/Yu/hic_pipeline/work_batch_DTB-008-BL/25/58bbbfaecadcfef9746cc4acc463c7 started: 1788208654638; exited: -; ]
~> TaskHandler[jobId: 7505692; id: 8; name: NFCORE_HIC:HIC:HICPRO:HICPRO_MAPPING:BOWTIE2_ALIGN (DTB-008-BL); status: RUNNING; exit: -; error: -; workDir: /scratch/g/vjin/Yu/hic_pipeline/work_batch_DTB-008-BL/cc/adffad3e5154ff92619b90d77a8c08 started: 1788208654641; exited: -; ]
Sep-01 10:56:57.193 [Task monitor] DEBUG n.processor.TaskPollingMonitor - !! executor slurm > tasks to be completed: 2 -- submitted tasks are shown below
~> TaskHandler[jobId: 7505691; id: 7; name: NFCORE_HIC:HIC:HICPRO:HICPRO_MAPPING:BOWTIE2_ALIGN (DTB-008-BL); status: RUNNING; exit: -; error: -; workDir: /scratch/g/vjin/Yu/hic_pipeline/work_batch_DTB-008-BL/25/58bbbfaecadcfef9746cc4acc463c7 started: 1788208654638; exited: -; ]
~> TaskHandler[jobId: 7505692; id: 8; name: NFCORE_HIC:HIC:HICPRO:HICPRO_MAPPING:BOWTIE2_ALIGN (DTB-008-BL); status: RUNNING; exit: -; error: -; workDir: /scratch/g/vjin/Yu/hic_pipeline/work_batch_DTB-008-BL/cc/adffad3e5154ff92619b90d77a8c08 started: 1788208654641; exited: -; ]
Sep-01 11:01:57.206 [Task monitor] DEBUG n.processor.TaskPollingMonitor - !! executor slurm > tasks to be completed: 2 -- submitted tasks are shown below
~> TaskHandler[jobId: 7505691; id: 7; name: NFCORE_HIC:HIC:HICPRO:HICPRO_MAPPING:BOWTIE2_ALIGN (DTB-008-BL); status: RUNNING; exit: -; error: -; workDir: /scratch/g/vjin/Yu/hic_pipeline/work_batch_DTB-008-BL/25/58bbbfaecadcfef9746cc4acc463c7 started: 1788208654638; exited: -; ]
~> TaskHandler[jobId: 7505692; id: 8; name: NFCORE_HIC:HIC:HICPRO:HICPRO_MAPPING:BOWTIE2_ALIGN (DTB-008-BL); status: RUNNING; exit: -; error: -; workDir: /scratch/g/vjin/Yu/hic_pipeline/work_batch_DTB-008-BL/cc/adffad3e5154ff92619b90d77a8c08 started: 1788208654641; exited: -; ]
Sep-01 11:06:57.219 [Task monitor] DEBUG n.processor.TaskPollingMonitor - !! executor slurm > tasks to be completed: 2 -- submitted tasks are shown below
~> TaskHandler[jobId: 7505691; id: 7; name: NFCORE_HIC:HIC:HICPRO:HICPRO_MAPPING:BOWTIE2_ALIGN (DTB-008-BL); status: RUNNING; exit: -; error: -; workDir: /scratch/g/vjin/Yu/hic_pipeline/work_batch_DTB-008-BL/25/58bbbfaecadcfef9746cc4acc463c7 started: 1788208654638; exited: -; ]
~> TaskHandler[jobId: 7505692; id: 8; name: NFCORE_HIC:HIC:HICPRO:HICPRO_MAPPING:BOWTIE2_ALIGN (DTB-008-BL); status: RUNNING; exit: -; error: -; workDir: /scratch/g/vjin/Yu/hic_pipeline/work_batch_DTB-008-BL/cc/adffad3e5154ff92619b90d77a8c08 started: 1788208654641; exited: -; ]
Sep-01 11:11:57.229 [Task monitor] DEBUG n.processor.TaskPollingMonitor - !! executor slurm > tasks to be completed: 2 -- submitted tasks are shown below
~> TaskHandler[jobId: 7505691; id: 7; name: NFCORE_HIC:HIC:HICPRO:HICPRO_MAPPING:BOWTIE2_ALIGN (DTB-008-BL); status: RUNNING; exit: -; error: -; workDir: /scratch/g/vjin/Yu/hic_pipeline/work_batch_DTB-008-BL/25/58bbbfaecadcfef9746cc4acc463c7 started: 1788208654638; exited: -; ]
~> TaskHandler[jobId: 7505692; id: 8; name: NFCORE_HIC:HIC:HICPRO:HICPRO_MAPPING:BOWTIE2_ALIGN (DTB-008-BL); status: RUNNING; exit: -; error: -; workDir: /scratch/g/vjin/Yu/hic_pipeline/work_batch_DTB-008-BL/cc/adffad3e5154ff92619b90d77a8c08 started: 1788208654641; exited: -; ]
Sep-01 11:16:57.246 [Task monitor] DEBUG n.processor.TaskPollingMonitor - !! executor slurm > tasks to be completed: 2 -- submitted tasks are shown below
~> TaskHandler[jobId: 7505691; id: 7; name: NFCORE_HIC:HIC:HICPRO:HICPRO_MAPPING:BOWTIE2_ALIGN (DTB-008-BL); status: RUNNING; exit: -; error: -; workDir: /scratch/g/vjin/Yu/hic_pipeline/work_batch_DTB-008-BL/25/58bbbfaecadcfef9746cc4acc463c7 started: 1788208654638; exited: -; ]
~> TaskHandler[jobId: 7505692; id: 8; name: NFCORE_HIC:HIC:HICPRO:HICPRO_MAPPING:BOWTIE2_ALIGN (DTB-008-BL); status: RUNNING; exit: -; error: -; workDir: /scratch/g/vjin/Yu/hic_pipeline/work_batch_DTB-008-BL/cc/adffad3e5154ff92619b90d77a8c08 started: 1788208654641; exited: -; ]
Sep-01 11:21:57.255 [Task monitor] DEBUG n.processor.TaskPollingMonitor - !! executor slurm > tasks to be completed: 2 -- submitted tasks are shown below
~> TaskHandler[jobId: 7505691; id: 7; name: NFCORE_HIC:HIC:HICPRO:HICPRO_MAPPING:BOWTIE2_ALIGN (DTB-008-BL); status: RUNNING; exit: -; error: -; workDir: /scratch/g/vjin/Yu/hic_pipeline/work_batch_DTB-008-BL/25/58bbbfaecadcfef9746cc4acc463c7 started: 1788208654638; exited: -; ]
~> TaskHandler[jobId: 7505692; id: 8; name: NFCORE_HIC:HIC:HICPRO:HICPRO_MAPPING:BOWTIE2_ALIGN (DTB-008-BL); status: RUNNING; exit: -; error: -; workDir: /scratch/g/vjin/Yu/hic_pipeline/work_batch_DTB-008-BL/cc/adffad3e5154ff92619b90d77a8c08 started: 1788208654641; exited: -; ]
Sep-01 11:26:57.265 [Task monitor] DEBUG n.processor.TaskPollingMonitor - !! executor slurm > tasks to be completed: 2 -- submitted tasks are shown below
~> TaskHandler[jobId: 7505691; id: 7; name: NFCORE_HIC:HIC:HICPRO:HICPRO_MAPPING:BOWTIE2_ALIGN (DTB-008-BL); status: RUNNING; exit: -; error: -; workDir: /scratch/g/vjin/Yu/hic_pipeline/work_batch_DTB-008-BL/25/58bbbfaecadcfef9746cc4acc463c7 started: 1788208654638; exited: -; ]
~> TaskHandler[jobId: 7505692; id: 8; name: NFCORE_HIC:HIC:HICPRO:HICPRO_MAPPING:BOWTIE2_ALIGN (DTB-008-BL); status: RUNNING; exit: -; error: -; workDir: /scratch/g/vjin/Yu/hic_pipeline/work_batch_DTB-008-BL/cc/adffad3e5154ff92619b90d77a8c08 started: 1788208654641; exited: -; ]
Sep-01 11:31:57.274 [Task monitor] DEBUG n.processor.TaskPollingMonitor - !! executor slurm > tasks to be completed: 2 -- submitted tasks are shown below
~> TaskHandler[jobId: 7505691; id: 7; name: NFCORE_HIC:HIC:HICPRO:HICPRO_MAPPING:BOWTIE2_ALIGN (DTB-008-BL); status: RUNNING; exit: -; error: -; workDir: /scratch/g/vjin/Yu/hic_pipeline/work_batch_DTB-008-BL/25/58bbbfaecadcfef9746cc4acc463c7 started: 1788208654638; exited: -; ]
~> TaskHandler[jobId: 7505692; id: 8; name: NFCORE_HIC:HIC:HICPRO:HICPRO_MAPPING:BOWTIE2_ALIGN (DTB-008-BL); status: RUNNING; exit: -; error: -; workDir: /scratch/g/vjin/Yu/hic_pipeline/work_batch_DTB-008-BL/cc/adffad3e5154ff92619b90d77a8c08 started: 1788208654641; exited: -; ]
Sep-01 11:36:57.282 [Task monitor] DEBUG n.processor.TaskPollingMonitor - !! executor slurm > tasks to be completed: 2 -- submitted tasks are shown below
~> TaskHandler[jobId: 7505691; id: 7; name: NFCORE_HIC:HIC:HICPRO:HICPRO_MAPPING:BOWTIE2_ALIGN (DTB-008-BL); status: RUNNING; exit: -; error: -; workDir: /scratch/g/vjin/Yu/hic_pipeline/work_batch_DTB-008-BL/25/58bbbfaecadcfef9746cc4acc463c7 started: 1788208654638; exited: -; ]
~> TaskHandler[jobId: 7505692; id: 8; name: NFCORE_HIC:HIC:HICPRO:HICPRO_MAPPING:BOWTIE2_ALIGN (DTB-008-BL); status: RUNNING; exit: -; error: -; workDir: /scratch/g/vjin/Yu/hic_pipeline/work_batch_DTB-008-BL/cc/adffad3e5154ff92619b90d77a8c08 started: 1788208654641; exited: -; ]
Sep-01 11:41:57.292 [Task monitor] DEBUG n.processor.TaskPollingMonitor - !! executor slurm > tasks to be completed: 2 -- submitted tasks are shown below
~> TaskHandler[jobId: 7505691; id: 7; name: NFCORE_HIC:HIC:HICPRO:HICPRO_MAPPING:BOWTIE2_ALIGN (DTB-008-BL); status: RUNNING; exit: -; error: -; workDir: /scratch/g/vjin/Yu/hic_pipeline/work_batch_DTB-008-BL/25/58bbbfaecadcfef9746cc4acc463c7 started: 1788208654638; exited: -; ]
~> TaskHandler[jobId: 7505692; id: 8; name: NFCORE_HIC:HIC:HICPRO:HICPRO_MAPPING:BOWTIE2_ALIGN (DTB-008-BL); status: RUNNING; exit: -; error: -; workDir: /scratch/g/vjin/Yu/hic_pipeline/work_batch_DTB-008-BL/cc/adffad3e5154ff92619b90d77a8c08 started: 1788208654641; exited: -; ]
Sep-01 11:46:57.302 [Task monitor] DEBUG n.processor.TaskPollingMonitor - !! executor slurm > tasks to be completed: 2 -- submitted tasks are shown below
~> TaskHandler[jobId: 7505691; id: 7; name: NFCORE_HIC:HIC:HICPRO:HICPRO_MAPPING:BOWTIE2_ALIGN (DTB-008-BL); status: RUNNING; exit: -; error: -; workDir: /scratch/g/vjin/Yu/hic_pipeline/work_batch_DTB-008-BL/25/58bbbfaecadcfef9746cc4acc463c7 started: 1788208654638; exited: -; ]
~> TaskHandler[jobId: 7505692; id: 8; name: NFCORE_HIC:HIC:HICPRO:HICPRO_MAPPING:BOWTIE2_ALIGN (DTB-008-BL); status: RUNNING; exit: -; error: -; workDir: /scratch/g/vjin/Yu/hic_pipeline/work_batch_DTB-008-BL/cc/adffad3e5154ff92619b90d77a8c08 started: 1788208654641; exited: -; ]
Sep-01 11:51:57.309 [Task monitor] DEBUG n.processor.TaskPollingMonitor - !! executor slurm > tasks to be completed: 2 -- submitted tasks are shown below
~> TaskHandler[jobId: 7505691; id: 7; name: NFCORE_HIC:HIC:HICPRO:HICPRO_MAPPING:BOWTIE2_ALIGN (DTB-008-BL); status: RUNNING; exit: -; error: -; workDir: /scratch/g/vjin/Yu/hic_pipeline/work_batch_DTB-008-BL/25/58bbbfaecadcfef9746cc4acc463c7 started: 1788208654638; exited: -; ]
~> TaskHandler[jobId: 7505692; id: 8; name: NFCORE_HIC:HIC:HICPRO:HICPRO_MAPPING:BOWTIE2_ALIGN (DTB-008-BL); status: RUNNING; exit: -; error: -; workDir: /scratch/g/vjin/Yu/hic_pipeline/work_batch_DTB-008-BL/cc/adffad3e5154ff92619b90d77a8c08 started: 1788208654641; exited: -; ]
Sep-01 11:56:57.322 [Task monitor] DEBUG n.processor.TaskPollingMonitor - !! executor slurm > tasks to be completed: 2 -- submitted tasks are shown below
~> TaskHandler[jobId: 7505691; id: 7; name: NFCORE_HIC:HIC:HICPRO:HICPRO_MAPPING:BOWTIE2_ALIGN (DTB-008-BL); status: RUNNING; exit: -; error: -; workDir: /scratch/g/vjin/Yu/hic_pipeline/work_batch_DTB-008-BL/25/58bbbfaecadcfef9746cc4acc463c7 started: 1788208654638; exited: -; ]
~> TaskHandler[jobId: 7505692; id: 8; name: NFCORE_HIC:HIC:HICPRO:HICPRO_MAPPING:BOWTIE2_ALIGN (DTB-008-BL); status: RUNNING; exit: -; error: -; workDir: /scratch/g/vjin/Yu/hic_pipeline/work_batch_DTB-008-BL/cc/adffad3e5154ff92619b90d77a8c08 started: 1788208654641; exited: -; ]
Sep-01 12:01:57.335 [Task monitor] DEBUG n.processor.TaskPollingMonitor - !! executor slurm > tasks to be completed: 2 -- submitted tasks are shown below
~> TaskHandler[jobId: 7505691; id: 7; name: NFCORE_HIC:HIC:HICPRO:HICPRO_MAPPING:BOWTIE2_ALIGN (DTB-008-BL); status: RUNNING; exit: -; error: -; workDir: /scratch/g/vjin/Yu/hic_pipeline/work_batch_DTB-008-BL/25/58bbbfaecadcfef9746cc4acc463c7 started: 1788208654638; exited: -; ]
~> TaskHandler[jobId: 7505692; id: 8; name: NFCORE_HIC:HIC:HICPRO:HICPRO_MAPPING:BOWTIE2_ALIGN (DTB-008-BL); status: RUNNING; exit: -; error: -; workDir: /scratch/g/vjin/Yu/hic_pipeline/work_batch_DTB-008-BL/cc/adffad3e5154ff92619b90d77a8c08 started: 1788208654641; exited: -; ]
Sep-01 12:06:57.351 [Task monitor] DEBUG n.processor.TaskPollingMonitor - !! executor slurm > tasks to be completed: 2 -- submitted tasks are shown below
~> TaskHandler[jobId: 7505691; id: 7; name: NFCORE_HIC:HIC:HICPRO:HICPRO_MAPPING:BOWTIE2_ALIGN (DTB-008-BL); status: RUNNING; exit: -; error: -; workDir: /scratch/g/vjin/Yu/hic_pipeline/work_batch_DTB-008-BL/25/58bbbfaecadcfef9746cc4acc463c7 started: 1788208654638; exited: -; ]
~> TaskHandler[jobId: 7505692; id: 8; name: NFCORE_HIC:HIC:HICPRO:HICPRO_MAPPING:BOWTIE2_ALIGN (DTB-008-BL); status: RUNNING; exit: -; error: -; workDir: /scratch/g/vjin/Yu/hic_pipeline/work_batch_DTB-008-BL/cc/adffad3e5154ff92619b90d77a8c08 started: 1788208654641; exited: -; ]
Sep-01 12:11:57.360 [Task monitor] DEBUG n.processor.TaskPollingMonitor - !! executor slurm > tasks to be completed: 2 -- submitted tasks are shown below
~> TaskHandler[jobId: 7505691; id: 7; name: NFCORE_HIC:HIC:HICPRO:HICPRO_MAPPING:BOWTIE2_ALIGN (DTB-008-BL); status: RUNNING; exit: -; error: -; workDir: /scratch/g/vjin/Yu/hic_pipeline/work_batch_DTB-008-BL/25/58bbbfaecadcfef9746cc4acc463c7 started: 1788208654638; exited: -; ]
~> TaskHandler[jobId: 7505692; id: 8; name: NFCORE_HIC:HIC:HICPRO:HICPRO_MAPPING:BOWTIE2_ALIGN (DTB-008-BL); status: RUNNING; exit: -; error: -; workDir: /scratch/g/vjin/Yu/hic_pipeline/work_batch_DTB-008-BL/cc/adffad3e5154ff92619b90d77a8c08 started: 1788208654641; exited: -; ]
Sep-01 12:16:57.370 [Task monitor] DEBUG n.processor.TaskPollingMonitor - !! executor slurm > tasks to be completed: 2 -- submitted tasks are shown below
~> TaskHandler[jobId: 7505691; id: 7; name: NFCORE_HIC:HIC:HICPRO:HICPRO_MAPPING:BOWTIE2_ALIGN (DTB-008-BL); status: RUNNING; exit: -; error: -; workDir: /scratch/g/vjin/Yu/hic_pipeline/work_batch_DTB-008-BL/25/58bbbfaecadcfef9746cc4acc463c7 started: 1788208654638; exited: -; ]
~> TaskHandler[jobId: 7505692; id: 8; name: NFCORE_HIC:HIC:HICPRO:HICPRO_MAPPING:BOWTIE2_ALIGN (DTB-008-BL); status: RUNNING; exit: -; error: -; workDir: /scratch/g/vjin/Yu/hic_pipeline/work_batch_DTB-008-BL/cc/adffad3e5154ff92619b90d77a8c08 started: 1788208654641; exited: -; ]
Sep-01 12:21:57.378 [Task monitor] DEBUG n.processor.TaskPollingMonitor - !! executor slurm > tasks to be completed: 2 -- submitted tasks are shown below
~> TaskHandler[jobId: 7505691; id: 7; name: NFCORE_HIC:HIC:HICPRO:HICPRO_MAPPING:BOWTIE2_ALIGN (DTB-008-BL); status: RUNNING; exit: -; error: -; workDir: /scratch/g/vjin/Yu/hic_pipeline/work_batch_DTB-008-BL/25/58bbbfaecadcfef9746cc4acc463c7 started: 1788208654638; exited: -; ]
~> TaskHandler[jobId: 7505692; id: 8; name: NFCORE_HIC:HIC:HICPRO:HICPRO_MAPPING:BOWTIE2_ALIGN (DTB-008-BL); status: RUNNING; exit: -; error: -; workDir: /scratch/g/vjin/Yu/hic_pipeline/work_batch_DTB-008-BL/cc/adffad3e5154ff92619b90d77a8c08 started: 1788208654641; exited: -; ]
Sep-01 12:26:57.392 [Task monitor] DEBUG n.processor.TaskPollingMonitor - !! executor slurm > tasks to be completed: 2 -- submitted tasks are shown below
~> TaskHandler[jobId: 7505691; id: 7; name: NFCORE_HIC:HIC:HICPRO:HICPRO_MAPPING:BOWTIE2_ALIGN (DTB-008-BL); status: RUNNING; exit: -; error: -; workDir: /scratch/g/vjin/Yu/hic_pipeline/work_batch_DTB-008-BL/25/58bbbfaecadcfef9746cc4acc463c7 started: 1788208654638; exited: -; ]
~> TaskHandler[jobId: 7505692; id: 8; name: NFCORE_HIC:HIC:HICPRO:HICPRO_MAPPING:BOWTIE2_ALIGN (DTB-008-BL); status: RUNNING; exit: -; error: -; workDir: /scratch/g/vjin/Yu/hic_pipeline/work_batch_DTB-008-BL/cc/adffad3e5154ff92619b90d77a8c08 started: 1788208654641; exited: -; ]
Sep-01 12:31:57.400 [Task monitor] DEBUG n.processor.TaskPollingMonitor - !! executor slurm > tasks to be completed: 2 -- submitted tasks are shown below
~> TaskHandler[jobId: 7505691; id: 7; name: NFCORE_HIC:HIC:HICPRO:HICPRO_MAPPING:BOWTIE2_ALIGN (DTB-008-BL); status: RUNNING; exit: -; error: -; workDir: /scratch/g/vjin/Yu/hic_pipeline/work_batch_DTB-008-BL/25/58bbbfaecadcfef9746cc4acc463c7 started: 1788208654638; exited: -; ]
~> TaskHandler[jobId: 7505692; id: 8; name: NFCORE_HIC:HIC:HICPRO:HICPRO_MAPPING:BOWTIE2_ALIGN (DTB-008-BL); status: RUNNING; exit: -; error: -; workDir: /scratch/g/vjin/Yu/hic_pipeline/work_batch_DTB-008-BL/cc/adffad3e5154ff92619b90d77a8c08 started: 1788208654641; exited: -; ]
Sep-01 12:36:57.411 [Task monitor] DEBUG n.processor.TaskPollingMonitor - !! executor slurm > tasks to be completed: 2 -- submitted tasks are shown below
~> TaskHandler[jobId: 7505691; id: 7; name: NFCORE_HIC:HIC:HICPRO:HICPRO_MAPPING:BOWTIE2_ALIGN (DTB-008-BL); status: RUNNING; exit: -; error: -; workDir: /scratch/g/vjin/Yu/hic_pipeline/work_batch_DTB-008-BL/25/58bbbfaecadcfef9746cc4acc463c7 started: 1788208654638; exited: -; ]
~> TaskHandler[jobId: 7505692; id: 8; name: NFCORE_HIC:HIC:HICPRO:HICPRO_MAPPING:BOWTIE2_ALIGN (DTB-008-BL); status: RUNNING; exit: -; error: -; workDir: /scratch/g/vjin/Yu/hic_pipeline/work_batch_DTB-008-BL/cc/adffad3e5154ff92619b90d77a8c08 started: 1788208654641; exited: -; ]
Sep-01 12:41:57.421 [Task monitor] DEBUG n.processor.TaskPollingMonitor - !! executor slurm > tasks to be completed: 2 -- submitted tasks are shown below
~> TaskHandler[jobId: 7505691; id: 7; name: NFCORE_HIC:HIC:HICPRO:HICPRO_MAPPING:BOWTIE2_ALIGN (DTB-008-BL); status: RUNNING; exit: -; error: -; workDir: /scratch/g/vjin/Yu/hic_pipeline/work_batch_DTB-008-BL/25/58bbbfaecadcfef9746cc4acc463c7 started: 1788208654638; exited: -; ]
~> TaskHandler[jobId: 7505692; id: 8; name: NFCORE_HIC:HIC:HICPRO:HICPRO_MAPPING:BOWTIE2_ALIGN (DTB-008-BL); status: RUNNING; exit: -; error: -; workDir: /scratch/g/vjin/Yu/hic_pipeline/work_batch_DTB-008-BL/cc/adffad3e5154ff92619b90d77a8c08 started: 1788208654641; exited: -; ]
Sep-01 12:46:57.434 [Task monitor] DEBUG n.processor.TaskPollingMonitor - !! executor slurm > tasks to be completed: 2 -- submitted tasks are shown below
~> TaskHandler[jobId: 7505691; id: 7; name: NFCORE_HIC:HIC:HICPRO:HICPRO_MAPPING:BOWTIE2_ALIGN (DTB-008-BL); status: RUNNING; exit: -; error: -; workDir: /scratch/g/vjin/Yu/hic_pipeline/work_batch_DTB-008-BL/25/58bbbfaecadcfef9746cc4acc463c7 started: 1788208654638; exited: -; ]
~> TaskHandler[jobId: 7505692; id: 8; name: NFCORE_HIC:HIC:HICPRO:HICPRO_MAPPING:BOWTIE2_ALIGN (DTB-008-BL); status: RUNNING; exit: -; error: -; workDir: /scratch/g/vjin/Yu/hic_pipeline/work_batch_DTB-008-BL/cc/adffad3e5154ff92619b90d77a8c08 started: 1788208654641; exited: -; ]
Sep-01 12:51:57.442 [Task monitor] DEBUG n.processor.TaskPollingMonitor - !! executor slurm > tasks to be completed: 2 -- submitted tasks are shown below
~> TaskHandler[jobId: 7505691; id: 7; name: NFCORE_HIC:HIC:HICPRO:HICPRO_MAPPING:BOWTIE2_ALIGN (DTB-008-BL); status: RUNNING; exit: -; error: -; workDir: /scratch/g/vjin/Yu/hic_pipeline/work_batch_DTB-008-BL/25/58bbbfaecadcfef9746cc4acc463c7 started: 1788208654638; exited: -; ]
~> TaskHandler[jobId: 7505692; id: 8; name: NFCORE_HIC:HIC:HICPRO:HICPRO_MAPPING:BOWTIE2_ALIGN (DTB-008-BL); status: RUNNING; exit: -; error: -; workDir: /scratch/g/vjin/Yu/hic_pipeline/work_batch_DTB-008-BL/cc/adffad3e5154ff92619b90d77a8c08 started: 1788208654641; exited: -; ]
Sep-01 12:56:57.454 [Task monitor] DEBUG n.processor.TaskPollingMonitor - !! executor slurm > tasks to be completed: 2 -- submitted tasks are shown below
~> TaskHandler[jobId: 7505691; id: 7; name: NFCORE_HIC:HIC:HICPRO:HICPRO_MAPPING:BOWTIE2_ALIGN (DTB-008-BL); status: RUNNING; exit: -; error: -; workDir: /scratch/g/vjin/Yu/hic_pipeline/work_batch_DTB-008-BL/25/58bbbfaecadcfef9746cc4acc463c7 started: 1788208654638; exited: -; ]
~> TaskHandler[jobId: 7505692; id: 8; name: NFCORE_HIC:HIC:HICPRO:HICPRO_MAPPING:BOWTIE2_ALIGN (DTB-008-BL); status: RUNNING; exit: -; error: -; workDir: /scratch/g/vjin/Yu/hic_pipeline/work_batch_DTB-008-BL/cc/adffad3e5154ff92619b90d77a8c08 started: 1788208654641; exited: -; ]
Sep-01 13:01:57.465 [Task monitor] DEBUG n.processor.TaskPollingMonitor - !! executor slurm > tasks to be completed: 2 -- submitted tasks are shown below
~> TaskHandler[jobId: 7505691; id: 7; name: NFCORE_HIC:HIC:HICPRO:HICPRO_MAPPING:BOWTIE2_ALIGN (DTB-008-BL); status: RUNNING; exit: -; error: -; workDir: /scratch/g/vjin/Yu/hic_pipeline/work_batch_DTB-008-BL/25/58bbbfaecadcfef9746cc4acc463c7 started: 1788208654638; exited: -; ]
~> TaskHandler[jobId: 7505692; id: 8; name: NFCORE_HIC:HIC:HICPRO:HICPRO_MAPPING:BOWTIE2_ALIGN (DTB-008-BL); status: RUNNING; exit: -; error: -; workDir: /scratch/g/vjin/Yu/hic_pipeline/work_batch_DTB-008-BL/cc/adffad3e5154ff92619b90d77a8c08 started: 1788208654641; exited: -; ]
Sep-01 13:06:57.480 [Task monitor] DEBUG n.processor.TaskPollingMonitor - !! executor slurm > tasks to be completed: 2 -- submitted tasks are shown below
~> TaskHandler[jobId: 7505691; id: 7; name: NFCORE_HIC:HIC:HICPRO:HICPRO_MAPPING:BOWTIE2_ALIGN (DTB-008-BL); status: RUNNING; exit: -; error: -; workDir: /scratch/g/vjin/Yu/hic_pipeline/work_batch_DTB-008-BL/25/58bbbfaecadcfef9746cc4acc463c7 started: 1788208654638; exited: -; ]
~> TaskHandler[jobId: 7505692; id: 8; name: NFCORE_HIC:HIC:HICPRO:HICPRO_MAPPING:BOWTIE2_ALIGN (DTB-008-BL); status: RUNNING; exit: -; error: -; workDir: /scratch/g/vjin/Yu/hic_pipeline/work_batch_DTB-008-BL/cc/adffad3e5154ff92619b90d77a8c08 started: 1788208654641; exited: -; ]
Sep-01 13:11:57.492 [Task monitor] DEBUG n.processor.TaskPollingMonitor - !! executor slurm > tasks to be completed: 2 -- submitted tasks are shown below
~> TaskHandler[jobId: 7505691; id: 7; name: NFCORE_HIC:HIC:HICPRO:HICPRO_MAPPING:BOWTIE2_ALIGN (DTB-008-BL); status: RUNNING; exit: -; error: -; workDir: /scratch/g/vjin/Yu/hic_pipeline/work_batch_DTB-008-BL/25/58bbbfaecadcfef9746cc4acc463c7 started: 1788208654638; exited: -; ]
~> TaskHandler[jobId: 7505692; id: 8; name: NFCORE_HIC:HIC:HICPRO:HICPRO_MAPPING:BOWTIE2_ALIGN (DTB-008-BL); status: RUNNING; exit: -; error: -; workDir: /scratch/g/vjin/Yu/hic_pipeline/work_batch_DTB-008-BL/cc/adffad3e5154ff92619b90d77a8c08 started: 1788208654641; exited: -; ]
Sep-01 13:16:57.499 [Task monitor] DEBUG n.processor.TaskPollingMonitor - !! executor slurm > tasks to be completed: 2 -- submitted tasks are shown below
~> TaskHandler[jobId: 7505691; id: 7; name: NFCORE_HIC:HIC:HICPRO:HICPRO_MAPPING:BOWTIE2_ALIGN (DTB-008-BL); status: RUNNING; exit: -; error: -; workDir: /scratch/g/vjin/Yu/hic_pipeline/work_batch_DTB-008-BL/25/58bbbfaecadcfef9746cc4acc463c7 started: 1788208654638; exited: -; ]
~> TaskHandler[jobId: 7505692; id: 8; name: NFCORE_HIC:HIC:HICPRO:HICPRO_MAPPING:BOWTIE2_ALIGN (DTB-008-BL); status: RUNNING; exit: -; error: -; workDir: /scratch/g/vjin/Yu/hic_pipeline/work_batch_DTB-008-BL/cc/adffad3e5154ff92619b90d77a8c08 started: 1788208654641; exited: -; ]
Sep-01 13:21:57.511 [Task monitor] DEBUG n.processor.TaskPollingMonitor - !! executor slurm > tasks to be completed: 2 -- submitted tasks are shown below
~> TaskHandler[jobId: 7505691; id: 7; name: NFCORE_HIC:HIC:HICPRO:HICPRO_MAPPING:BOWTIE2_ALIGN (DTB-008-BL); status: RUNNING; exit: -; error: -; workDir: /scratch/g/vjin/Yu/hic_pipeline/work_batch_DTB-008-BL/25/58bbbfaecadcfef9746cc4acc463c7 started: 1788208654638; exited: -; ]
~> TaskHandler[jobId: 7505692; id: 8; name: NFCORE_HIC:HIC:HICPRO:HICPRO_MAPPING:BOWTIE2_ALIGN (DTB-008-BL); status: RUNNING; exit: -; error: -; workDir: /scratch/g/vjin/Yu/hic_pipeline/work_batch_DTB-008-BL/cc/adffad3e5154ff92619b90d77a8c08 started: 1788208654641; exited: -; ]
Sep-01 13:26:57.521 [Task monitor] DEBUG n.processor.TaskPollingMonitor - !! executor slurm > tasks to be completed: 2 -- submitted tasks are shown below
~> TaskHandler[jobId: 7505691; id: 7; name: NFCORE_HIC:HIC:HICPRO:HICPRO_MAPPING:BOWTIE2_ALIGN (DTB-008-BL); status: RUNNING; exit: -; error: -; workDir: /scratch/g/vjin/Yu/hic_pipeline/work_batch_DTB-008-BL/25/58bbbfaecadcfef9746cc4acc463c7 started: 1788208654638; exited: -; ]
~> TaskHandler[jobId: 7505692; id: 8; name: NFCORE_HIC:HIC:HICPRO:HICPRO_MAPPING:BOWTIE2_ALIGN (DTB-008-BL); status: RUNNING; exit: -; error: -; workDir: /scratch/g/vjin/Yu/hic_pipeline/work_batch_DTB-008-BL/cc/adffad3e5154ff92619b90d77a8c08 started: 1788208654641; exited: -; ]
Sep-01 13:31:57.531 [Task monitor] DEBUG n.processor.TaskPollingMonitor - !! executor slurm > tasks to be completed: 2 -- submitted tasks are shown below
~> TaskHandler[jobId: 7505691; id: 7; name: NFCORE_HIC:HIC:HICPRO:HICPRO_MAPPING:BOWTIE2_ALIGN (DTB-008-BL); status: RUNNING; exit: -; error: -; workDir: /scratch/g/vjin/Yu/hic_pipeline/work_batch_DTB-008-BL/25/58bbbfaecadcfef9746cc4acc463c7 started: 1788208654638; exited: -; ]
~> TaskHandler[jobId: 7505692; id: 8; name: NFCORE_HIC:HIC:HICPRO:HICPRO_MAPPING:BOWTIE2_ALIGN (DTB-008-BL); status: RUNNING; exit: -; error: -; workDir: /scratch/g/vjin/Yu/hic_pipeline/work_batch_DTB-008-BL/cc/adffad3e5154ff92619b90d77a8c08 started: 1788208654641; exited: -; ]
Sep-01 13:36:57.539 [Task monitor] DEBUG n.processor.TaskPollingMonitor - !! executor slurm > tasks to be completed: 2 -- submitted tasks are shown below
~> TaskHandler[jobId: 7505691; id: 7; name: NFCORE_HIC:HIC:HICPRO:HICPRO_MAPPING:BOWTIE2_ALIGN (DTB-008-BL); status: RUNNING; exit: -; error: -; workDir: /scratch/g/vjin/Yu/hic_pipeline/work_batch_DTB-008-BL/25/58bbbfaecadcfef9746cc4acc463c7 started: 1788208654638; exited: -; ]
~> TaskHandler[jobId: 7505692; id: 8; name: NFCORE_HIC:HIC:HICPRO:HICPRO_MAPPING:BOWTIE2_ALIGN (DTB-008-BL); status: RUNNING; exit: -; error: -; workDir: /scratch/g/vjin/Yu/hic_pipeline/work_batch_DTB-008-BL/cc/adffad3e5154ff92619b90d77a8c08 started: 1788208654641; exited: -; ]
Sep-01 13:41:57.546 [Task monitor] DEBUG n.processor.TaskPollingMonitor - !! executor slurm > tasks to be completed: 2 -- submitted tasks are shown below
~> TaskHandler[jobId: 7505691; id: 7; name: NFCORE_HIC:HIC:HICPRO:HICPRO_MAPPING:BOWTIE2_ALIGN (DTB-008-BL); status: RUNNING; exit: -; error: -; workDir: /scratch/g/vjin/Yu/hic_pipeline/work_batch_DTB-008-BL/25/58bbbfaecadcfef9746cc4acc463c7 started: 1788208654638; exited: -; ]
~> TaskHandler[jobId: 7505692; id: 8; name: NFCORE_HIC:HIC:HICPRO:HICPRO_MAPPING:BOWTIE2_ALIGN (DTB-008-BL); status: RUNNING; exit: -; error: -; workDir: /scratch/g/vjin/Yu/hic_pipeline/work_batch_DTB-008-BL/cc/adffad3e5154ff92619b90d77a8c08 started: 1788208654641; exited: -; ]
Sep-01 13:46:57.556 [Task monitor] DEBUG n.processor.TaskPollingMonitor - !! executor slurm > tasks to be completed: 2 -- submitted tasks are shown below
~> TaskHandler[jobId: 7505691; id: 7; name: NFCORE_HIC:HIC:HICPRO:HICPRO_MAPPING:BOWTIE2_ALIGN (DTB-008-BL); status: RUNNING; exit: -; error: -; workDir: /scratch/g/vjin/Yu/hic_pipeline/work_batch_DTB-008-BL/25/58bbbfaecadcfef9746cc4acc463c7 started: 1788208654638; exited: -; ]
~> TaskHandler[jobId: 7505692; id: 8; name: NFCORE_HIC:HIC:HICPRO:HICPRO_MAPPING:BOWTIE2_ALIGN (DTB-008-BL); status: RUNNING; exit: -; error: -; workDir: /scratch/g/vjin/Yu/hic_pipeline/work_batch_DTB-008-BL/cc/adffad3e5154ff92619b90d77a8c08 started: 1788208654641; exited: -; ]
Sep-01 13:51:57.567 [Task monitor] DEBUG n.processor.TaskPollingMonitor - !! executor slurm > tasks to be completed: 2 -- submitted tasks are shown below
~> TaskHandler[jobId: 7505691; id: 7; name: NFCORE_HIC:HIC:HICPRO:HICPRO_MAPPING:BOWTIE2_ALIGN (DTB-008-BL); status: RUNNING; exit: -; error: -; workDir: /scratch/g/vjin/Yu/hic_pipeline/work_batch_DTB-008-BL/25/58bbbfaecadcfef9746cc4acc463c7 started: 1788208654638; exited: -; ]
~> TaskHandler[jobId: 7505692; id: 8; name: NFCORE_HIC:HIC:HICPRO:HICPRO_MAPPING:BOWTIE2_ALIGN (DTB-008-BL); status: RUNNING; exit: -; error: -; workDir: /scratch/g/vjin/Yu/hic_pipeline/work_batch_DTB-008-BL/cc/adffad3e5154ff92619b90d77a8c08 started: 1788208654641; exited: -; ]
Sep-01 13:56:57.579 [Task monitor] DEBUG n.processor.TaskPollingMonitor - !! executor slurm > tasks to be completed: 2 -- submitted tasks are shown below
~> TaskHandler[jobId: 7505691; id: 7; name: NFCORE_HIC:HIC:HICPRO:HICPRO_MAPPING:BOWTIE2_ALIGN (DTB-008-BL); status: RUNNING; exit: -; error: -; workDir: /scratch/g/vjin/Yu/hic_pipeline/work_batch_DTB-008-BL/25/58bbbfaecadcfef9746cc4acc463c7 started: 1788208654638; exited: -; ]
~> TaskHandler[jobId: 7505692; id: 8; name: NFCORE_HIC:HIC:HICPRO:HICPRO_MAPPING:BOWTIE2_ALIGN (DTB-008-BL); status: RUNNING; exit: -; error: -; workDir: /scratch/g/vjin/Yu/hic_pipeline/work_batch_DTB-008-BL/cc/adffad3e5154ff92619b90d77a8c08 started: 1788208654641; exited: -; ]
Sep-01 14:01:57.592 [Task monitor] DEBUG n.processor.TaskPollingMonitor - !! executor slurm > tasks to be completed: 2 -- submitted tasks are shown below
~> TaskHandler[jobId: 7505691; id: 7; name: NFCORE_HIC:HIC:HICPRO:HICPRO_MAPPING:BOWTIE2_ALIGN (DTB-008-BL); status: RUNNING; exit: -; error: -; workDir: /scratch/g/vjin/Yu/hic_pipeline/work_batch_DTB-008-BL/25/58bbbfaecadcfef9746cc4acc463c7 started: 1788208654638; exited: -; ]
~> TaskHandler[jobId: 7505692; id: 8; name: NFCORE_HIC:HIC:HICPRO:HICPRO_MAPPING:BOWTIE2_ALIGN (DTB-008-BL); status: RUNNING; exit: -; error: -; workDir: /scratch/g/vjin/Yu/hic_pipeline/work_batch_DTB-008-BL/cc/adffad3e5154ff92619b90d77a8c08 started: 1788208654641; exited: -; ]
Sep-01 14:06:57.609 [Task monitor] DEBUG n.processor.TaskPollingMonitor - !! executor slurm > tasks to be completed: 2 -- submitted tasks are shown below
~> TaskHandler[jobId: 7505691; id: 7; name: NFCORE_HIC:HIC:HICPRO:HICPRO_MAPPING:BOWTIE2_ALIGN (DTB-008-BL); status: RUNNING; exit: -; error: -; workDir: /scratch/g/vjin/Yu/hic_pipeline/work_batch_DTB-008-BL/25/58bbbfaecadcfef9746cc4acc463c7 started: 1788208654638; exited: -; ]
~> TaskHandler[jobId: 7505692; id: 8; name: NFCORE_HIC:HIC:HICPRO:HICPRO_MAPPING:BOWTIE2_ALIGN (DTB-008-BL); status: RUNNING; exit: -; error: -; workDir: /scratch/g/vjin/Yu/hic_pipeline/work_batch_DTB-008-BL/cc/adffad3e5154ff92619b90d77a8c08 started: 1788208654641; exited: -; ]
Sep-01 14:11:57.621 [Task monitor] DEBUG n.processor.TaskPollingMonitor - !! executor slurm > tasks to be completed: 2 -- submitted tasks are shown below
~> TaskHandler[jobId: 7505691; id: 7; name: NFCORE_HIC:HIC:HICPRO:HICPRO_MAPPING:BOWTIE2_ALIGN (DTB-008-BL); status: RUNNING; exit: -; error: -; workDir: /scratch/g/vjin/Yu/hic_pipeline/work_batch_DTB-008-BL/25/58bbbfaecadcfef9746cc4acc463c7 started: 1788208654638; exited: -; ]
~> TaskHandler[jobId: 7505692; id: 8; name: NFCORE_HIC:HIC:HICPRO:HICPRO_MAPPING:BOWTIE2_ALIGN (DTB-008-BL); status: RUNNING; exit: -; error: -; workDir: /scratch/g/vjin/Yu/hic_pipeline/work_batch_DTB-008-BL/cc/adffad3e5154ff92619b90d77a8c08 started: 1788208654641; exited: -; ]
Sep-01 14:16:57.629 [Task monitor] DEBUG n.processor.TaskPollingMonitor - !! executor slurm > tasks to be completed: 2 -- submitted tasks are shown below
~> TaskHandler[jobId: 7505691; id: 7; name: NFCORE_HIC:HIC:HICPRO:HICPRO_MAPPING:BOWTIE2_ALIGN (DTB-008-BL); status: RUNNING; exit: -; error: -; workDir: /scratch/g/vjin/Yu/hic_pipeline/work_batch_DTB-008-BL/25/58bbbfaecadcfef9746cc4acc463c7 started: 1788208654638; exited: -; ]
~> TaskHandler[jobId: 7505692; id: 8; name: NFCORE_HIC:HIC:HICPRO:HICPRO_MAPPING:BOWTIE2_ALIGN (DTB-008-BL); status: RUNNING; exit: -; error: -; workDir: /scratch/g/vjin/Yu/hic_pipeline/work_batch_DTB-008-BL/cc/adffad3e5154ff92619b90d77a8c08 started: 1788208654641; exited: -; ]
Sep-01 14:21:57.638 [Task monitor] DEBUG n.processor.TaskPollingMonitor - !! executor slurm > tasks to be completed: 2 -- submitted tasks are shown below
~> TaskHandler[jobId: 7505691; id: 7; name: NFCORE_HIC:HIC:HICPRO:HICPRO_MAPPING:BOWTIE2_ALIGN (DTB-008-BL); status: RUNNING; exit: -; error: -; workDir: /scratch/g/vjin/Yu/hic_pipeline/work_batch_DTB-008-BL/25/58bbbfaecadcfef9746cc4acc463c7 started: 1788208654638; exited: -; ]
~> TaskHandler[jobId: 7505692; id: 8; name: NFCORE_HIC:HIC:HICPRO:HICPRO_MAPPING:BOWTIE2_ALIGN (DTB-008-BL); status: RUNNING; exit: -; error: -; workDir: /scratch/g/vjin/Yu/hic_pipeline/work_batch_DTB-008-BL/cc/adffad3e5154ff92619b90d77a8c08 started: 1788208654641; exited: -; ]
Sep-01 14:26:57.648 [Task monitor] DEBUG n.processor.TaskPollingMonitor - !! executor slurm > tasks to be completed: 2 -- submitted tasks are shown below
~> TaskHandler[jobId: 7505691; id: 7; name: NFCORE_HIC:HIC:HICPRO:HICPRO_MAPPING:BOWTIE2_ALIGN (DTB-008-BL); status: RUNNING; exit: -; error: -; workDir: /scratch/g/vjin/Yu/hic_pipeline/work_batch_DTB-008-BL/25/58bbbfaecadcfef9746cc4acc463c7 started: 1788208654638; exited: -; ]
~> TaskHandler[jobId: 7505692; id: 8; name: NFCORE_HIC:HIC:HICPRO:HICPRO_MAPPING:BOWTIE2_ALIGN (DTB-008-BL); status: RUNNING; exit: -; error: -; workDir: /scratch/g/vjin/Yu/hic_pipeline/work_batch_DTB-008-BL/cc/adffad3e5154ff92619b90d77a8c08 started: 1788208654641; exited: -; ]
Sep-01 14:31:57.657 [Task monitor] DEBUG n.processor.TaskPollingMonitor - !! executor slurm > tasks to be completed: 2 -- submitted tasks are shown below
~> TaskHandler[jobId: 7505691; id: 7; name: NFCORE_HIC:HIC:HICPRO:HICPRO_MAPPING:BOWTIE2_ALIGN (DTB-008-BL); status: RUNNING; exit: -; error: -; workDir: /scratch/g/vjin/Yu/hic_pipeline/work_batch_DTB-008-BL/25/58bbbfaecadcfef9746cc4acc463c7 started: 1788208654638; exited: -; ]
~> TaskHandler[jobId: 7505692; id: 8; name: NFCORE_HIC:HIC:HICPRO:HICPRO_MAPPING:BOWTIE2_ALIGN (DTB-008-BL); status: RUNNING; exit: -; error: -; workDir: /scratch/g/vjin/Yu/hic_pipeline/work_batch_DTB-008-BL/cc/adffad3e5154ff92619b90d77a8c08 started: 1788208654641; exited: -; ]
Sep-01 14:36:57.666 [Task monitor] DEBUG n.processor.TaskPollingMonitor - !! executor slurm > tasks to be completed: 2 -- submitted tasks are shown below
~> TaskHandler[jobId: 7505691; id: 7; name: NFCORE_HIC:HIC:HICPRO:HICPRO_MAPPING:BOWTIE2_ALIGN (DTB-008-BL); status: RUNNING; exit: -; error: -; workDir: /scratch/g/vjin/Yu/hic_pipeline/work_batch_DTB-008-BL/25/58bbbfaecadcfef9746cc4acc463c7 started: 1788208654638; exited: -; ]
~> TaskHandler[jobId: 7505692; id: 8; name: NFCORE_HIC:HIC:HICPRO:HICPRO_MAPPING:BOWTIE2_ALIGN (DTB-008-BL); status: RUNNING; exit: -; error: -; workDir: /scratch/g/vjin/Yu/hic_pipeline/work_batch_DTB-008-BL/cc/adffad3e5154ff92619b90d77a8c08 started: 1788208654641; exited: -; ]
Sep-01 14:41:57.672 [Task monitor] DEBUG n.processor.TaskPollingMonitor - !! executor slurm > tasks to be completed: 2 -- submitted tasks are shown below
~> TaskHandler[jobId: 7505691; id: 7; name: NFCORE_HIC:HIC:HICPRO:HICPRO_MAPPING:BOWTIE2_ALIGN (DTB-008-BL); status: RUNNING; exit: -; error: -; workDir: /scratch/g/vjin/Yu/hic_pipeline/work_batch_DTB-008-BL/25/58bbbfaecadcfef9746cc4acc463c7 started: 1788208654638; exited: -; ]
~> TaskHandler[jobId: 7505692; id: 8; name: NFCORE_HIC:HIC:HICPRO:HICPRO_MAPPING:BOWTIE2_ALIGN (DTB-008-BL); status: RUNNING; exit: -; error: -; workDir: /scratch/g/vjin/Yu/hic_pipeline/work_batch_DTB-008-BL/cc/adffad3e5154ff92619b90d77a8c08 started: 1788208654641; exited: -; ]
Sep-01 14:46:57.679 [Task monitor] DEBUG n.processor.TaskPollingMonitor - !! executor slurm > tasks to be completed: 2 -- submitted tasks are shown below
~> TaskHandler[jobId: 7505691; id: 7; name: NFCORE_HIC:HIC:HICPRO:HICPRO_MAPPING:BOWTIE2_ALIGN (DTB-008-BL); status: RUNNING; exit: -; error: -; workDir: /scratch/g/vjin/Yu/hic_pipeline/work_batch_DTB-008-BL/25/58bbbfaecadcfef9746cc4acc463c7 started: 1788208654638; exited: -; ]
~> TaskHandler[jobId: 7505692; id: 8; name: NFCORE_HIC:HIC:HICPRO:HICPRO_MAPPING:BOWTIE2_ALIGN (DTB-008-BL); status: RUNNING; exit: -; error: -; workDir: /scratch/g/vjin/Yu/hic_pipeline/work_batch_DTB-008-BL/cc/adffad3e5154ff92619b90d77a8c08 started: 1788208654641; exited: -; ]
Sep-01 14:51:57.690 [Task monitor] DEBUG n.processor.TaskPollingMonitor - !! executor slurm > tasks to be completed: 2 -- submitted tasks are shown below
~> TaskHandler[jobId: 7505691; id: 7; name: NFCORE_HIC:HIC:HICPRO:HICPRO_MAPPING:BOWTIE2_ALIGN (DTB-008-BL); status: RUNNING; exit: -; error: -; workDir: /scratch/g/vjin/Yu/hic_pipeline/work_batch_DTB-008-BL/25/58bbbfaecadcfef9746cc4acc463c7 started: 1788208654638; exited: -; ]
~> TaskHandler[jobId: 7505692; id: 8; name: NFCORE_HIC:HIC:HICPRO:HICPRO_MAPPING:BOWTIE2_ALIGN (DTB-008-BL); status: RUNNING; exit: -; error: -; workDir: /scratch/g/vjin/Yu/hic_pipeline/work_batch_DTB-008-BL/cc/adffad3e5154ff92619b90d77a8c08 started: 1788208654641; exited: -; ]
Sep-01 14:56:57.698 [Task monitor] DEBUG n.processor.TaskPollingMonitor - !! executor slurm > tasks to be completed: 2 -- submitted tasks are shown below
~> TaskHandler[jobId: 7505691; id: 7; name: NFCORE_HIC:HIC:HICPRO:HICPRO_MAPPING:BOWTIE2_ALIGN (DTB-008-BL); status: RUNNING; exit: -; error: -; workDir: /scratch/g/vjin/Yu/hic_pipeline/work_batch_DTB-008-BL/25/58bbbfaecadcfef9746cc4acc463c7 started: 1788208654638; exited: -; ]
~> TaskHandler[jobId: 7505692; id: 8; name: NFCORE_HIC:HIC:HICPRO:HICPRO_MAPPING:BOWTIE2_ALIGN (DTB-008-BL); status: RUNNING; exit: -; error: -; workDir: /scratch/g/vjin/Yu/hic_pipeline/work_batch_DTB-008-BL/cc/adffad3e5154ff92619b90d77a8c08 started: 1788208654641; exited: -; ]
Sep-01 15:01:57.707 [Task monitor] DEBUG n.processor.TaskPollingMonitor - !! executor slurm > tasks to be completed: 2 -- submitted tasks are shown below
~> TaskHandler[jobId: 7505691; id: 7; name: NFCORE_HIC:HIC:HICPRO:HICPRO_MAPPING:BOWTIE2_ALIGN (DTB-008-BL); status: RUNNING; exit: -; error: -; workDir: /scratch/g/vjin/Yu/hic_pipeline/work_batch_DTB-008-BL/25/58bbbfaecadcfef9746cc4acc463c7 started: 1788208654638; exited: -; ]
~> TaskHandler[jobId: 7505692; id: 8; name: NFCORE_HIC:HIC:HICPRO:HICPRO_MAPPING:BOWTIE2_ALIGN (DTB-008-BL); status: RUNNING; exit: -; error: -; workDir: /scratch/g/vjin/Yu/hic_pipeline/work_batch_DTB-008-BL/cc/adffad3e5154ff92619b90d77a8c08 started: 1788208654641; exited: -; ]
Sep-01 15:06:57.716 [Task monitor] DEBUG n.processor.TaskPollingMonitor - !! executor slurm > tasks to be completed: 2 -- submitted tasks are shown below
~> TaskHandler[jobId: 7505691; id: 7; name: NFCORE_HIC:HIC:HICPRO:HICPRO_MAPPING:BOWTIE2_ALIGN (DTB-008-BL); status: RUNNING; exit: -; error: -; workDir: /scratch/g/vjin/Yu/hic_pipeline/work_batch_DTB-008-BL/25/58bbbfaecadcfef9746cc4acc463c7 started: 1788208654638; exited: -; ]
~> TaskHandler[jobId: 7505692; id: 8; name: NFCORE_HIC:HIC:HICPRO:HICPRO_MAPPING:BOWTIE2_ALIGN (DTB-008-BL); status: RUNNING; exit: -; error: -; workDir: /scratch/g/vjin/Yu/hic_pipeline/work_batch_DTB-008-BL/cc/adffad3e5154ff92619b90d77a8c08 started: 1788208654641; exited: -; ]
Sep-01 15:11:57.735 [Task monitor] DEBUG n.processor.TaskPollingMonitor - !! executor slurm > tasks to be completed: 2 -- submitted tasks are shown below
~> TaskHandler[jobId: 7505691; id: 7; name: NFCORE_HIC:HIC:HICPRO:HICPRO_MAPPING:BOWTIE2_ALIGN (DTB-008-BL); status: RUNNING; exit: -; error: -; workDir: /scratch/g/vjin/Yu/hic_pipeline/work_batch_DTB-008-BL/25/58bbbfaecadcfef9746cc4acc463c7 started: 1788208654638; exited: -; ]
~> TaskHandler[jobId: 7505692; id: 8; name: NFCORE_HIC:HIC:HICPRO:HICPRO_MAPPING:BOWTIE2_ALIGN (DTB-008-BL); status: RUNNING; exit: -; error: -; workDir: /scratch/g/vjin/Yu/hic_pipeline/work_batch_DTB-008-BL/cc/adffad3e5154ff92619b90d77a8c08 started: 1788208654641; exited: -; ]
Sep-01 15:16:57.748 [Task monitor] DEBUG n.processor.TaskPollingMonitor - !! executor slurm > tasks to be completed: 2 -- submitted tasks are shown below
~> TaskHandler[jobId: 7505691; id: 7; name: NFCORE_HIC:HIC:HICPRO:HICPRO_MAPPING:BOWTIE2_ALIGN (DTB-008-BL); status: RUNNING; exit: -; error: -; workDir: /scratch/g/vjin/Yu/hic_pipeline/work_batch_DTB-008-BL/25/58bbbfaecadcfef9746cc4acc463c7 started: 1788208654638; exited: -; ]
~> TaskHandler[jobId: 7505692; id: 8; name: NFCORE_HIC:HIC:HICPRO:HICPRO_MAPPING:BOWTIE2_ALIGN (DTB-008-BL); status: RUNNING; exit: -; error: -; workDir: /scratch/g/vjin/Yu/hic_pipeline/work_batch_DTB-008-BL/cc/adffad3e5154ff92619b90d77a8c08 started: 1788208654641; exited: -; ]
Sep-01 15:21:57.757 [Task monitor] DEBUG n.processor.TaskPollingMonitor - !! executor slurm > tasks to be completed: 2 -- submitted tasks are shown below
~> TaskHandler[jobId: 7505691; id: 7; name: NFCORE_HIC:HIC:HICPRO:HICPRO_MAPPING:BOWTIE2_ALIGN (DTB-008-BL); status: RUNNING; exit: -; error: -; workDir: /scratch/g/vjin/Yu/hic_pipeline/work_batch_DTB-008-BL/25/58bbbfaecadcfef9746cc4acc463c7 started: 1788208654638; exited: -; ]
~> TaskHandler[jobId: 7505692; id: 8; name: NFCORE_HIC:HIC:HICPRO:HICPRO_MAPPING:BOWTIE2_ALIGN (DTB-008-BL); status: RUNNING; exit: -; error: -; workDir: /scratch/g/vjin/Yu/hic_pipeline/work_batch_DTB-008-BL/cc/adffad3e5154ff92619b90d77a8c08 started: 1788208654641; exited: -; ]
Sep-01 15:26:57.765 [Task monitor] DEBUG n.processor.TaskPollingMonitor - !! executor slurm > tasks to be completed: 2 -- submitted tasks are shown below
~> TaskHandler[jobId: 7505691; id: 7; name: NFCORE_HIC:HIC:HICPRO:HICPRO_MAPPING:BOWTIE2_ALIGN (DTB-008-BL); status: RUNNING; exit: -; error: -; workDir: /scratch/g/vjin/Yu/hic_pipeline/work_batch_DTB-008-BL/25/58bbbfaecadcfef9746cc4acc463c7 started: 1788208654638; exited: -; ]
~> TaskHandler[jobId: 7505692; id: 8; name: NFCORE_HIC:HIC:HICPRO:HICPRO_MAPPING:BOWTIE2_ALIGN (DTB-008-BL); status: RUNNING; exit: -; error: -; workDir: /scratch/g/vjin/Yu/hic_pipeline/work_batch_DTB-008-BL/cc/adffad3e5154ff92619b90d77a8c08 started: 1788208654641; exited: -; ]
Sep-01 15:31:57.779 [Task monitor] DEBUG n.processor.TaskPollingMonitor - !! executor slurm > tasks to be completed: 2 -- submitted tasks are shown below
~> TaskHandler[jobId: 7505691; id: 7; name: NFCORE_HIC:HIC:HICPRO:HICPRO_MAPPING:BOWTIE2_ALIGN (DTB-008-BL); status: RUNNING; exit: -; error: -; workDir: /scratch/g/vjin/Yu/hic_pipeline/work_batch_DTB-008-BL/25/58bbbfaecadcfef9746cc4acc463c7 started: 1788208654638; exited: -; ]
~> TaskHandler[jobId: 7505692; id: 8; name: NFCORE_HIC:HIC:HICPRO:HICPRO_MAPPING:BOWTIE2_ALIGN (DTB-008-BL); status: RUNNING; exit: -; error: -; workDir: /scratch/g/vjin/Yu/hic_pipeline/work_batch_DTB-008-BL/cc/adffad3e5154ff92619b90d77a8c08 started: 1788208654641; exited: -; ]
Sep-01 15:36:57.792 [Task monitor] DEBUG n.processor.TaskPollingMonitor - !! executor slurm > tasks to be completed: 2 -- submitted tasks are shown below
~> TaskHandler[jobId: 7505691; id: 7; name: NFCORE_HIC:HIC:HICPRO:HICPRO_MAPPING:BOWTIE2_ALIGN (DTB-008-BL); status: RUNNING; exit: -; error: -; workDir: /scratch/g/vjin/Yu/hic_pipeline/work_batch_DTB-008-BL/25/58bbbfaecadcfef9746cc4acc463c7 started: 1788208654638; exited: -; ]
~> TaskHandler[jobId: 7505692; id: 8; name: NFCORE_HIC:HIC:HICPRO:HICPRO_MAPPING:BOWTIE2_ALIGN (DTB-008-BL); status: RUNNING; exit: -; error: -; workDir: /scratch/g/vjin/Yu/hic_pipeline/work_batch_DTB-008-BL/cc/adffad3e5154ff92619b90d77a8c08 started: 1788208654641; exited: -; ]
Sep-01 15:41:57.802 [Task monitor] DEBUG n.processor.TaskPollingMonitor - !! executor slurm > tasks to be completed: 2 -- submitted tasks are shown below
~> TaskHandler[jobId: 7505691; id: 7; name: NFCORE_HIC:HIC:HICPRO:HICPRO_MAPPING:BOWTIE2_ALIGN (DTB-008-BL); status: RUNNING; exit: -; error: -; workDir: /scratch/g/vjin/Yu/hic_pipeline/work_batch_DTB-008-BL/25/58bbbfaecadcfef9746cc4acc463c7 started: 1788208654638; exited: -; ]
~> TaskHandler[jobId: 7505692; id: 8; name: NFCORE_HIC:HIC:HICPRO:HICPRO_MAPPING:BOWTIE2_ALIGN (DTB-008-BL); status: RUNNING; exit: -; error: -; workDir: /scratch/g/vjin/Yu/hic_pipeline/work_batch_DTB-008-BL/cc/adffad3e5154ff92619b90d77a8c08 started: 1788208654641; exited: -; ]
Sep-01 15:46:57.818 [Task monitor] DEBUG n.processor.TaskPollingMonitor - !! executor slurm > tasks to be completed: 2 -- submitted tasks are shown below
~> TaskHandler[jobId: 7505691; id: 7; name: NFCORE_HIC:HIC:HICPRO:HICPRO_MAPPING:BOWTIE2_ALIGN (DTB-008-BL); status: RUNNING; exit: -; error: -; workDir: /scratch/g/vjin/Yu/hic_pipeline/work_batch_DTB-008-BL/25/58bbbfaecadcfef9746cc4acc463c7 started: 1788208654638; exited: -; ]
~> TaskHandler[jobId: 7505692; id: 8; name: NFCORE_HIC:HIC:HICPRO:HICPRO_MAPPING:BOWTIE2_ALIGN (DTB-008-BL); status: RUNNING; exit: -; error: -; workDir: /scratch/g/vjin/Yu/hic_pipeline/work_batch_DTB-008-BL/cc/adffad3e5154ff92619b90d77a8c08 started: 1788208654641; exited: -; ]
Sep-01 15:51:57.826 [Task monitor] DEBUG n.processor.TaskPollingMonitor - !! executor slurm > tasks to be completed: 2 -- submitted tasks are shown below
~> TaskHandler[jobId: 7505691; id: 7; name: NFCORE_HIC:HIC:HICPRO:HICPRO_MAPPING:BOWTIE2_ALIGN (DTB-008-BL); status: RUNNING; exit: -; error: -; workDir: /scratch/g/vjin/Yu/hic_pipeline/work_batch_DTB-008-BL/25/58bbbfaecadcfef9746cc4acc463c7 started: 1788208654638; exited: -; ]
~> TaskHandler[jobId: 7505692; id: 8; name: NFCORE_HIC:HIC:HICPRO:HICPRO_MAPPING:BOWTIE2_ALIGN (DTB-008-BL); status: RUNNING; exit: -; error: -; workDir: /scratch/g/vjin/Yu/hic_pipeline/work_batch_DTB-008-BL/cc/adffad3e5154ff92619b90d77a8c08 started: 1788208654641; exited: -; ]
Sep-01 15:56:57.836 [Task monitor] DEBUG n.processor.TaskPollingMonitor - !! executor slurm > tasks to be completed: 2 -- submitted tasks are shown below
~> TaskHandler[jobId: 7505691; id: 7; name: NFCORE_HIC:HIC:HICPRO:HICPRO_MAPPING:BOWTIE2_ALIGN (DTB-008-BL); status: RUNNING; exit: -; error: -; workDir: /scratch/g/vjin/Yu/hic_pipeline/work_batch_DTB-008-BL/25/58bbbfaecadcfef9746cc4acc463c7 started: 1788208654638; exited: -; ]
~> TaskHandler[jobId: 7505692; id: 8; name: NFCORE_HIC:HIC:HICPRO:HICPRO_MAPPING:BOWTIE2_ALIGN (DTB-008-BL); status: RUNNING; exit: -; error: -; workDir: /scratch/g/vjin/Yu/hic_pipeline/work_batch_DTB-008-BL/cc/adffad3e5154ff92619b90d77a8c08 started: 1788208654641; exited: -; ]
Sep-01 16:01:57.842 [Task monitor] DEBUG n.processor.TaskPollingMonitor - !! executor slurm > tasks to be completed: 2 -- submitted tasks are shown below
~> TaskHandler[jobId: 7505691; id: 7; name: NFCORE_HIC:HIC:HICPRO:HICPRO_MAPPING:BOWTIE2_ALIGN (DTB-008-BL); status: RUNNING; exit: -; error: -; workDir: /scratch/g/vjin/Yu/hic_pipeline/work_batch_DTB-008-BL/25/58bbbfaecadcfef9746cc4acc463c7 started: 1788208654638; exited: -; ]
~> TaskHandler[jobId: 7505692; id: 8; name: NFCORE_HIC:HIC:HICPRO:HICPRO_MAPPING:BOWTIE2_ALIGN (DTB-008-BL); status: RUNNING; exit: -; error: -; workDir: /scratch/g/vjin/Yu/hic_pipeline/work_batch_DTB-008-BL/cc/adffad3e5154ff92619b90d77a8c08 started: 1788208654641; exited: -; ]
Sep-01 16:06:57.852 [Task monitor] DEBUG n.processor.TaskPollingMonitor - !! executor slurm > tasks to be completed: 2 -- submitted tasks are shown below
~> TaskHandler[jobId: 7505691; id: 7; name: NFCORE_HIC:HIC:HICPRO:HICPRO_MAPPING:BOWTIE2_ALIGN (DTB-008-BL); status: RUNNING; exit: -; error: -; workDir: /scratch/g/vjin/Yu/hic_pipeline/work_batch_DTB-008-BL/25/58bbbfaecadcfef9746cc4acc463c7 started: 1788208654638; exited: -; ]
~> TaskHandler[jobId: 7505692; id: 8; name: NFCORE_HIC:HIC:HICPRO:HICPRO_MAPPING:BOWTIE2_ALIGN (DTB-008-BL); status: RUNNING; exit: -; error: -; workDir: /scratch/g/vjin/Yu/hic_pipeline/work_batch_DTB-008-BL/cc/adffad3e5154ff92619b90d77a8c08 started: 1788208654641; exited: -; ]
Sep-01 16:11:57.863 [Task monitor] DEBUG n.processor.TaskPollingMonitor - !! executor slurm > tasks to be completed: 2 -- submitted tasks are shown below
~> TaskHandler[jobId: 7505691; id: 7; name: NFCORE_HIC:HIC:HICPRO:HICPRO_MAPPING:BOWTIE2_ALIGN (DTB-008-BL); status: RUNNING; exit: -; error: -; workDir: /scratch/g/vjin/Yu/hic_pipeline/work_batch_DTB-008-BL/25/58bbbfaecadcfef9746cc4acc463c7 started: 1788208654638; exited: -; ]
~> TaskHandler[jobId: 7505692; id: 8; name: NFCORE_HIC:HIC:HICPRO:HICPRO_MAPPING:BOWTIE2_ALIGN (DTB-008-BL); status: RUNNING; exit: -; error: -; workDir: /scratch/g/vjin/Yu/hic_pipeline/work_batch_DTB-008-BL/cc/adffad3e5154ff92619b90d77a8c08 started: 1788208654641; exited: -; ]
Sep-01 16:16:57.871 [Task monitor] DEBUG n.processor.TaskPollingMonitor - !! executor slurm > tasks to be completed: 2 -- submitted tasks are shown below
~> TaskHandler[jobId: 7505691; id: 7; name: NFCORE_HIC:HIC:HICPRO:HICPRO_MAPPING:BOWTIE2_ALIGN (DTB-008-BL); status: RUNNING; exit: -; error: -; workDir: /scratch/g/vjin/Yu/hic_pipeline/work_batch_DTB-008-BL/25/58bbbfaecadcfef9746cc4acc463c7 started: 1788208654638; exited: -; ]
~> TaskHandler[jobId: 7505692; id: 8; name: NFCORE_HIC:HIC:HICPRO:HICPRO_MAPPING:BOWTIE2_ALIGN (DTB-008-BL); status: RUNNING; exit: -; error: -; workDir: /scratch/g/vjin/Yu/hic_pipeline/work_batch_DTB-008-BL/cc/adffad3e5154ff92619b90d77a8c08 started: 1788208654641; exited: -; ]
Sep-01 16:21:57.879 [Task monitor] DEBUG n.processor.TaskPollingMonitor - !! executor slurm > tasks to be completed: 2 -- submitted tasks are shown below
~> TaskHandler[jobId: 7505691; id: 7; name: NFCORE_HIC:HIC:HICPRO:HICPRO_MAPPING:BOWTIE2_ALIGN (DTB-008-BL); status: RUNNING; exit: -; error: -; workDir: /scratch/g/vjin/Yu/hic_pipeline/work_batch_DTB-008-BL/25/58bbbfaecadcfef9746cc4acc463c7 started: 1788208654638; exited: -; ]
~> TaskHandler[jobId: 7505692; id: 8; name: NFCORE_HIC:HIC:HICPRO:HICPRO_MAPPING:BOWTIE2_ALIGN (DTB-008-BL); status: RUNNING; exit: -; error: -; workDir: /scratch/g/vjin/Yu/hic_pipeline/work_batch_DTB-008-BL/cc/adffad3e5154ff92619b90d77a8c08 started: 1788208654641; exited: -; ]
Sep-01 16:26:57.887 [Task monitor] DEBUG n.processor.TaskPollingMonitor - !! executor slurm > tasks to be completed: 2 -- submitted tasks are shown below
~> TaskHandler[jobId: 7505691; id: 7; name: NFCORE_HIC:HIC:HICPRO:HICPRO_MAPPING:BOWTIE2_ALIGN (DTB-008-BL); status: RUNNING; exit: -; error: -; workDir: /scratch/g/vjin/Yu/hic_pipeline/work_batch_DTB-008-BL/25/58bbbfaecadcfef9746cc4acc463c7 started: 1788208654638; exited: -; ]
~> TaskHandler[jobId: 7505692; id: 8; name: NFCORE_HIC:HIC:HICPRO:HICPRO_MAPPING:BOWTIE2_ALIGN (DTB-008-BL); status: RUNNING; exit: -; error: -; workDir: /scratch/g/vjin/Yu/hic_pipeline/work_batch_DTB-008-BL/cc/adffad3e5154ff92619b90d77a8c08 started: 1788208654641; exited: -; ]
Sep-01 16:31:57.898 [Task monitor] DEBUG n.processor.TaskPollingMonitor - !! executor slurm > tasks to be completed: 2 -- submitted tasks are shown below
~> TaskHandler[jobId: 7505691; id: 7; name: NFCORE_HIC:HIC:HICPRO:HICPRO_MAPPING:BOWTIE2_ALIGN (DTB-008-BL); status: RUNNING; exit: -; error: -; workDir: /scratch/g/vjin/Yu/hic_pipeline/work_batch_DTB-008-BL/25/58bbbfaecadcfef9746cc4acc463c7 started: 1788208654638; exited: -; ]
~> TaskHandler[jobId: 7505692; id: 8; name: NFCORE_HIC:HIC:HICPRO:HICPRO_MAPPING:BOWTIE2_ALIGN (DTB-008-BL); status: RUNNING; exit: -; error: -; workDir: /scratch/g/vjin/Yu/hic_pipeline/work_batch_DTB-008-BL/cc/adffad3e5154ff92619b90d77a8c08 started: 1788208654641; exited: -; ]
Sep-01 16:36:57.910 [Task monitor] DEBUG n.processor.TaskPollingMonitor - !! executor slurm > tasks to be completed: 2 -- submitted tasks are shown below
~> TaskHandler[jobId: 7505691; id: 7; name: NFCORE_HIC:HIC:HICPRO:HICPRO_MAPPING:BOWTIE2_ALIGN (DTB-008-BL); status: RUNNING; exit: -; error: -; workDir: /scratch/g/vjin/Yu/hic_pipeline/work_batch_DTB-008-BL/25/58bbbfaecadcfef9746cc4acc463c7 started: 1788208654638; exited: -; ]
~> TaskHandler[jobId: 7505692; id: 8; name: NFCORE_HIC:HIC:HICPRO:HICPRO_MAPPING:BOWTIE2_ALIGN (DTB-008-BL); status: RUNNING; exit: -; error: -; workDir: /scratch/g/vjin/Yu/hic_pipeline/work_batch_DTB-008-BL/cc/adffad3e5154ff92619b90d77a8c08 started: 1788208654641; exited: -; ]
Sep-01 16:41:57.924 [Task monitor] DEBUG n.processor.TaskPollingMonitor - !! executor slurm > tasks to be completed: 2 -- submitted tasks are shown below
~> TaskHandler[jobId: 7505691; id: 7; name: NFCORE_HIC:HIC:HICPRO:HICPRO_MAPPING:BOWTIE2_ALIGN (DTB-008-BL); status: RUNNING; exit: -; error: -; workDir: /scratch/g/vjin/Yu/hic_pipeline/work_batch_DTB-008-BL/25/58bbbfaecadcfef9746cc4acc463c7 started: 1788208654638; exited: -; ]
~> TaskHandler[jobId: 7505692; id: 8; name: NFCORE_HIC:HIC:HICPRO:HICPRO_MAPPING:BOWTIE2_ALIGN (DTB-008-BL); status: RUNNING; exit: -; error: -; workDir: /scratch/g/vjin/Yu/hic_pipeline/work_batch_DTB-008-BL/cc/adffad3e5154ff92619b90d77a8c08 started: 1788208654641; exited: -; ]
Sep-01 16:46:57.935 [Task monitor] DEBUG n.processor.TaskPollingMonitor - !! executor slurm > tasks to be completed: 2 -- submitted tasks are shown below
~> TaskHandler[jobId: 7505691; id: 7; name: NFCORE_HIC:HIC:HICPRO:HICPRO_MAPPING:BOWTIE2_ALIGN (DTB-008-BL); status: RUNNING; exit: -; error: -; workDir: /scratch/g/vjin/Yu/hic_pipeline/work_batch_DTB-008-BL/25/58bbbfaecadcfef9746cc4acc463c7 started: 1788208654638; exited: -; ]
~> TaskHandler[jobId: 7505692; id: 8; name: NFCORE_HIC:HIC:HICPRO:HICPRO_MAPPING:BOWTIE2_ALIGN (DTB-008-BL); status: RUNNING; exit: -; error: -; workDir: /scratch/g/vjin/Yu/hic_pipeline/work_batch_DTB-008-BL/cc/adffad3e5154ff92619b90d77a8c08 started: 1788208654641; exited: -; ]
Sep-01 16:51:57.946 [Task monitor] DEBUG n.processor.TaskPollingMonitor - !! executor slurm > tasks to be completed: 2 -- submitted tasks are shown below
~> TaskHandler[jobId: 7505691; id: 7; name: NFCORE_HIC:HIC:HICPRO:HICPRO_MAPPING:BOWTIE2_ALIGN (DTB-008-BL); status: RUNNING; exit: -; error: -; workDir: /scratch/g/vjin/Yu/hic_pipeline/work_batch_DTB-008-BL/25/58bbbfaecadcfef9746cc4acc463c7 started: 1788208654638; exited: -; ]
~> TaskHandler[jobId: 7505692; id: 8; name: NFCORE_HIC:HIC:HICPRO:HICPRO_MAPPING:BOWTIE2_ALIGN (DTB-008-BL); status: RUNNING; exit: -; error: -; workDir: /scratch/g/vjin/Yu/hic_pipeline/work_batch_DTB-008-BL/cc/adffad3e5154ff92619b90d77a8c08 started: 1788208654641; exited: -; ]
Sep-01 16:56:57.954 [Task monitor] DEBUG n.processor.TaskPollingMonitor - !! executor slurm > tasks to be completed: 2 -- submitted tasks are shown below
~> TaskHandler[jobId: 7505691; id: 7; name: NFCORE_HIC:HIC:HICPRO:HICPRO_MAPPING:BOWTIE2_ALIGN (DTB-008-BL); status: RUNNING; exit: -; error: -; workDir: /scratch/g/vjin/Yu/hic_pipeline/work_batch_DTB-008-BL/25/58bbbfaecadcfef9746cc4acc463c7 started: 1788208654638; exited: -; ]
~> TaskHandler[jobId: 7505692; id: 8; name: NFCORE_HIC:HIC:HICPRO:HICPRO_MAPPING:BOWTIE2_ALIGN (DTB-008-BL); status: RUNNING; exit: -; error: -; workDir: /scratch/g/vjin/Yu/hic_pipeline/work_batch_DTB-008-BL/cc/adffad3e5154ff92619b90d77a8c08 started: 1788208654641; exited: -; ]
Sep-01 17:01:57.962 [Task monitor] DEBUG n.processor.TaskPollingMonitor - !! executor slurm > tasks to be completed: 2 -- submitted tasks are shown below
~> TaskHandler[jobId: 7505691; id: 7; name: NFCORE_HIC:HIC:HICPRO:HICPRO_MAPPING:BOWTIE2_ALIGN (DTB-008-BL); status: RUNNING; exit: -; error: -; workDir: /scratch/g/vjin/Yu/hic_pipeline/work_batch_DTB-008-BL/25/58bbbfaecadcfef9746cc4acc463c7 started: 1788208654638; exited: -; ]
~> TaskHandler[jobId: 7505692; id: 8; name: NFCORE_HIC:HIC:HICPRO:HICPRO_MAPPING:BOWTIE2_ALIGN (DTB-008-BL); status: RUNNING; exit: -; error: -; workDir: /scratch/g/vjin/Yu/hic_pipeline/work_batch_DTB-008-BL/cc/adffad3e5154ff92619b90d77a8c08 started: 1788208654641; exited: -; ]
Sep-01 17:06:57.972 [Task monitor] DEBUG n.processor.TaskPollingMonitor - !! executor slurm > tasks to be completed: 2 -- submitted tasks are shown below
~> TaskHandler[jobId: 7505691; id: 7; name: NFCORE_HIC:HIC:HICPRO:HICPRO_MAPPING:BOWTIE2_ALIGN (DTB-008-BL); status: RUNNING; exit: -; error: -; workDir: /scratch/g/vjin/Yu/hic_pipeline/work_batch_DTB-008-BL/25/58bbbfaecadcfef9746cc4acc463c7 started: 1788208654638; exited: -; ]
~> TaskHandler[jobId: 7505692; id: 8; name: NFCORE_HIC:HIC:HICPRO:HICPRO_MAPPING:BOWTIE2_ALIGN (DTB-008-BL); status: RUNNING; exit: -; error: -; workDir: /scratch/g/vjin/Yu/hic_pipeline/work_batch_DTB-008-BL/cc/adffad3e5154ff92619b90d77a8c08 started: 1788208654641; exited: -; ]
Sep-01 17:11:58.001 [Task monitor] DEBUG n.processor.TaskPollingMonitor - !! executor slurm > tasks to be completed: 2 -- submitted tasks are shown below
~> TaskHandler[jobId: 7505691; id: 7; name: NFCORE_HIC:HIC:HICPRO:HICPRO_MAPPING:BOWTIE2_ALIGN (DTB-008-BL); status: RUNNING; exit: -; error: -; workDir: /scratch/g/vjin/Yu/hic_pipeline/work_batch_DTB-008-BL/25/58bbbfaecadcfef9746cc4acc463c7 started: 1788208654638; exited: -; ]
~> TaskHandler[jobId: 7505692; id: 8; name: NFCORE_HIC:HIC:HICPRO:HICPRO_MAPPING:BOWTIE2_ALIGN (DTB-008-BL); status: RUNNING; exit: -; error: -; workDir: /scratch/g/vjin/Yu/hic_pipeline/work_batch_DTB-008-BL/cc/adffad3e5154ff92619b90d77a8c08 started: 1788208654641; exited: -; ]
Sep-01 17:16:58.034 [Task monitor] DEBUG n.processor.TaskPollingMonitor - !! executor slurm > tasks to be completed: 2 -- submitted tasks are shown below
~> TaskHandler[jobId: 7505691; id: 7; name: NFCORE_HIC:HIC:HICPRO:HICPRO_MAPPING:BOWTIE2_ALIGN (DTB-008-BL); status: RUNNING; exit: -; error: -; workDir: /scratch/g/vjin/Yu/hic_pipeline/work_batch_DTB-008-BL/25/58bbbfaecadcfef9746cc4acc463c7 started: 1788208654638; exited: -; ]
~> TaskHandler[jobId: 7505692; id: 8; name: NFCORE_HIC:HIC:HICPRO:HICPRO_MAPPING:BOWTIE2_ALIGN (DTB-008-BL); status: RUNNING; exit: -; error: -; workDir: /scratch/g/vjin/Yu/hic_pipeline/work_batch_DTB-008-BL/cc/adffad3e5154ff92619b90d77a8c08 started: 1788208654641; exited: -; ]
Sep-01 17:21:58.041 [Task monitor] DEBUG n.processor.TaskPollingMonitor - !! executor slurm > tasks to be completed: 2 -- submitted tasks are shown below
~> TaskHandler[jobId: 7505691; id: 7; name: NFCORE_HIC:HIC:HICPRO:HICPRO_MAPPING:BOWTIE2_ALIGN (DTB-008-BL); status: RUNNING; exit: -; error: -; workDir: /scratch/g/vjin/Yu/hic_pipeline/work_batch_DTB-008-BL/25/58bbbfaecadcfef9746cc4acc463c7 started: 1788208654638; exited: -; ]
~> TaskHandler[jobId: 7505692; id: 8; name: NFCORE_HIC:HIC:HICPRO:HICPRO_MAPPING:BOWTIE2_ALIGN (DTB-008-BL); status: RUNNING; exit: -; error: -; workDir: /scratch/g/vjin/Yu/hic_pipeline/work_batch_DTB-008-BL/cc/adffad3e5154ff92619b90d77a8c08 started: 1788208654641; exited: -; ]
Sep-01 17:26:58.052 [Task monitor] DEBUG n.processor.TaskPollingMonitor - !! executor slurm > tasks to be completed: 2 -- submitted tasks are shown below
~> TaskHandler[jobId: 7505691; id: 7; name: NFCORE_HIC:HIC:HICPRO:HICPRO_MAPPING:BOWTIE2_ALIGN (DTB-008-BL); status: RUNNING; exit: -; error: -; workDir: /scratch/g/vjin/Yu/hic_pipeline/work_batch_DTB-008-BL/25/58bbbfaecadcfef9746cc4acc463c7 started: 1788208654638; exited: -; ]
~> TaskHandler[jobId: 7505692; id: 8; name: NFCORE_HIC:HIC:HICPRO:HICPRO_MAPPING:BOWTIE2_ALIGN (DTB-008-BL); status: RUNNING; exit: -; error: -; workDir: /scratch/g/vjin/Yu/hic_pipeline/work_batch_DTB-008-BL/cc/adffad3e5154ff92619b90d77a8c08 started: 1788208654641; exited: -; ]
Sep-01 17:31:58.062 [Task monitor] DEBUG n.processor.TaskPollingMonitor - !! executor slurm > tasks to be completed: 2 -- submitted tasks are shown below
~> TaskHandler[jobId: 7505691; id: 7; name: NFCORE_HIC:HIC:HICPRO:HICPRO_MAPPING:BOWTIE2_ALIGN (DTB-008-BL); status: RUNNING; exit: -; error: -; workDir: /scratch/g/vjin/Yu/hic_pipeline/work_batch_DTB-008-BL/25/58bbbfaecadcfef9746cc4acc463c7 started: 1788208654638; exited: -; ]
~> TaskHandler[jobId: 7505692; id: 8; name: NFCORE_HIC:HIC:HICPRO:HICPRO_MAPPING:BOWTIE2_ALIGN (DTB-008-BL); status: RUNNING; exit: -; error: -; workDir: /scratch/g/vjin/Yu/hic_pipeline/work_batch_DTB-008-BL/cc/adffad3e5154ff92619b90d77a8c08 started: 1788208654641; exited: -; ]
Sep-01 17:36:58.072 [Task monitor] DEBUG n.processor.TaskPollingMonitor - !! executor slurm > tasks to be completed: 2 -- submitted tasks are shown below
~> TaskHandler[jobId: 7505691; id: 7; name: NFCORE_HIC:HIC:HICPRO:HICPRO_MAPPING:BOWTIE2_ALIGN (DTB-008-BL); status: RUNNING; exit: -; error: -; workDir: /scratch/g/vjin/Yu/hic_pipeline/work_batch_DTB-008-BL/25/58bbbfaecadcfef9746cc4acc463c7 started: 1788208654638; exited: -; ]
~> TaskHandler[jobId: 7505692; id: 8; name: NFCORE_HIC:HIC:HICPRO:HICPRO_MAPPING:BOWTIE2_ALIGN (DTB-008-BL); status: RUNNING; exit: -; error: -; workDir: /scratch/g/vjin/Yu/hic_pipeline/work_batch_DTB-008-BL/cc/adffad3e5154ff92619b90d77a8c08 started: 1788208654641; exited: -; ]
Sep-01 17:41:58.086 [Task monitor] DEBUG n.processor.TaskPollingMonitor - !! executor slurm > tasks to be completed: 2 -- submitted tasks are shown below
~> TaskHandler[jobId: 7505691; id: 7; name: NFCORE_HIC:HIC:HICPRO:HICPRO_MAPPING:BOWTIE2_ALIGN (DTB-008-BL); status: RUNNING; exit: -; error: -; workDir: /scratch/g/vjin/Yu/hic_pipeline/work_batch_DTB-008-BL/25/58bbbfaecadcfef9746cc4acc463c7 started: 1788208654638; exited: -; ]
~> TaskHandler[jobId: 7505692; id: 8; name: NFCORE_HIC:HIC:HICPRO:HICPRO_MAPPING:BOWTIE2_ALIGN (DTB-008-BL); status: RUNNING; exit: -; error: -; workDir: /scratch/g/vjin/Yu/hic_pipeline/work_batch_DTB-008-BL/cc/adffad3e5154ff92619b90d77a8c08 started: 1788208654641; exited: -; ]
Sep-01 17:46:58.097 [Task monitor] DEBUG n.processor.TaskPollingMonitor - !! executor slurm > tasks to be completed: 2 -- submitted tasks are shown below
~> TaskHandler[jobId: 7505691; id: 7; name: NFCORE_HIC:HIC:HICPRO:HICPRO_MAPPING:BOWTIE2_ALIGN (DTB-008-BL); status: RUNNING; exit: -; error: -; workDir: /scratch/g/vjin/Yu/hic_pipeline/work_batch_DTB-008-BL/25/58bbbfaecadcfef9746cc4acc463c7 started: 1788208654638; exited: -; ]
~> TaskHandler[jobId: 7505692; id: 8; name: NFCORE_HIC:HIC:HICPRO:HICPRO_MAPPING:BOWTIE2_ALIGN (DTB-008-BL); status: RUNNING; exit: -; error: -; workDir: /scratch/g/vjin/Yu/hic_pipeline/work_batch_DTB-008-BL/cc/adffad3e5154ff92619b90d77a8c08 started: 1788208654641; exited: -; ]
Sep-01 17:51:58.111 [Task monitor] DEBUG n.processor.TaskPollingMonitor - !! executor slurm > tasks to be completed: 2 -- submitted tasks are shown below
~> TaskHandler[jobId: 7505691; id: 7; name: NFCORE_HIC:HIC:HICPRO:HICPRO_MAPPING:BOWTIE2_ALIGN (DTB-008-BL); status: RUNNING; exit: -; error: -; workDir: /scratch/g/vjin/Yu/hic_pipeline/work_batch_DTB-008-BL/25/58bbbfaecadcfef9746cc4acc463c7 started: 1788208654638; exited: -; ]
~> TaskHandler[jobId: 7505692; id: 8; name: NFCORE_HIC:HIC:HICPRO:HICPRO_MAPPING:BOWTIE2_ALIGN (DTB-008-BL); status: RUNNING; exit: -; error: -; workDir: /scratch/g/vjin/Yu/hic_pipeline/work_batch_DTB-008-BL/cc/adffad3e5154ff92619b90d77a8c08 started: 1788208654641; exited: -; ]
Sep-01 17:56:58.115 [Task monitor] DEBUG n.processor.TaskPollingMonitor - !! executor slurm > tasks to be completed: 2 -- submitted tasks are shown below
~> TaskHandler[jobId: 7505691; id: 7; name: NFCORE_HIC:HIC:HICPRO:HICPRO_MAPPING:BOWTIE2_ALIGN (DTB-008-BL); status: RUNNING; exit: -; error: -; workDir: /scratch/g/vjin/Yu/hic_pipeline/work_batch_DTB-008-BL/25/58bbbfaecadcfef9746cc4acc463c7 started: 1788208654638; exited: -; ]
~> TaskHandler[jobId: 7505692; id: 8; name: NFCORE_HIC:HIC:HICPRO:HICPRO_MAPPING:BOWTIE2_ALIGN (DTB-008-BL); status: RUNNING; exit: -; error: -; workDir: /scratch/g/vjin/Yu/hic_pipeline/work_batch_DTB-008-BL/cc/adffad3e5154ff92619b90d77a8c08 started: 1788208654641; exited: -; ]
Sep-01 18:01:58.124 [Task monitor] DEBUG n.processor.TaskPollingMonitor - !! executor slurm > tasks to be completed: 2 -- submitted tasks are shown below
~> TaskHandler[jobId: 7505691; id: 7; name: NFCORE_HIC:HIC:HICPRO:HICPRO_MAPPING:BOWTIE2_ALIGN (DTB-008-BL); status: RUNNING; exit: -; error: -; workDir: /scratch/g/vjin/Yu/hic_pipeline/work_batch_DTB-008-BL/25/58bbbfaecadcfef9746cc4acc463c7 started: 1788208654638; exited: -; ]
~> TaskHandler[jobId: 7505692; id: 8; name: NFCORE_HIC:HIC:HICPRO:HICPRO_MAPPING:BOWTIE2_ALIGN (DTB-008-BL); status: RUNNING; exit: -; error: -; workDir: /scratch/g/vjin/Yu/hic_pipeline/work_batch_DTB-008-BL/cc/adffad3e5154ff92619b90d77a8c08 started: 1788208654641; exited: -; ]
Sep-01 18:06:58.136 [Task monitor] DEBUG n.processor.TaskPollingMonitor - !! executor slurm > tasks to be completed: 2 -- submitted tasks are shown below
~> TaskHandler[jobId: 7505691; id: 7; name: NFCORE_HIC:HIC:HICPRO:HICPRO_MAPPING:BOWTIE2_ALIGN (DTB-008-BL); status: RUNNING; exit: -; error: -; workDir: /scratch/g/vjin/Yu/hic_pipeline/work_batch_DTB-008-BL/25/58bbbfaecadcfef9746cc4acc463c7 started: 1788208654638; exited: -; ]
~> TaskHandler[jobId: 7505692; id: 8; name: NFCORE_HIC:HIC:HICPRO:HICPRO_MAPPING:BOWTIE2_ALIGN (DTB-008-BL); status: RUNNING; exit: -; error: -; workDir: /scratch/g/vjin/Yu/hic_pipeline/work_batch_DTB-008-BL/cc/adffad3e5154ff92619b90d77a8c08 started: 1788208654641; exited: -; ]
Sep-01 18:10:28.155 [Task monitor] DEBUG n.processor.TaskPollingMonitor - Task completed > TaskHandler[jobId: 7505691; id: 7; name: NFCORE_HIC:HIC:HICPRO:HICPRO_MAPPING:BOWTIE2_ALIGN (DTB-008-BL); status: COMPLETED; exit: 0; error: -; workDir: /scratch/g/vjin/Yu/hic_pipeline/work_batch_DTB-008-BL/25/58bbbfaecadcfef9746cc4acc463c7 started: 1788208654638; exited: 2026-09-01T23:09:52.589701243Z; ]
Sep-01 18:10:28.291 [Actor Thread 6] DEBUG nextflow.container.SingularityCache - Singularity found local store for image=https://depot.galaxyproject.org/singularity/ubuntu:20.04; path=/scratch/g/vjin/Yu/hic_pipeline/work/singularity/depot.galaxyproject.org-singularity-ubuntu-20.04.img
Sep-01 18:10:28.425 [Task submitter] DEBUG nextflow.executor.GridTaskHandler - [SLURM] submitted process NFCORE_HIC:HIC:HICPRO:HICPRO_MAPPING:TRIM_READS (DTB-008-BL) > jobId: 7511867; workDir: /scratch/g/vjin/Yu/hic_pipeline/work_batch_DTB-008-BL/b2/c192edac67795bd7c190f332e68fde
Sep-01 18:10:28.425 [Task submitter] INFO  nextflow.Session - [b2/c192ed] Submitted process > NFCORE_HIC:HIC:HICPRO:HICPRO_MAPPING:TRIM_READS (DTB-008-BL)
Sep-01 18:11:58.146 [Task monitor] DEBUG n.processor.TaskPollingMonitor - !! executor slurm > tasks to be completed: 2 -- submitted tasks are shown below
~> TaskHandler[jobId: 7505692; id: 8; name: NFCORE_HIC:HIC:HICPRO:HICPRO_MAPPING:BOWTIE2_ALIGN (DTB-008-BL); status: RUNNING; exit: -; error: -; workDir: /scratch/g/vjin/Yu/hic_pipeline/work_batch_DTB-008-BL/cc/adffad3e5154ff92619b90d77a8c08 started: 1788208654641; exited: -; ]
~> TaskHandler[jobId: 7511867; id: 9; name: NFCORE_HIC:HIC:HICPRO:HICPRO_MAPPING:TRIM_READS (DTB-008-BL); status: RUNNING; exit: -; error: -; workDir: /scratch/g/vjin/Yu/hic_pipeline/work_batch_DTB-008-BL/b2/c192edac67795bd7c190f332e68fde started: 1788304238143; exited: -; ]
Sep-01 18:16:58.205 [Task monitor] DEBUG n.processor.TaskPollingMonitor - !! executor slurm > tasks to be completed: 2 -- submitted tasks are shown below
~> TaskHandler[jobId: 7505692; id: 8; name: NFCORE_HIC:HIC:HICPRO:HICPRO_MAPPING:BOWTIE2_ALIGN (DTB-008-BL); status: RUNNING; exit: -; error: -; workDir: /scratch/g/vjin/Yu/hic_pipeline/work_batch_DTB-008-BL/cc/adffad3e5154ff92619b90d77a8c08 started: 1788208654641; exited: -; ]
~> TaskHandler[jobId: 7511867; id: 9; name: NFCORE_HIC:HIC:HICPRO:HICPRO_MAPPING:TRIM_READS (DTB-008-BL); status: RUNNING; exit: -; error: -; workDir: /scratch/g/vjin/Yu/hic_pipeline/work_batch_DTB-008-BL/b2/c192edac67795bd7c190f332e68fde started: 1788304238143; exited: -; ]
Sep-01 18:21:58.250 [Task monitor] DEBUG n.processor.TaskPollingMonitor - !! executor slurm > tasks to be completed: 2 -- submitted tasks are shown below
~> TaskHandler[jobId: 7505692; id: 8; name: NFCORE_HIC:HIC:HICPRO:HICPRO_MAPPING:BOWTIE2_ALIGN (DTB-008-BL); status: RUNNING; exit: -; error: -; workDir: /scratch/g/vjin/Yu/hic_pipeline/work_batch_DTB-008-BL/cc/adffad3e5154ff92619b90d77a8c08 started: 1788208654641; exited: -; ]
~> TaskHandler[jobId: 7511867; id: 9; name: NFCORE_HIC:HIC:HICPRO:HICPRO_MAPPING:TRIM_READS (DTB-008-BL); status: RUNNING; exit: -; error: -; workDir: /scratch/g/vjin/Yu/hic_pipeline/work_batch_DTB-008-BL/b2/c192edac67795bd7c190f332e68fde started: 1788304238143; exited: -; ]
Sep-01 18:26:58.260 [Task monitor] DEBUG n.processor.TaskPollingMonitor - !! executor slurm > tasks to be completed: 2 -- submitted tasks are shown below
~> TaskHandler[jobId: 7505692; id: 8; name: NFCORE_HIC:HIC:HICPRO:HICPRO_MAPPING:BOWTIE2_ALIGN (DTB-008-BL); status: RUNNING; exit: -; error: -; workDir: /scratch/g/vjin/Yu/hic_pipeline/work_batch_DTB-008-BL/cc/adffad3e5154ff92619b90d77a8c08 started: 1788208654641; exited: -; ]
~> TaskHandler[jobId: 7511867; id: 9; name: NFCORE_HIC:HIC:HICPRO:HICPRO_MAPPING:TRIM_READS (DTB-008-BL); status: RUNNING; exit: -; error: -; workDir: /scratch/g/vjin/Yu/hic_pipeline/work_batch_DTB-008-BL/b2/c192edac67795bd7c190f332e68fde started: 1788304238143; exited: -; ]
Sep-01 18:31:58.270 [Task monitor] DEBUG n.processor.TaskPollingMonitor - !! executor slurm > tasks to be completed: 2 -- submitted tasks are shown below
~> TaskHandler[jobId: 7505692; id: 8; name: NFCORE_HIC:HIC:HICPRO:HICPRO_MAPPING:BOWTIE2_ALIGN (DTB-008-BL); status: RUNNING; exit: -; error: -; workDir: /scratch/g/vjin/Yu/hic_pipeline/work_batch_DTB-008-BL/cc/adffad3e5154ff92619b90d77a8c08 started: 1788208654641; exited: -; ]
~> TaskHandler[jobId: 7511867; id: 9; name: NFCORE_HIC:HIC:HICPRO:HICPRO_MAPPING:TRIM_READS (DTB-008-BL); status: RUNNING; exit: -; error: -; workDir: /scratch/g/vjin/Yu/hic_pipeline/work_batch_DTB-008-BL/b2/c192edac67795bd7c190f332e68fde started: 1788304238143; exited: -; ]
Sep-01 18:36:58.287 [Task monitor] DEBUG n.processor.TaskPollingMonitor - !! executor slurm > tasks to be completed: 2 -- submitted tasks are shown below
~> TaskHandler[jobId: 7505692; id: 8; name: NFCORE_HIC:HIC:HICPRO:HICPRO_MAPPING:BOWTIE2_ALIGN (DTB-008-BL); status: RUNNING; exit: -; error: -; workDir: /scratch/g/vjin/Yu/hic_pipeline/work_batch_DTB-008-BL/cc/adffad3e5154ff92619b90d77a8c08 started: 1788208654641; exited: -; ]
~> TaskHandler[jobId: 7511867; id: 9; name: NFCORE_HIC:HIC:HICPRO:HICPRO_MAPPING:TRIM_READS (DTB-008-BL); status: RUNNING; exit: -; error: -; workDir: /scratch/g/vjin/Yu/hic_pipeline/work_batch_DTB-008-BL/b2/c192edac67795bd7c190f332e68fde started: 1788304238143; exited: -; ]
Sep-01 18:41:58.303 [Task monitor] DEBUG n.processor.TaskPollingMonitor - !! executor slurm > tasks to be completed: 2 -- submitted tasks are shown below
~> TaskHandler[jobId: 7505692; id: 8; name: NFCORE_HIC:HIC:HICPRO:HICPRO_MAPPING:BOWTIE2_ALIGN (DTB-008-BL); status: RUNNING; exit: -; error: -; workDir: /scratch/g/vjin/Yu/hic_pipeline/work_batch_DTB-008-BL/cc/adffad3e5154ff92619b90d77a8c08 started: 1788208654641; exited: -; ]
~> TaskHandler[jobId: 7511867; id: 9; name: NFCORE_HIC:HIC:HICPRO:HICPRO_MAPPING:TRIM_READS (DTB-008-BL); status: RUNNING; exit: -; error: -; workDir: /scratch/g/vjin/Yu/hic_pipeline/work_batch_DTB-008-BL/b2/c192edac67795bd7c190f332e68fde started: 1788304238143; exited: -; ]
Sep-01 18:42:03.308 [Task monitor] DEBUG n.processor.TaskPollingMonitor - Task completed > TaskHandler[jobId: 7505692; id: 8; name: NFCORE_HIC:HIC:HICPRO:HICPRO_MAPPING:BOWTIE2_ALIGN (DTB-008-BL); status: COMPLETED; exit: 0; error: -; workDir: /scratch/g/vjin/Yu/hic_pipeline/work_batch_DTB-008-BL/cc/adffad3e5154ff92619b90d77a8c08 started: 1788208654641; exited: 2026-09-01T23:41:40.06599236Z; ]
Sep-01 18:42:03.470 [Task submitter] DEBUG nextflow.executor.GridTaskHandler - [SLURM] submitted process NFCORE_HIC:HIC:HICPRO:HICPRO_MAPPING:TRIM_READS (DTB-008-BL) > jobId: 7511900; workDir: /scratch/g/vjin/Yu/hic_pipeline/work_batch_DTB-008-BL/df/ee4b6d1adc25229bc950c66cda4d01
Sep-01 18:42:03.470 [Task submitter] INFO  nextflow.Session - [df/ee4b6d] Submitted process > NFCORE_HIC:HIC:HICPRO:HICPRO_MAPPING:TRIM_READS (DTB-008-BL)
Sep-01 18:46:58.314 [Task monitor] DEBUG n.processor.TaskPollingMonitor - !! executor slurm > tasks to be completed: 2 -- submitted tasks are shown below
~> TaskHandler[jobId: 7511867; id: 9; name: NFCORE_HIC:HIC:HICPRO:HICPRO_MAPPING:TRIM_READS (DTB-008-BL); status: RUNNING; exit: -; error: -; workDir: /scratch/g/vjin/Yu/hic_pipeline/work_batch_DTB-008-BL/b2/c192edac67795bd7c190f332e68fde started: 1788304238143; exited: -; ]
~> TaskHandler[jobId: 7511900; id: 10; name: NFCORE_HIC:HIC:HICPRO:HICPRO_MAPPING:TRIM_READS (DTB-008-BL); status: RUNNING; exit: -; error: -; workDir: /scratch/g/vjin/Yu/hic_pipeline/work_batch_DTB-008-BL/df/ee4b6d1adc25229bc950c66cda4d01 started: 1788306143305; exited: -; ]
Sep-01 18:51:58.352 [Task monitor] DEBUG n.processor.TaskPollingMonitor - !! executor slurm > tasks to be completed: 2 -- submitted tasks are shown below
~> TaskHandler[jobId: 7511867; id: 9; name: NFCORE_HIC:HIC:HICPRO:HICPRO_MAPPING:TRIM_READS (DTB-008-BL); status: RUNNING; exit: -; error: -; workDir: /scratch/g/vjin/Yu/hic_pipeline/work_batch_DTB-008-BL/b2/c192edac67795bd7c190f332e68fde started: 1788304238143; exited: -; ]
~> TaskHandler[jobId: 7511900; id: 10; name: NFCORE_HIC:HIC:HICPRO:HICPRO_MAPPING:TRIM_READS (DTB-008-BL); status: RUNNING; exit: -; error: -; workDir: /scratch/g/vjin/Yu/hic_pipeline/work_batch_DTB-008-BL/df/ee4b6d1adc25229bc950c66cda4d01 started: 1788306143305; exited: -; ]
Sep-01 18:56:58.365 [Task monitor] DEBUG n.processor.TaskPollingMonitor - !! executor slurm > tasks to be completed: 2 -- submitted tasks are shown below
~> TaskHandler[jobId: 7511867; id: 9; name: NFCORE_HIC:HIC:HICPRO:HICPRO_MAPPING:TRIM_READS (DTB-008-BL); status: RUNNING; exit: -; error: -; workDir: /scratch/g/vjin/Yu/hic_pipeline/work_batch_DTB-008-BL/b2/c192edac67795bd7c190f332e68fde started: 1788304238143; exited: -; ]
~> TaskHandler[jobId: 7511900; id: 10; name: NFCORE_HIC:HIC:HICPRO:HICPRO_MAPPING:TRIM_READS (DTB-008-BL); status: RUNNING; exit: -; error: -; workDir: /scratch/g/vjin/Yu/hic_pipeline/work_batch_DTB-008-BL/df/ee4b6d1adc25229bc950c66cda4d01 started: 1788306143305; exited: -; ]
Sep-01 19:01:58.410 [Task monitor] DEBUG n.processor.TaskPollingMonitor - !! executor slurm > tasks to be completed: 2 -- submitted tasks are shown below
~> TaskHandler[jobId: 7511867; id: 9; name: NFCORE_HIC:HIC:HICPRO:HICPRO_MAPPING:TRIM_READS (DTB-008-BL); status: RUNNING; exit: -; error: -; workDir: /scratch/g/vjin/Yu/hic_pipeline/work_batch_DTB-008-BL/b2/c192edac67795bd7c190f332e68fde started: 1788304238143; exited: -; ]
~> TaskHandler[jobId: 7511900; id: 10; name: NFCORE_HIC:HIC:HICPRO:HICPRO_MAPPING:TRIM_READS (DTB-008-BL); status: RUNNING; exit: -; error: -; workDir: /scratch/g/vjin/Yu/hic_pipeline/work_batch_DTB-008-BL/df/ee4b6d1adc25229bc950c66cda4d01 started: 1788306143305; exited: -; ]
Sep-01 19:06:58.448 [Task monitor] DEBUG n.processor.TaskPollingMonitor - !! executor slurm > tasks to be completed: 2 -- submitted tasks are shown below
~> TaskHandler[jobId: 7511867; id: 9; name: NFCORE_HIC:HIC:HICPRO:HICPRO_MAPPING:TRIM_READS (DTB-008-BL); status: RUNNING; exit: -; error: -; workDir: /scratch/g/vjin/Yu/hic_pipeline/work_batch_DTB-008-BL/b2/c192edac67795bd7c190f332e68fde started: 1788304238143; exited: -; ]
~> TaskHandler[jobId: 7511900; id: 10; name: NFCORE_HIC:HIC:HICPRO:HICPRO_MAPPING:TRIM_READS (DTB-008-BL); status: RUNNING; exit: -; error: -; workDir: /scratch/g/vjin/Yu/hic_pipeline/work_batch_DTB-008-BL/df/ee4b6d1adc25229bc950c66cda4d01 started: 1788306143305; exited: -; ]
Sep-01 19:11:58.463 [Task monitor] DEBUG n.processor.TaskPollingMonitor - !! executor slurm > tasks to be completed: 2 -- submitted tasks are shown below
~> TaskHandler[jobId: 7511867; id: 9; name: NFCORE_HIC:HIC:HICPRO:HICPRO_MAPPING:TRIM_READS (DTB-008-BL); status: RUNNING; exit: -; error: -; workDir: /scratch/g/vjin/Yu/hic_pipeline/work_batch_DTB-008-BL/b2/c192edac67795bd7c190f332e68fde started: 1788304238143; exited: -; ]
~> TaskHandler[jobId: 7511900; id: 10; name: NFCORE_HIC:HIC:HICPRO:HICPRO_MAPPING:TRIM_READS (DTB-008-BL); status: RUNNING; exit: -; error: -; workDir: /scratch/g/vjin/Yu/hic_pipeline/work_batch_DTB-008-BL/df/ee4b6d1adc25229bc950c66cda4d01 started: 1788306143305; exited: -; ]
Sep-01 19:16:58.487 [Task monitor] DEBUG n.processor.TaskPollingMonitor - !! executor slurm > tasks to be completed: 2 -- submitted tasks are shown below
~> TaskHandler[jobId: 7511867; id: 9; name: NFCORE_HIC:HIC:HICPRO:HICPRO_MAPPING:TRIM_READS (DTB-008-BL); status: RUNNING; exit: -; error: -; workDir: /scratch/g/vjin/Yu/hic_pipeline/work_batch_DTB-008-BL/b2/c192edac67795bd7c190f332e68fde started: 1788304238143; exited: -; ]
~> TaskHandler[jobId: 7511900; id: 10; name: NFCORE_HIC:HIC:HICPRO:HICPRO_MAPPING:TRIM_READS (DTB-008-BL); status: RUNNING; exit: -; error: -; workDir: /scratch/g/vjin/Yu/hic_pipeline/work_batch_DTB-008-BL/df/ee4b6d1adc25229bc950c66cda4d01 started: 1788306143305; exited: -; ]
Sep-01 19:21:58.502 [Task monitor] DEBUG n.processor.TaskPollingMonitor - !! executor slurm > tasks to be completed: 2 -- submitted tasks are shown below
~> TaskHandler[jobId: 7511867; id: 9; name: NFCORE_HIC:HIC:HICPRO:HICPRO_MAPPING:TRIM_READS (DTB-008-BL); status: RUNNING; exit: -; error: -; workDir: /scratch/g/vjin/Yu/hic_pipeline/work_batch_DTB-008-BL/b2/c192edac67795bd7c190f332e68fde started: 1788304238143; exited: -; ]
~> TaskHandler[jobId: 7511900; id: 10; name: NFCORE_HIC:HIC:HICPRO:HICPRO_MAPPING:TRIM_READS (DTB-008-BL); status: RUNNING; exit: -; error: -; workDir: /scratch/g/vjin/Yu/hic_pipeline/work_batch_DTB-008-BL/df/ee4b6d1adc25229bc950c66cda4d01 started: 1788306143305; exited: -; ]
Sep-01 19:26:58.514 [Task monitor] DEBUG n.processor.TaskPollingMonitor - !! executor slurm > tasks to be completed: 2 -- submitted tasks are shown below
~> TaskHandler[jobId: 7511867; id: 9; name: NFCORE_HIC:HIC:HICPRO:HICPRO_MAPPING:TRIM_READS (DTB-008-BL); status: RUNNING; exit: -; error: -; workDir: /scratch/g/vjin/Yu/hic_pipeline/work_batch_DTB-008-BL/b2/c192edac67795bd7c190f332e68fde started: 1788304238143; exited: -; ]
~> TaskHandler[jobId: 7511900; id: 10; name: NFCORE_HIC:HIC:HICPRO:HICPRO_MAPPING:TRIM_READS (DTB-008-BL); status: RUNNING; exit: -; error: -; workDir: /scratch/g/vjin/Yu/hic_pipeline/work_batch_DTB-008-BL/df/ee4b6d1adc25229bc950c66cda4d01 started: 1788306143305; exited: -; ]
Sep-01 19:31:58.525 [Task monitor] DEBUG n.processor.TaskPollingMonitor - !! executor slurm > tasks to be completed: 2 -- submitted tasks are shown below
~> TaskHandler[jobId: 7511867; id: 9; name: NFCORE_HIC:HIC:HICPRO:HICPRO_MAPPING:TRIM_READS (DTB-008-BL); status: RUNNING; exit: -; error: -; workDir: /scratch/g/vjin/Yu/hic_pipeline/work_batch_DTB-008-BL/b2/c192edac67795bd7c190f332e68fde started: 1788304238143; exited: -; ]
~> TaskHandler[jobId: 7511900; id: 10; name: NFCORE_HIC:HIC:HICPRO:HICPRO_MAPPING:TRIM_READS (DTB-008-BL); status: RUNNING; exit: -; error: -; workDir: /scratch/g/vjin/Yu/hic_pipeline/work_batch_DTB-008-BL/df/ee4b6d1adc25229bc950c66cda4d01 started: 1788306143305; exited: -; ]
Sep-01 19:36:58.540 [Task monitor] DEBUG n.processor.TaskPollingMonitor - !! executor slurm > tasks to be completed: 2 -- submitted tasks are shown below
~> TaskHandler[jobId: 7511867; id: 9; name: NFCORE_HIC:HIC:HICPRO:HICPRO_MAPPING:TRIM_READS (DTB-008-BL); status: RUNNING; exit: -; error: -; workDir: /scratch/g/vjin/Yu/hic_pipeline/work_batch_DTB-008-BL/b2/c192edac67795bd7c190f332e68fde started: 1788304238143; exited: -; ]
~> TaskHandler[jobId: 7511900; id: 10; name: NFCORE_HIC:HIC:HICPRO:HICPRO_MAPPING:TRIM_READS (DTB-008-BL); status: RUNNING; exit: -; error: -; workDir: /scratch/g/vjin/Yu/hic_pipeline/work_batch_DTB-008-BL/df/ee4b6d1adc25229bc950c66cda4d01 started: 1788306143305; exited: -; ]
Sep-01 19:41:58.548 [Task monitor] DEBUG n.processor.TaskPollingMonitor - !! executor slurm > tasks to be completed: 2 -- submitted tasks are shown below
~> TaskHandler[jobId: 7511867; id: 9; name: NFCORE_HIC:HIC:HICPRO:HICPRO_MAPPING:TRIM_READS (DTB-008-BL); status: RUNNING; exit: -; error: -; workDir: /scratch/g/vjin/Yu/hic_pipeline/work_batch_DTB-008-BL/b2/c192edac67795bd7c190f332e68fde started: 1788304238143; exited: -; ]
~> TaskHandler[jobId: 7511900; id: 10; name: NFCORE_HIC:HIC:HICPRO:HICPRO_MAPPING:TRIM_READS (DTB-008-BL); status: RUNNING; exit: -; error: -; workDir: /scratch/g/vjin/Yu/hic_pipeline/work_batch_DTB-008-BL/df/ee4b6d1adc25229bc950c66cda4d01 started: 1788306143305; exited: -; ]
Sep-01 19:46:58.555 [Task monitor] DEBUG n.processor.TaskPollingMonitor - !! executor slurm > tasks to be completed: 2 -- submitted tasks are shown below
~> TaskHandler[jobId: 7511867; id: 9; name: NFCORE_HIC:HIC:HICPRO:HICPRO_MAPPING:TRIM_READS (DTB-008-BL); status: RUNNING; exit: -; error: -; workDir: /scratch/g/vjin/Yu/hic_pipeline/work_batch_DTB-008-BL/b2/c192edac67795bd7c190f332e68fde started: 1788304238143; exited: -; ]
~> TaskHandler[jobId: 7511900; id: 10; name: NFCORE_HIC:HIC:HICPRO:HICPRO_MAPPING:TRIM_READS (DTB-008-BL); status: RUNNING; exit: -; error: -; workDir: /scratch/g/vjin/Yu/hic_pipeline/work_batch_DTB-008-BL/df/ee4b6d1adc25229bc950c66cda4d01 started: 1788306143305; exited: -; ]
Sep-01 19:51:58.571 [Task monitor] DEBUG n.processor.TaskPollingMonitor - !! executor slurm > tasks to be completed: 2 -- submitted tasks are shown below
~> TaskHandler[jobId: 7511867; id: 9; name: NFCORE_HIC:HIC:HICPRO:HICPRO_MAPPING:TRIM_READS (DTB-008-BL); status: RUNNING; exit: -; error: -; workDir: /scratch/g/vjin/Yu/hic_pipeline/work_batch_DTB-008-BL/b2/c192edac67795bd7c190f332e68fde started: 1788304238143; exited: -; ]
~> TaskHandler[jobId: 7511900; id: 10; name: NFCORE_HIC:HIC:HICPRO:HICPRO_MAPPING:TRIM_READS (DTB-008-BL); status: RUNNING; exit: -; error: -; workDir: /scratch/g/vjin/Yu/hic_pipeline/work_batch_DTB-008-BL/df/ee4b6d1adc25229bc950c66cda4d01 started: 1788306143305; exited: -; ]
Sep-01 19:56:58.584 [Task monitor] DEBUG n.processor.TaskPollingMonitor - !! executor slurm > tasks to be completed: 2 -- submitted tasks are shown below
~> TaskHandler[jobId: 7511867; id: 9; name: NFCORE_HIC:HIC:HICPRO:HICPRO_MAPPING:TRIM_READS (DTB-008-BL); status: RUNNING; exit: -; error: -; workDir: /scratch/g/vjin/Yu/hic_pipeline/work_batch_DTB-008-BL/b2/c192edac67795bd7c190f332e68fde started: 1788304238143; exited: -; ]
~> TaskHandler[jobId: 7511900; id: 10; name: NFCORE_HIC:HIC:HICPRO:HICPRO_MAPPING:TRIM_READS (DTB-008-BL); status: RUNNING; exit: -; error: -; workDir: /scratch/g/vjin/Yu/hic_pipeline/work_batch_DTB-008-BL/df/ee4b6d1adc25229bc950c66cda4d01 started: 1788306143305; exited: -; ]
Sep-01 20:01:58.596 [Task monitor] DEBUG n.processor.TaskPollingMonitor - !! executor slurm > tasks to be completed: 2 -- submitted tasks are shown below
~> TaskHandler[jobId: 7511867; id: 9; name: NFCORE_HIC:HIC:HICPRO:HICPRO_MAPPING:TRIM_READS (DTB-008-BL); status: RUNNING; exit: -; error: -; workDir: /scratch/g/vjin/Yu/hic_pipeline/work_batch_DTB-008-BL/b2/c192edac67795bd7c190f332e68fde started: 1788304238143; exited: -; ]
~> TaskHandler[jobId: 7511900; id: 10; name: NFCORE_HIC:HIC:HICPRO:HICPRO_MAPPING:TRIM_READS (DTB-008-BL); status: RUNNING; exit: -; error: -; workDir: /scratch/g/vjin/Yu/hic_pipeline/work_batch_DTB-008-BL/df/ee4b6d1adc25229bc950c66cda4d01 started: 1788306143305; exited: -; ]
Sep-01 20:06:58.607 [Task monitor] DEBUG n.processor.TaskPollingMonitor - !! executor slurm > tasks to be completed: 2 -- submitted tasks are shown below
~> TaskHandler[jobId: 7511867; id: 9; name: NFCORE_HIC:HIC:HICPRO:HICPRO_MAPPING:TRIM_READS (DTB-008-BL); status: RUNNING; exit: -; error: -; workDir: /scratch/g/vjin/Yu/hic_pipeline/work_batch_DTB-008-BL/b2/c192edac67795bd7c190f332e68fde started: 1788304238143; exited: -; ]
~> TaskHandler[jobId: 7511900; id: 10; name: NFCORE_HIC:HIC:HICPRO:HICPRO_MAPPING:TRIM_READS (DTB-008-BL); status: RUNNING; exit: -; error: -; workDir: /scratch/g/vjin/Yu/hic_pipeline/work_batch_DTB-008-BL/df/ee4b6d1adc25229bc950c66cda4d01 started: 1788306143305; exited: -; ]
Sep-01 20:11:58.618 [Task monitor] DEBUG n.processor.TaskPollingMonitor - !! executor slurm > tasks to be completed: 2 -- submitted tasks are shown below
~> TaskHandler[jobId: 7511867; id: 9; name: NFCORE_HIC:HIC:HICPRO:HICPRO_MAPPING:TRIM_READS (DTB-008-BL); status: RUNNING; exit: -; error: -; workDir: /scratch/g/vjin/Yu/hic_pipeline/work_batch_DTB-008-BL/b2/c192edac67795bd7c190f332e68fde started: 1788304238143; exited: -; ]
~> TaskHandler[jobId: 7511900; id: 10; name: NFCORE_HIC:HIC:HICPRO:HICPRO_MAPPING:TRIM_READS (DTB-008-BL); status: RUNNING; exit: -; error: -; workDir: /scratch/g/vjin/Yu/hic_pipeline/work_batch_DTB-008-BL/df/ee4b6d1adc25229bc950c66cda4d01 started: 1788306143305; exited: -; ]
Sep-01 20:16:58.634 [Task monitor] DEBUG n.processor.TaskPollingMonitor - !! executor slurm > tasks to be completed: 2 -- submitted tasks are shown below
~> TaskHandler[jobId: 7511867; id: 9; name: NFCORE_HIC:HIC:HICPRO:HICPRO_MAPPING:TRIM_READS (DTB-008-BL); status: RUNNING; exit: -; error: -; workDir: /scratch/g/vjin/Yu/hic_pipeline/work_batch_DTB-008-BL/b2/c192edac67795bd7c190f332e68fde started: 1788304238143; exited: -; ]
~> TaskHandler[jobId: 7511900; id: 10; name: NFCORE_HIC:HIC:HICPRO:HICPRO_MAPPING:TRIM_READS (DTB-008-BL); status: RUNNING; exit: -; error: -; workDir: /scratch/g/vjin/Yu/hic_pipeline/work_batch_DTB-008-BL/df/ee4b6d1adc25229bc950c66cda4d01 started: 1788306143305; exited: -; ]
Sep-01 20:21:58.650 [Task monitor] DEBUG n.processor.TaskPollingMonitor - !! executor slurm > tasks to be completed: 2 -- submitted tasks are shown below
~> TaskHandler[jobId: 7511867; id: 9; name: NFCORE_HIC:HIC:HICPRO:HICPRO_MAPPING:TRIM_READS (DTB-008-BL); status: RUNNING; exit: -; error: -; workDir: /scratch/g/vjin/Yu/hic_pipeline/work_batch_DTB-008-BL/b2/c192edac67795bd7c190f332e68fde started: 1788304238143; exited: -; ]
~> TaskHandler[jobId: 7511900; id: 10; name: NFCORE_HIC:HIC:HICPRO:HICPRO_MAPPING:TRIM_READS (DTB-008-BL); status: RUNNING; exit: -; error: -; workDir: /scratch/g/vjin/Yu/hic_pipeline/work_batch_DTB-008-BL/df/ee4b6d1adc25229bc950c66cda4d01 started: 1788306143305; exited: -; ]
Sep-01 20:26:58.673 [Task monitor] DEBUG n.processor.TaskPollingMonitor - !! executor slurm > tasks to be completed: 2 -- submitted tasks are shown below
~> TaskHandler[jobId: 7511867; id: 9; name: NFCORE_HIC:HIC:HICPRO:HICPRO_MAPPING:TRIM_READS (DTB-008-BL); status: RUNNING; exit: -; error: -; workDir: /scratch/g/vjin/Yu/hic_pipeline/work_batch_DTB-008-BL/b2/c192edac67795bd7c190f332e68fde started: 1788304238143; exited: -; ]
~> TaskHandler[jobId: 7511900; id: 10; name: NFCORE_HIC:HIC:HICPRO:HICPRO_MAPPING:TRIM_READS (DTB-008-BL); status: RUNNING; exit: -; error: -; workDir: /scratch/g/vjin/Yu/hic_pipeline/work_batch_DTB-008-BL/df/ee4b6d1adc25229bc950c66cda4d01 started: 1788306143305; exited: -; ]
Sep-01 20:31:58.684 [Task monitor] DEBUG n.processor.TaskPollingMonitor - !! executor slurm > tasks to be completed: 2 -- submitted tasks are shown below
~> TaskHandler[jobId: 7511867; id: 9; name: NFCORE_HIC:HIC:HICPRO:HICPRO_MAPPING:TRIM_READS (DTB-008-BL); status: RUNNING; exit: -; error: -; workDir: /scratch/g/vjin/Yu/hic_pipeline/work_batch_DTB-008-BL/b2/c192edac67795bd7c190f332e68fde started: 1788304238143; exited: -; ]
~> TaskHandler[jobId: 7511900; id: 10; name: NFCORE_HIC:HIC:HICPRO:HICPRO_MAPPING:TRIM_READS (DTB-008-BL); status: RUNNING; exit: -; error: -; workDir: /scratch/g/vjin/Yu/hic_pipeline/work_batch_DTB-008-BL/df/ee4b6d1adc25229bc950c66cda4d01 started: 1788306143305; exited: -; ]
Sep-01 20:36:58.697 [Task monitor] DEBUG n.processor.TaskPollingMonitor - !! executor slurm > tasks to be completed: 2 -- submitted tasks are shown below
~> TaskHandler[jobId: 7511867; id: 9; name: NFCORE_HIC:HIC:HICPRO:HICPRO_MAPPING:TRIM_READS (DTB-008-BL); status: RUNNING; exit: -; error: -; workDir: /scratch/g/vjin/Yu/hic_pipeline/work_batch_DTB-008-BL/b2/c192edac67795bd7c190f332e68fde started: 1788304238143; exited: -; ]
~> TaskHandler[jobId: 7511900; id: 10; name: NFCORE_HIC:HIC:HICPRO:HICPRO_MAPPING:TRIM_READS (DTB-008-BL); status: RUNNING; exit: -; error: -; workDir: /scratch/g/vjin/Yu/hic_pipeline/work_batch_DTB-008-BL/df/ee4b6d1adc25229bc950c66cda4d01 started: 1788306143305; exited: -; ]
Sep-01 20:41:58.712 [Task monitor] DEBUG n.processor.TaskPollingMonitor - !! executor slurm > tasks to be completed: 2 -- submitted tasks are shown below
~> TaskHandler[jobId: 7511867; id: 9; name: NFCORE_HIC:HIC:HICPRO:HICPRO_MAPPING:TRIM_READS (DTB-008-BL); status: RUNNING; exit: -; error: -; workDir: /scratch/g/vjin/Yu/hic_pipeline/work_batch_DTB-008-BL/b2/c192edac67795bd7c190f332e68fde started: 1788304238143; exited: -; ]
~> TaskHandler[jobId: 7511900; id: 10; name: NFCORE_HIC:HIC:HICPRO:HICPRO_MAPPING:TRIM_READS (DTB-008-BL); status: RUNNING; exit: -; error: -; workDir: /scratch/g/vjin/Yu/hic_pipeline/work_batch_DTB-008-BL/df/ee4b6d1adc25229bc950c66cda4d01 started: 1788306143305; exited: -; ]
Sep-01 20:46:58.724 [Task monitor] DEBUG n.processor.TaskPollingMonitor - !! executor slurm > tasks to be completed: 2 -- submitted tasks are shown below
~> TaskHandler[jobId: 7511867; id: 9; name: NFCORE_HIC:HIC:HICPRO:HICPRO_MAPPING:TRIM_READS (DTB-008-BL); status: RUNNING; exit: -; error: -; workDir: /scratch/g/vjin/Yu/hic_pipeline/work_batch_DTB-008-BL/b2/c192edac67795bd7c190f332e68fde started: 1788304238143; exited: -; ]
~> TaskHandler[jobId: 7511900; id: 10; name: NFCORE_HIC:HIC:HICPRO:HICPRO_MAPPING:TRIM_READS (DTB-008-BL); status: RUNNING; exit: -; error: -; workDir: /scratch/g/vjin/Yu/hic_pipeline/work_batch_DTB-008-BL/df/ee4b6d1adc25229bc950c66cda4d01 started: 1788306143305; exited: -; ]
Sep-01 20:51:58.740 [Task monitor] DEBUG n.processor.TaskPollingMonitor - !! executor slurm > tasks to be completed: 2 -- submitted tasks are shown below
~> TaskHandler[jobId: 7511867; id: 9; name: NFCORE_HIC:HIC:HICPRO:HICPRO_MAPPING:TRIM_READS (DTB-008-BL); status: RUNNING; exit: -; error: -; workDir: /scratch/g/vjin/Yu/hic_pipeline/work_batch_DTB-008-BL/b2/c192edac67795bd7c190f332e68fde started: 1788304238143; exited: -; ]
~> TaskHandler[jobId: 7511900; id: 10; name: NFCORE_HIC:HIC:HICPRO:HICPRO_MAPPING:TRIM_READS (DTB-008-BL); status: RUNNING; exit: -; error: -; workDir: /scratch/g/vjin/Yu/hic_pipeline/work_batch_DTB-008-BL/df/ee4b6d1adc25229bc950c66cda4d01 started: 1788306143305; exited: -; ]
Sep-01 20:56:58.749 [Task monitor] DEBUG n.processor.TaskPollingMonitor - !! executor slurm > tasks to be completed: 2 -- submitted tasks are shown below
~> TaskHandler[jobId: 7511867; id: 9; name: NFCORE_HIC:HIC:HICPRO:HICPRO_MAPPING:TRIM_READS (DTB-008-BL); status: RUNNING; exit: -; error: -; workDir: /scratch/g/vjin/Yu/hic_pipeline/work_batch_DTB-008-BL/b2/c192edac67795bd7c190f332e68fde started: 1788304238143; exited: -; ]
~> TaskHandler[jobId: 7511900; id: 10; name: NFCORE_HIC:HIC:HICPRO:HICPRO_MAPPING:TRIM_READS (DTB-008-BL); status: RUNNING; exit: -; error: -; workDir: /scratch/g/vjin/Yu/hic_pipeline/work_batch_DTB-008-BL/df/ee4b6d1adc25229bc950c66cda4d01 started: 1788306143305; exited: -; ]
Sep-01 20:59:33.757 [Task monitor] DEBUG n.processor.TaskPollingMonitor - Task completed > TaskHandler[jobId: 7511867; id: 9; name: NFCORE_HIC:HIC:HICPRO:HICPRO_MAPPING:TRIM_READS (DTB-008-BL); status: COMPLETED; exit: 0; error: -; workDir: /scratch/g/vjin/Yu/hic_pipeline/work_batch_DTB-008-BL/b2/c192edac67795bd7c190f332e68fde started: 1788304238143; exited: 2026-09-02T01:59:33.439011141Z; ]
Sep-01 20:59:33.876 [Task submitter] DEBUG nextflow.executor.GridTaskHandler - [SLURM] submitted process NFCORE_HIC:HIC:HICPRO:HICPRO_MAPPING:BOWTIE2_ALIGN_TRIMMED (DTB-008-BL) > jobId: 7511997; workDir: /scratch/g/vjin/Yu/hic_pipeline/work_batch_DTB-008-BL/dc/c90a8f29b0e683f74cab41f5ec0d67
Sep-01 20:59:33.876 [Task submitter] INFO  nextflow.Session - [dc/c90a8f] Submitted process > NFCORE_HIC:HIC:HICPRO:HICPRO_MAPPING:BOWTIE2_ALIGN_TRIMMED (DTB-008-BL)
Sep-01 21:01:58.764 [Task monitor] DEBUG n.processor.TaskPollingMonitor - !! executor slurm > tasks to be completed: 2 -- submitted tasks are shown below
~> TaskHandler[jobId: 7511900; id: 10; name: NFCORE_HIC:HIC:HICPRO:HICPRO_MAPPING:TRIM_READS (DTB-008-BL); status: RUNNING; exit: -; error: -; workDir: /scratch/g/vjin/Yu/hic_pipeline/work_batch_DTB-008-BL/df/ee4b6d1adc25229bc950c66cda4d01 started: 1788306143305; exited: -; ]
~> TaskHandler[jobId: 7511997; id: 11; name: NFCORE_HIC:HIC:HICPRO:HICPRO_MAPPING:BOWTIE2_ALIGN_TRIMMED (DTB-008-BL); status: RUNNING; exit: -; error: -; workDir: /scratch/g/vjin/Yu/hic_pipeline/work_batch_DTB-008-BL/dc/c90a8f29b0e683f74cab41f5ec0d67 started: 1788314378779; exited: -; ]
Sep-01 21:06:58.775 [Task monitor] DEBUG n.processor.TaskPollingMonitor - !! executor slurm > tasks to be completed: 2 -- submitted tasks are shown below
~> TaskHandler[jobId: 7511900; id: 10; name: NFCORE_HIC:HIC:HICPRO:HICPRO_MAPPING:TRIM_READS (DTB-008-BL); status: RUNNING; exit: -; error: -; workDir: /scratch/g/vjin/Yu/hic_pipeline/work_batch_DTB-008-BL/df/ee4b6d1adc25229bc950c66cda4d01 started: 1788306143305; exited: -; ]
~> TaskHandler[jobId: 7511997; id: 11; name: NFCORE_HIC:HIC:HICPRO:HICPRO_MAPPING:BOWTIE2_ALIGN_TRIMMED (DTB-008-BL); status: RUNNING; exit: -; error: -; workDir: /scratch/g/vjin/Yu/hic_pipeline/work_batch_DTB-008-BL/dc/c90a8f29b0e683f74cab41f5ec0d67 started: 1788314378779; exited: -; ]
Sep-01 21:11:58.787 [Task monitor] DEBUG n.processor.TaskPollingMonitor - !! executor slurm > tasks to be completed: 2 -- submitted tasks are shown below
~> TaskHandler[jobId: 7511900; id: 10; name: NFCORE_HIC:HIC:HICPRO:HICPRO_MAPPING:TRIM_READS (DTB-008-BL); status: RUNNING; exit: -; error: -; workDir: /scratch/g/vjin/Yu/hic_pipeline/work_batch_DTB-008-BL/df/ee4b6d1adc25229bc950c66cda4d01 started: 1788306143305; exited: -; ]
~> TaskHandler[jobId: 7511997; id: 11; name: NFCORE_HIC:HIC:HICPRO:HICPRO_MAPPING:BOWTIE2_ALIGN_TRIMMED (DTB-008-BL); status: RUNNING; exit: -; error: -; workDir: /scratch/g/vjin/Yu/hic_pipeline/work_batch_DTB-008-BL/dc/c90a8f29b0e683f74cab41f5ec0d67 started: 1788314378779; exited: -; ]
Sep-01 21:16:58.800 [Task monitor] DEBUG n.processor.TaskPollingMonitor - !! executor slurm > tasks to be completed: 2 -- submitted tasks are shown below
~> TaskHandler[jobId: 7511900; id: 10; name: NFCORE_HIC:HIC:HICPRO:HICPRO_MAPPING:TRIM_READS (DTB-008-BL); status: RUNNING; exit: -; error: -; workDir: /scratch/g/vjin/Yu/hic_pipeline/work_batch_DTB-008-BL/df/ee4b6d1adc25229bc950c66cda4d01 started: 1788306143305; exited: -; ]
~> TaskHandler[jobId: 7511997; id: 11; name: NFCORE_HIC:HIC:HICPRO:HICPRO_MAPPING:BOWTIE2_ALIGN_TRIMMED (DTB-008-BL); status: RUNNING; exit: -; error: -; workDir: /scratch/g/vjin/Yu/hic_pipeline/work_batch_DTB-008-BL/dc/c90a8f29b0e683f74cab41f5ec0d67 started: 1788314378779; exited: -; ]
Sep-01 21:21:58.808 [Task monitor] DEBUG n.processor.TaskPollingMonitor - !! executor slurm > tasks to be completed: 2 -- submitted tasks are shown below
~> TaskHandler[jobId: 7511900; id: 10; name: NFCORE_HIC:HIC:HICPRO:HICPRO_MAPPING:TRIM_READS (DTB-008-BL); status: RUNNING; exit: -; error: -; workDir: /scratch/g/vjin/Yu/hic_pipeline/work_batch_DTB-008-BL/df/ee4b6d1adc25229bc950c66cda4d01 started: 1788306143305; exited: -; ]
~> TaskHandler[jobId: 7511997; id: 11; name: NFCORE_HIC:HIC:HICPRO:HICPRO_MAPPING:BOWTIE2_ALIGN_TRIMMED (DTB-008-BL); status: RUNNING; exit: -; error: -; workDir: /scratch/g/vjin/Yu/hic_pipeline/work_batch_DTB-008-BL/dc/c90a8f29b0e683f74cab41f5ec0d67 started: 1788314378779; exited: -; ]
Sep-01 21:26:58.821 [Task monitor] DEBUG n.processor.TaskPollingMonitor - !! executor slurm > tasks to be completed: 2 -- submitted tasks are shown below
~> TaskHandler[jobId: 7511900; id: 10; name: NFCORE_HIC:HIC:HICPRO:HICPRO_MAPPING:TRIM_READS (DTB-008-BL); status: RUNNING; exit: -; error: -; workDir: /scratch/g/vjin/Yu/hic_pipeline/work_batch_DTB-008-BL/df/ee4b6d1adc25229bc950c66cda4d01 started: 1788306143305; exited: -; ]
~> TaskHandler[jobId: 7511997; id: 11; name: NFCORE_HIC:HIC:HICPRO:HICPRO_MAPPING:BOWTIE2_ALIGN_TRIMMED (DTB-008-BL); status: RUNNING; exit: -; error: -; workDir: /scratch/g/vjin/Yu/hic_pipeline/work_batch_DTB-008-BL/dc/c90a8f29b0e683f74cab41f5ec0d67 started: 1788314378779; exited: -; ]
Sep-01 21:31:58.835 [Task monitor] DEBUG n.processor.TaskPollingMonitor - !! executor slurm > tasks to be completed: 2 -- submitted tasks are shown below
~> TaskHandler[jobId: 7511900; id: 10; name: NFCORE_HIC:HIC:HICPRO:HICPRO_MAPPING:TRIM_READS (DTB-008-BL); status: RUNNING; exit: -; error: -; workDir: /scratch/g/vjin/Yu/hic_pipeline/work_batch_DTB-008-BL/df/ee4b6d1adc25229bc950c66cda4d01 started: 1788306143305; exited: -; ]
~> TaskHandler[jobId: 7511997; id: 11; name: NFCORE_HIC:HIC:HICPRO:HICPRO_MAPPING:BOWTIE2_ALIGN_TRIMMED (DTB-008-BL); status: RUNNING; exit: -; error: -; workDir: /scratch/g/vjin/Yu/hic_pipeline/work_batch_DTB-008-BL/dc/c90a8f29b0e683f74cab41f5ec0d67 started: 1788314378779; exited: -; ]
Sep-01 21:35:13.843 [Task monitor] DEBUG n.processor.TaskPollingMonitor - Task completed > TaskHandler[jobId: 7511900; id: 10; name: NFCORE_HIC:HIC:HICPRO:HICPRO_MAPPING:TRIM_READS (DTB-008-BL); status: COMPLETED; exit: 0; error: -; workDir: /scratch/g/vjin/Yu/hic_pipeline/work_batch_DTB-008-BL/df/ee4b6d1adc25229bc950c66cda4d01 started: 1788306143305; exited: 2026-09-02T02:35:12.068201577Z; ]
Sep-01 21:35:13.971 [Task submitter] DEBUG nextflow.executor.GridTaskHandler - [SLURM] submitted process NFCORE_HIC:HIC:HICPRO:HICPRO_MAPPING:BOWTIE2_ALIGN_TRIMMED (DTB-008-BL) > jobId: 7512065; workDir: /scratch/g/vjin/Yu/hic_pipeline/work_batch_DTB-008-BL/7d/ca986f783d219df02d35ac3796d32c
Sep-01 21:35:13.971 [Task submitter] INFO  nextflow.Session - [7d/ca986f] Submitted process > NFCORE_HIC:HIC:HICPRO:HICPRO_MAPPING:BOWTIE2_ALIGN_TRIMMED (DTB-008-BL)
Sep-01 21:36:58.847 [Task monitor] DEBUG n.processor.TaskPollingMonitor - !! executor slurm > tasks to be completed: 2 -- submitted tasks are shown below
~> TaskHandler[jobId: 7511997; id: 11; name: NFCORE_HIC:HIC:HICPRO:HICPRO_MAPPING:BOWTIE2_ALIGN_TRIMMED (DTB-008-BL); status: RUNNING; exit: -; error: -; workDir: /scratch/g/vjin/Yu/hic_pipeline/work_batch_DTB-008-BL/dc/c90a8f29b0e683f74cab41f5ec0d67 started: 1788314378779; exited: -; ]
~> TaskHandler[jobId: 7512065; id: 12; name: NFCORE_HIC:HIC:HICPRO:HICPRO_MAPPING:BOWTIE2_ALIGN_TRIMMED (DTB-008-BL); status: RUNNING; exit: -; error: -; workDir: /scratch/g/vjin/Yu/hic_pipeline/work_batch_DTB-008-BL/7d/ca986f783d219df02d35ac3796d32c started: 1788316548867; exited: -; ]
Sep-01 21:41:58.857 [Task monitor] DEBUG n.processor.TaskPollingMonitor - !! executor slurm > tasks to be completed: 2 -- submitted tasks are shown below
~> TaskHandler[jobId: 7511997; id: 11; name: NFCORE_HIC:HIC:HICPRO:HICPRO_MAPPING:BOWTIE2_ALIGN_TRIMMED (DTB-008-BL); status: RUNNING; exit: -; error: -; workDir: /scratch/g/vjin/Yu/hic_pipeline/work_batch_DTB-008-BL/dc/c90a8f29b0e683f74cab41f5ec0d67 started: 1788314378779; exited: -; ]
~> TaskHandler[jobId: 7512065; id: 12; name: NFCORE_HIC:HIC:HICPRO:HICPRO_MAPPING:BOWTIE2_ALIGN_TRIMMED (DTB-008-BL); status: RUNNING; exit: -; error: -; workDir: /scratch/g/vjin/Yu/hic_pipeline/work_batch_DTB-008-BL/7d/ca986f783d219df02d35ac3796d32c started: 1788316548867; exited: -; ]
Sep-01 21:46:58.867 [Task monitor] DEBUG n.processor.TaskPollingMonitor - !! executor slurm > tasks to be completed: 2 -- submitted tasks are shown below
~> TaskHandler[jobId: 7511997; id: 11; name: NFCORE_HIC:HIC:HICPRO:HICPRO_MAPPING:BOWTIE2_ALIGN_TRIMMED (DTB-008-BL); status: RUNNING; exit: -; error: -; workDir: /scratch/g/vjin/Yu/hic_pipeline/work_batch_DTB-008-BL/dc/c90a8f29b0e683f74cab41f5ec0d67 started: 1788314378779; exited: -; ]
~> TaskHandler[jobId: 7512065; id: 12; name: NFCORE_HIC:HIC:HICPRO:HICPRO_MAPPING:BOWTIE2_ALIGN_TRIMMED (DTB-008-BL); status: RUNNING; exit: -; error: -; workDir: /scratch/g/vjin/Yu/hic_pipeline/work_batch_DTB-008-BL/7d/ca986f783d219df02d35ac3796d32c started: 1788316548867; exited: -; ]
Sep-01 21:51:58.879 [Task monitor] DEBUG n.processor.TaskPollingMonitor - !! executor slurm > tasks to be completed: 2 -- submitted tasks are shown below
~> TaskHandler[jobId: 7511997; id: 11; name: NFCORE_HIC:HIC:HICPRO:HICPRO_MAPPING:BOWTIE2_ALIGN_TRIMMED (DTB-008-BL); status: RUNNING; exit: -; error: -; workDir: /scratch/g/vjin/Yu/hic_pipeline/work_batch_DTB-008-BL/dc/c90a8f29b0e683f74cab41f5ec0d67 started: 1788314378779; exited: -; ]
~> TaskHandler[jobId: 7512065; id: 12; name: NFCORE_HIC:HIC:HICPRO:HICPRO_MAPPING:BOWTIE2_ALIGN_TRIMMED (DTB-008-BL); status: RUNNING; exit: -; error: -; workDir: /scratch/g/vjin/Yu/hic_pipeline/work_batch_DTB-008-BL/7d/ca986f783d219df02d35ac3796d32c started: 1788316548867; exited: -; ]
Sep-01 21:56:58.892 [Task monitor] DEBUG n.processor.TaskPollingMonitor - !! executor slurm > tasks to be completed: 2 -- submitted tasks are shown below
~> TaskHandler[jobId: 7511997; id: 11; name: NFCORE_HIC:HIC:HICPRO:HICPRO_MAPPING:BOWTIE2_ALIGN_TRIMMED (DTB-008-BL); status: RUNNING; exit: -; error: -; workDir: /scratch/g/vjin/Yu/hic_pipeline/work_batch_DTB-008-BL/dc/c90a8f29b0e683f74cab41f5ec0d67 started: 1788314378779; exited: -; ]
~> TaskHandler[jobId: 7512065; id: 12; name: NFCORE_HIC:HIC:HICPRO:HICPRO_MAPPING:BOWTIE2_ALIGN_TRIMMED (DTB-008-BL); status: RUNNING; exit: -; error: -; workDir: /scratch/g/vjin/Yu/hic_pipeline/work_batch_DTB-008-BL/7d/ca986f783d219df02d35ac3796d32c started: 1788316548867; exited: -; ]
Sep-01 22:01:58.900 [Task monitor] DEBUG n.processor.TaskPollingMonitor - !! executor slurm > tasks to be completed: 2 -- submitted tasks are shown below
~> TaskHandler[jobId: 7511997; id: 11; name: NFCORE_HIC:HIC:HICPRO:HICPRO_MAPPING:BOWTIE2_ALIGN_TRIMMED (DTB-008-BL); status: RUNNING; exit: -; error: -; workDir: /scratch/g/vjin/Yu/hic_pipeline/work_batch_DTB-008-BL/dc/c90a8f29b0e683f74cab41f5ec0d67 started: 1788314378779; exited: -; ]
~> TaskHandler[jobId: 7512065; id: 12; name: NFCORE_HIC:HIC:HICPRO:HICPRO_MAPPING:BOWTIE2_ALIGN_TRIMMED (DTB-008-BL); status: RUNNING; exit: -; error: -; workDir: /scratch/g/vjin/Yu/hic_pipeline/work_batch_DTB-008-BL/7d/ca986f783d219df02d35ac3796d32c started: 1788316548867; exited: -; ]
Sep-01 22:06:58.910 [Task monitor] DEBUG n.processor.TaskPollingMonitor - !! executor slurm > tasks to be completed: 2 -- submitted tasks are shown below
~> TaskHandler[jobId: 7511997; id: 11; name: NFCORE_HIC:HIC:HICPRO:HICPRO_MAPPING:BOWTIE2_ALIGN_TRIMMED (DTB-008-BL); status: RUNNING; exit: -; error: -; workDir: /scratch/g/vjin/Yu/hic_pipeline/work_batch_DTB-008-BL/dc/c90a8f29b0e683f74cab41f5ec0d67 started: 1788314378779; exited: -; ]
~> TaskHandler[jobId: 7512065; id: 12; name: NFCORE_HIC:HIC:HICPRO:HICPRO_MAPPING:BOWTIE2_ALIGN_TRIMMED (DTB-008-BL); status: RUNNING; exit: -; error: -; workDir: /scratch/g/vjin/Yu/hic_pipeline/work_batch_DTB-008-BL/7d/ca986f783d219df02d35ac3796d32c started: 1788316548867; exited: -; ]
Sep-01 22:11:58.920 [Task monitor] DEBUG n.processor.TaskPollingMonitor - !! executor slurm > tasks to be completed: 2 -- submitted tasks are shown below
~> TaskHandler[jobId: 7511997; id: 11; name: NFCORE_HIC:HIC:HICPRO:HICPRO_MAPPING:BOWTIE2_ALIGN_TRIMMED (DTB-008-BL); status: RUNNING; exit: -; error: -; workDir: /scratch/g/vjin/Yu/hic_pipeline/work_batch_DTB-008-BL/dc/c90a8f29b0e683f74cab41f5ec0d67 started: 1788314378779; exited: -; ]
~> TaskHandler[jobId: 7512065; id: 12; name: NFCORE_HIC:HIC:HICPRO:HICPRO_MAPPING:BOWTIE2_ALIGN_TRIMMED (DTB-008-BL); status: RUNNING; exit: -; error: -; workDir: /scratch/g/vjin/Yu/hic_pipeline/work_batch_DTB-008-BL/7d/ca986f783d219df02d35ac3796d32c started: 1788316548867; exited: -; ]
Sep-01 22:16:58.931 [Task monitor] DEBUG n.processor.TaskPollingMonitor - !! executor slurm > tasks to be completed: 2 -- submitted tasks are shown below
~> TaskHandler[jobId: 7511997; id: 11; name: NFCORE_HIC:HIC:HICPRO:HICPRO_MAPPING:BOWTIE2_ALIGN_TRIMMED (DTB-008-BL); status: RUNNING; exit: -; error: -; workDir: /scratch/g/vjin/Yu/hic_pipeline/work_batch_DTB-008-BL/dc/c90a8f29b0e683f74cab41f5ec0d67 started: 1788314378779; exited: -; ]
~> TaskHandler[jobId: 7512065; id: 12; name: NFCORE_HIC:HIC:HICPRO:HICPRO_MAPPING:BOWTIE2_ALIGN_TRIMMED (DTB-008-BL); status: RUNNING; exit: -; error: -; workDir: /scratch/g/vjin/Yu/hic_pipeline/work_batch_DTB-008-BL/7d/ca986f783d219df02d35ac3796d32c started: 1788316548867; exited: -; ]
Sep-01 22:21:58.943 [Task monitor] DEBUG n.processor.TaskPollingMonitor - !! executor slurm > tasks to be completed: 2 -- submitted tasks are shown below
~> TaskHandler[jobId: 7511997; id: 11; name: NFCORE_HIC:HIC:HICPRO:HICPRO_MAPPING:BOWTIE2_ALIGN_TRIMMED (DTB-008-BL); status: RUNNING; exit: -; error: -; workDir: /scratch/g/vjin/Yu/hic_pipeline/work_batch_DTB-008-BL/dc/c90a8f29b0e683f74cab41f5ec0d67 started: 1788314378779; exited: -; ]
~> TaskHandler[jobId: 7512065; id: 12; name: NFCORE_HIC:HIC:HICPRO:HICPRO_MAPPING:BOWTIE2_ALIGN_TRIMMED (DTB-008-BL); status: RUNNING; exit: -; error: -; workDir: /scratch/g/vjin/Yu/hic_pipeline/work_batch_DTB-008-BL/7d/ca986f783d219df02d35ac3796d32c started: 1788316548867; exited: -; ]
Sep-01 22:26:58.954 [Task monitor] DEBUG n.processor.TaskPollingMonitor - !! executor slurm > tasks to be completed: 2 -- submitted tasks are shown below
~> TaskHandler[jobId: 7511997; id: 11; name: NFCORE_HIC:HIC:HICPRO:HICPRO_MAPPING:BOWTIE2_ALIGN_TRIMMED (DTB-008-BL); status: RUNNING; exit: -; error: -; workDir: /scratch/g/vjin/Yu/hic_pipeline/work_batch_DTB-008-BL/dc/c90a8f29b0e683f74cab41f5ec0d67 started: 1788314378779; exited: -; ]
~> TaskHandler[jobId: 7512065; id: 12; name: NFCORE_HIC:HIC:HICPRO:HICPRO_MAPPING:BOWTIE2_ALIGN_TRIMMED (DTB-008-BL); status: RUNNING; exit: -; error: -; workDir: /scratch/g/vjin/Yu/hic_pipeline/work_batch_DTB-008-BL/7d/ca986f783d219df02d35ac3796d32c started: 1788316548867; exited: -; ]
Sep-01 22:31:58.961 [Task monitor] DEBUG n.processor.TaskPollingMonitor - !! executor slurm > tasks to be completed: 2 -- submitted tasks are shown below
~> TaskHandler[jobId: 7511997; id: 11; name: NFCORE_HIC:HIC:HICPRO:HICPRO_MAPPING:BOWTIE2_ALIGN_TRIMMED (DTB-008-BL); status: RUNNING; exit: -; error: -; workDir: /scratch/g/vjin/Yu/hic_pipeline/work_batch_DTB-008-BL/dc/c90a8f29b0e683f74cab41f5ec0d67 started: 1788314378779; exited: -; ]
~> TaskHandler[jobId: 7512065; id: 12; name: NFCORE_HIC:HIC:HICPRO:HICPRO_MAPPING:BOWTIE2_ALIGN_TRIMMED (DTB-008-BL); status: RUNNING; exit: -; error: -; workDir: /scratch/g/vjin/Yu/hic_pipeline/work_batch_DTB-008-BL/7d/ca986f783d219df02d35ac3796d32c started: 1788316548867; exited: -; ]
Sep-01 22:36:58.967 [Task monitor] DEBUG n.processor.TaskPollingMonitor - !! executor slurm > tasks to be completed: 2 -- submitted tasks are shown below
~> TaskHandler[jobId: 7511997; id: 11; name: NFCORE_HIC:HIC:HICPRO:HICPRO_MAPPING:BOWTIE2_ALIGN_TRIMMED (DTB-008-BL); status: RUNNING; exit: -; error: -; workDir: /scratch/g/vjin/Yu/hic_pipeline/work_batch_DTB-008-BL/dc/c90a8f29b0e683f74cab41f5ec0d67 started: 1788314378779; exited: -; ]
~> TaskHandler[jobId: 7512065; id: 12; name: NFCORE_HIC:HIC:HICPRO:HICPRO_MAPPING:BOWTIE2_ALIGN_TRIMMED (DTB-008-BL); status: RUNNING; exit: -; error: -; workDir: /scratch/g/vjin/Yu/hic_pipeline/work_batch_DTB-008-BL/7d/ca986f783d219df02d35ac3796d32c started: 1788316548867; exited: -; ]
Sep-01 22:41:58.975 [Task monitor] DEBUG n.processor.TaskPollingMonitor - !! executor slurm > tasks to be completed: 2 -- submitted tasks are shown below
~> TaskHandler[jobId: 7511997; id: 11; name: NFCORE_HIC:HIC:HICPRO:HICPRO_MAPPING:BOWTIE2_ALIGN_TRIMMED (DTB-008-BL); status: RUNNING; exit: -; error: -; workDir: /scratch/g/vjin/Yu/hic_pipeline/work_batch_DTB-008-BL/dc/c90a8f29b0e683f74cab41f5ec0d67 started: 1788314378779; exited: -; ]
~> TaskHandler[jobId: 7512065; id: 12; name: NFCORE_HIC:HIC:HICPRO:HICPRO_MAPPING:BOWTIE2_ALIGN_TRIMMED (DTB-008-BL); status: RUNNING; exit: -; error: -; workDir: /scratch/g/vjin/Yu/hic_pipeline/work_batch_DTB-008-BL/7d/ca986f783d219df02d35ac3796d32c started: 1788316548867; exited: -; ]
Sep-01 22:46:58.989 [Task monitor] DEBUG n.processor.TaskPollingMonitor - !! executor slurm > tasks to be completed: 2 -- submitted tasks are shown below
~> TaskHandler[jobId: 7511997; id: 11; name: NFCORE_HIC:HIC:HICPRO:HICPRO_MAPPING:BOWTIE2_ALIGN_TRIMMED (DTB-008-BL); status: RUNNING; exit: -; error: -; workDir: /scratch/g/vjin/Yu/hic_pipeline/work_batch_DTB-008-BL/dc/c90a8f29b0e683f74cab41f5ec0d67 started: 1788314378779; exited: -; ]
~> TaskHandler[jobId: 7512065; id: 12; name: NFCORE_HIC:HIC:HICPRO:HICPRO_MAPPING:BOWTIE2_ALIGN_TRIMMED (DTB-008-BL); status: RUNNING; exit: -; error: -; workDir: /scratch/g/vjin/Yu/hic_pipeline/work_batch_DTB-008-BL/7d/ca986f783d219df02d35ac3796d32c started: 1788316548867; exited: -; ]
Sep-01 22:51:59.004 [Task monitor] DEBUG n.processor.TaskPollingMonitor - !! executor slurm > tasks to be completed: 2 -- submitted tasks are shown below
~> TaskHandler[jobId: 7511997; id: 11; name: NFCORE_HIC:HIC:HICPRO:HICPRO_MAPPING:BOWTIE2_ALIGN_TRIMMED (DTB-008-BL); status: RUNNING; exit: -; error: -; workDir: /scratch/g/vjin/Yu/hic_pipeline/work_batch_DTB-008-BL/dc/c90a8f29b0e683f74cab41f5ec0d67 started: 1788314378779; exited: -; ]
~> TaskHandler[jobId: 7512065; id: 12; name: NFCORE_HIC:HIC:HICPRO:HICPRO_MAPPING:BOWTIE2_ALIGN_TRIMMED (DTB-008-BL); status: RUNNING; exit: -; error: -; workDir: /scratch/g/vjin/Yu/hic_pipeline/work_batch_DTB-008-BL/7d/ca986f783d219df02d35ac3796d32c started: 1788316548867; exited: -; ]
Sep-01 22:56:59.016 [Task monitor] DEBUG n.processor.TaskPollingMonitor - !! executor slurm > tasks to be completed: 2 -- submitted tasks are shown below
~> TaskHandler[jobId: 7511997; id: 11; name: NFCORE_HIC:HIC:HICPRO:HICPRO_MAPPING:BOWTIE2_ALIGN_TRIMMED (DTB-008-BL); status: RUNNING; exit: -; error: -; workDir: /scratch/g/vjin/Yu/hic_pipeline/work_batch_DTB-008-BL/dc/c90a8f29b0e683f74cab41f5ec0d67 started: 1788314378779; exited: -; ]
~> TaskHandler[jobId: 7512065; id: 12; name: NFCORE_HIC:HIC:HICPRO:HICPRO_MAPPING:BOWTIE2_ALIGN_TRIMMED (DTB-008-BL); status: RUNNING; exit: -; error: -; workDir: /scratch/g/vjin/Yu/hic_pipeline/work_batch_DTB-008-BL/7d/ca986f783d219df02d35ac3796d32c started: 1788316548867; exited: -; ]
Sep-01 23:01:59.028 [Task monitor] DEBUG n.processor.TaskPollingMonitor - !! executor slurm > tasks to be completed: 2 -- submitted tasks are shown below
~> TaskHandler[jobId: 7511997; id: 11; name: NFCORE_HIC:HIC:HICPRO:HICPRO_MAPPING:BOWTIE2_ALIGN_TRIMMED (DTB-008-BL); status: RUNNING; exit: -; error: -; workDir: /scratch/g/vjin/Yu/hic_pipeline/work_batch_DTB-008-BL/dc/c90a8f29b0e683f74cab41f5ec0d67 started: 1788314378779; exited: -; ]
~> TaskHandler[jobId: 7512065; id: 12; name: NFCORE_HIC:HIC:HICPRO:HICPRO_MAPPING:BOWTIE2_ALIGN_TRIMMED (DTB-008-BL); status: RUNNING; exit: -; error: -; workDir: /scratch/g/vjin/Yu/hic_pipeline/work_batch_DTB-008-BL/7d/ca986f783d219df02d35ac3796d32c started: 1788316548867; exited: -; ]
Sep-01 23:06:59.042 [Task monitor] DEBUG n.processor.TaskPollingMonitor - !! executor slurm > tasks to be completed: 2 -- submitted tasks are shown below
~> TaskHandler[jobId: 7511997; id: 11; name: NFCORE_HIC:HIC:HICPRO:HICPRO_MAPPING:BOWTIE2_ALIGN_TRIMMED (DTB-008-BL); status: RUNNING; exit: -; error: -; workDir: /scratch/g/vjin/Yu/hic_pipeline/work_batch_DTB-008-BL/dc/c90a8f29b0e683f74cab41f5ec0d67 started: 1788314378779; exited: -; ]
~> TaskHandler[jobId: 7512065; id: 12; name: NFCORE_HIC:HIC:HICPRO:HICPRO_MAPPING:BOWTIE2_ALIGN_TRIMMED (DTB-008-BL); status: RUNNING; exit: -; error: -; workDir: /scratch/g/vjin/Yu/hic_pipeline/work_batch_DTB-008-BL/7d/ca986f783d219df02d35ac3796d32c started: 1788316548867; exited: -; ]
Sep-01 23:11:59.053 [Task monitor] DEBUG n.processor.TaskPollingMonitor - !! executor slurm > tasks to be completed: 2 -- submitted tasks are shown below
~> TaskHandler[jobId: 7511997; id: 11; name: NFCORE_HIC:HIC:HICPRO:HICPRO_MAPPING:BOWTIE2_ALIGN_TRIMMED (DTB-008-BL); status: RUNNING; exit: -; error: -; workDir: /scratch/g/vjin/Yu/hic_pipeline/work_batch_DTB-008-BL/dc/c90a8f29b0e683f74cab41f5ec0d67 started: 1788314378779; exited: -; ]
~> TaskHandler[jobId: 7512065; id: 12; name: NFCORE_HIC:HIC:HICPRO:HICPRO_MAPPING:BOWTIE2_ALIGN_TRIMMED (DTB-008-BL); status: RUNNING; exit: -; error: -; workDir: /scratch/g/vjin/Yu/hic_pipeline/work_batch_DTB-008-BL/7d/ca986f783d219df02d35ac3796d32c started: 1788316548867; exited: -; ]
Sep-01 23:16:59.066 [Task monitor] DEBUG n.processor.TaskPollingMonitor - !! executor slurm > tasks to be completed: 2 -- submitted tasks are shown below
~> TaskHandler[jobId: 7511997; id: 11; name: NFCORE_HIC:HIC:HICPRO:HICPRO_MAPPING:BOWTIE2_ALIGN_TRIMMED (DTB-008-BL); status: RUNNING; exit: -; error: -; workDir: /scratch/g/vjin/Yu/hic_pipeline/work_batch_DTB-008-BL/dc/c90a8f29b0e683f74cab41f5ec0d67 started: 1788314378779; exited: -; ]
~> TaskHandler[jobId: 7512065; id: 12; name: NFCORE_HIC:HIC:HICPRO:HICPRO_MAPPING:BOWTIE2_ALIGN_TRIMMED (DTB-008-BL); status: RUNNING; exit: -; error: -; workDir: /scratch/g/vjin/Yu/hic_pipeline/work_batch_DTB-008-BL/7d/ca986f783d219df02d35ac3796d32c started: 1788316548867; exited: -; ]
Sep-01 23:21:59.078 [Task monitor] DEBUG n.processor.TaskPollingMonitor - !! executor slurm > tasks to be completed: 2 -- submitted tasks are shown below
~> TaskHandler[jobId: 7511997; id: 11; name: NFCORE_HIC:HIC:HICPRO:HICPRO_MAPPING:BOWTIE2_ALIGN_TRIMMED (DTB-008-BL); status: RUNNING; exit: -; error: -; workDir: /scratch/g/vjin/Yu/hic_pipeline/work_batch_DTB-008-BL/dc/c90a8f29b0e683f74cab41f5ec0d67 started: 1788314378779; exited: -; ]
~> TaskHandler[jobId: 7512065; id: 12; name: NFCORE_HIC:HIC:HICPRO:HICPRO_MAPPING:BOWTIE2_ALIGN_TRIMMED (DTB-008-BL); status: RUNNING; exit: -; error: -; workDir: /scratch/g/vjin/Yu/hic_pipeline/work_batch_DTB-008-BL/7d/ca986f783d219df02d35ac3796d32c started: 1788316548867; exited: -; ]
Sep-01 23:26:59.086 [Task monitor] DEBUG n.processor.TaskPollingMonitor - !! executor slurm > tasks to be completed: 2 -- submitted tasks are shown below
~> TaskHandler[jobId: 7511997; id: 11; name: NFCORE_HIC:HIC:HICPRO:HICPRO_MAPPING:BOWTIE2_ALIGN_TRIMMED (DTB-008-BL); status: RUNNING; exit: -; error: -; workDir: /scratch/g/vjin/Yu/hic_pipeline/work_batch_DTB-008-BL/dc/c90a8f29b0e683f74cab41f5ec0d67 started: 1788314378779; exited: -; ]
~> TaskHandler[jobId: 7512065; id: 12; name: NFCORE_HIC:HIC:HICPRO:HICPRO_MAPPING:BOWTIE2_ALIGN_TRIMMED (DTB-008-BL); status: RUNNING; exit: -; error: -; workDir: /scratch/g/vjin/Yu/hic_pipeline/work_batch_DTB-008-BL/7d/ca986f783d219df02d35ac3796d32c started: 1788316548867; exited: -; ]
Sep-01 23:31:59.094 [Task monitor] DEBUG n.processor.TaskPollingMonitor - !! executor slurm > tasks to be completed: 2 -- submitted tasks are shown below
~> TaskHandler[jobId: 7511997; id: 11; name: NFCORE_HIC:HIC:HICPRO:HICPRO_MAPPING:BOWTIE2_ALIGN_TRIMMED (DTB-008-BL); status: RUNNING; exit: -; error: -; workDir: /scratch/g/vjin/Yu/hic_pipeline/work_batch_DTB-008-BL/dc/c90a8f29b0e683f74cab41f5ec0d67 started: 1788314378779; exited: -; ]
~> TaskHandler[jobId: 7512065; id: 12; name: NFCORE_HIC:HIC:HICPRO:HICPRO_MAPPING:BOWTIE2_ALIGN_TRIMMED (DTB-008-BL); status: RUNNING; exit: -; error: -; workDir: /scratch/g/vjin/Yu/hic_pipeline/work_batch_DTB-008-BL/7d/ca986f783d219df02d35ac3796d32c started: 1788316548867; exited: -; ]
Sep-01 23:36:59.106 [Task monitor] DEBUG n.processor.TaskPollingMonitor - !! executor slurm > tasks to be completed: 2 -- submitted tasks are shown below
~> TaskHandler[jobId: 7511997; id: 11; name: NFCORE_HIC:HIC:HICPRO:HICPRO_MAPPING:BOWTIE2_ALIGN_TRIMMED (DTB-008-BL); status: RUNNING; exit: -; error: -; workDir: /scratch/g/vjin/Yu/hic_pipeline/work_batch_DTB-008-BL/dc/c90a8f29b0e683f74cab41f5ec0d67 started: 1788314378779; exited: -; ]
~> TaskHandler[jobId: 7512065; id: 12; name: NFCORE_HIC:HIC:HICPRO:HICPRO_MAPPING:BOWTIE2_ALIGN_TRIMMED (DTB-008-BL); status: RUNNING; exit: -; error: -; workDir: /scratch/g/vjin/Yu/hic_pipeline/work_batch_DTB-008-BL/7d/ca986f783d219df02d35ac3796d32c started: 1788316548867; exited: -; ]
Sep-01 23:41:59.116 [Task monitor] DEBUG n.processor.TaskPollingMonitor - !! executor slurm > tasks to be completed: 2 -- submitted tasks are shown below
~> TaskHandler[jobId: 7511997; id: 11; name: NFCORE_HIC:HIC:HICPRO:HICPRO_MAPPING:BOWTIE2_ALIGN_TRIMMED (DTB-008-BL); status: RUNNING; exit: -; error: -; workDir: /scratch/g/vjin/Yu/hic_pipeline/work_batch_DTB-008-BL/dc/c90a8f29b0e683f74cab41f5ec0d67 started: 1788314378779; exited: -; ]
~> TaskHandler[jobId: 7512065; id: 12; name: NFCORE_HIC:HIC:HICPRO:HICPRO_MAPPING:BOWTIE2_ALIGN_TRIMMED (DTB-008-BL); status: RUNNING; exit: -; error: -; workDir: /scratch/g/vjin/Yu/hic_pipeline/work_batch_DTB-008-BL/7d/ca986f783d219df02d35ac3796d32c started: 1788316548867; exited: -; ]
Sep-01 23:46:59.126 [Task monitor] DEBUG n.processor.TaskPollingMonitor - !! executor slurm > tasks to be completed: 2 -- submitted tasks are shown below
~> TaskHandler[jobId: 7511997; id: 11; name: NFCORE_HIC:HIC:HICPRO:HICPRO_MAPPING:BOWTIE2_ALIGN_TRIMMED (DTB-008-BL); status: RUNNING; exit: -; error: -; workDir: /scratch/g/vjin/Yu/hic_pipeline/work_batch_DTB-008-BL/dc/c90a8f29b0e683f74cab41f5ec0d67 started: 1788314378779; exited: -; ]
~> TaskHandler[jobId: 7512065; id: 12; name: NFCORE_HIC:HIC:HICPRO:HICPRO_MAPPING:BOWTIE2_ALIGN_TRIMMED (DTB-008-BL); status: RUNNING; exit: -; error: -; workDir: /scratch/g/vjin/Yu/hic_pipeline/work_batch_DTB-008-BL/7d/ca986f783d219df02d35ac3796d32c started: 1788316548867; exited: -; ]
Sep-01 23:51:59.138 [Task monitor] DEBUG n.processor.TaskPollingMonitor - !! executor slurm > tasks to be completed: 2 -- submitted tasks are shown below
~> TaskHandler[jobId: 7511997; id: 11; name: NFCORE_HIC:HIC:HICPRO:HICPRO_MAPPING:BOWTIE2_ALIGN_TRIMMED (DTB-008-BL); status: RUNNING; exit: -; error: -; workDir: /scratch/g/vjin/Yu/hic_pipeline/work_batch_DTB-008-BL/dc/c90a8f29b0e683f74cab41f5ec0d67 started: 1788314378779; exited: -; ]
~> TaskHandler[jobId: 7512065; id: 12; name: NFCORE_HIC:HIC:HICPRO:HICPRO_MAPPING:BOWTIE2_ALIGN_TRIMMED (DTB-008-BL); status: RUNNING; exit: -; error: -; workDir: /scratch/g/vjin/Yu/hic_pipeline/work_batch_DTB-008-BL/7d/ca986f783d219df02d35ac3796d32c started: 1788316548867; exited: -; ]
Sep-01 23:56:59.150 [Task monitor] DEBUG n.processor.TaskPollingMonitor - !! executor slurm > tasks to be completed: 2 -- submitted tasks are shown below
~> TaskHandler[jobId: 7511997; id: 11; name: NFCORE_HIC:HIC:HICPRO:HICPRO_MAPPING:BOWTIE2_ALIGN_TRIMMED (DTB-008-BL); status: RUNNING; exit: -; error: -; workDir: /scratch/g/vjin/Yu/hic_pipeline/work_batch_DTB-008-BL/dc/c90a8f29b0e683f74cab41f5ec0d67 started: 1788314378779; exited: -; ]
~> TaskHandler[jobId: 7512065; id: 12; name: NFCORE_HIC:HIC:HICPRO:HICPRO_MAPPING:BOWTIE2_ALIGN_TRIMMED (DTB-008-BL); status: RUNNING; exit: -; error: -; workDir: /scratch/g/vjin/Yu/hic_pipeline/work_batch_DTB-008-BL/7d/ca986f783d219df02d35ac3796d32c started: 1788316548867; exited: -; ]
Sep-02 00:01:59.159 [Task monitor] DEBUG n.processor.TaskPollingMonitor - !! executor slurm > tasks to be completed: 2 -- submitted tasks are shown below
~> TaskHandler[jobId: 7511997; id: 11; name: NFCORE_HIC:HIC:HICPRO:HICPRO_MAPPING:BOWTIE2_ALIGN_TRIMMED (DTB-008-BL); status: RUNNING; exit: -; error: -; workDir: /scratch/g/vjin/Yu/hic_pipeline/work_batch_DTB-008-BL/dc/c90a8f29b0e683f74cab41f5ec0d67 started: 1788314378779; exited: -; ]
~> TaskHandler[jobId: 7512065; id: 12; name: NFCORE_HIC:HIC:HICPRO:HICPRO_MAPPING:BOWTIE2_ALIGN_TRIMMED (DTB-008-BL); status: RUNNING; exit: -; error: -; workDir: /scratch/g/vjin/Yu/hic_pipeline/work_batch_DTB-008-BL/7d/ca986f783d219df02d35ac3796d32c started: 1788316548867; exited: -; ]
Sep-02 00:06:59.170 [Task monitor] DEBUG n.processor.TaskPollingMonitor - !! executor slurm > tasks to be completed: 2 -- submitted tasks are shown below
~> TaskHandler[jobId: 7511997; id: 11; name: NFCORE_HIC:HIC:HICPRO:HICPRO_MAPPING:BOWTIE2_ALIGN_TRIMMED (DTB-008-BL); status: RUNNING; exit: -; error: -; workDir: /scratch/g/vjin/Yu/hic_pipeline/work_batch_DTB-008-BL/dc/c90a8f29b0e683f74cab41f5ec0d67 started: 1788314378779; exited: -; ]
~> TaskHandler[jobId: 7512065; id: 12; name: NFCORE_HIC:HIC:HICPRO:HICPRO_MAPPING:BOWTIE2_ALIGN_TRIMMED (DTB-008-BL); status: RUNNING; exit: -; error: -; workDir: /scratch/g/vjin/Yu/hic_pipeline/work_batch_DTB-008-BL/7d/ca986f783d219df02d35ac3796d32c started: 1788316548867; exited: -; ]
Sep-02 00:11:59.176 [Task monitor] DEBUG n.processor.TaskPollingMonitor - !! executor slurm > tasks to be completed: 2 -- submitted tasks are shown below
~> TaskHandler[jobId: 7511997; id: 11; name: NFCORE_HIC:HIC:HICPRO:HICPRO_MAPPING:BOWTIE2_ALIGN_TRIMMED (DTB-008-BL); status: RUNNING; exit: -; error: -; workDir: /scratch/g/vjin/Yu/hic_pipeline/work_batch_DTB-008-BL/dc/c90a8f29b0e683f74cab41f5ec0d67 started: 1788314378779; exited: -; ]
~> TaskHandler[jobId: 7512065; id: 12; name: NFCORE_HIC:HIC:HICPRO:HICPRO_MAPPING:BOWTIE2_ALIGN_TRIMMED (DTB-008-BL); status: RUNNING; exit: -; error: -; workDir: /scratch/g/vjin/Yu/hic_pipeline/work_batch_DTB-008-BL/7d/ca986f783d219df02d35ac3796d32c started: 1788316548867; exited: -; ]
Sep-02 00:16:59.184 [Task monitor] DEBUG n.processor.TaskPollingMonitor - !! executor slurm > tasks to be completed: 2 -- submitted tasks are shown below
~> TaskHandler[jobId: 7511997; id: 11; name: NFCORE_HIC:HIC:HICPRO:HICPRO_MAPPING:BOWTIE2_ALIGN_TRIMMED (DTB-008-BL); status: RUNNING; exit: -; error: -; workDir: /scratch/g/vjin/Yu/hic_pipeline/work_batch_DTB-008-BL/dc/c90a8f29b0e683f74cab41f5ec0d67 started: 1788314378779; exited: -; ]
~> TaskHandler[jobId: 7512065; id: 12; name: NFCORE_HIC:HIC:HICPRO:HICPRO_MAPPING:BOWTIE2_ALIGN_TRIMMED (DTB-008-BL); status: RUNNING; exit: -; error: -; workDir: /scratch/g/vjin/Yu/hic_pipeline/work_batch_DTB-008-BL/7d/ca986f783d219df02d35ac3796d32c started: 1788316548867; exited: -; ]
Sep-02 00:21:59.194 [Task monitor] DEBUG n.processor.TaskPollingMonitor - !! executor slurm > tasks to be completed: 2 -- submitted tasks are shown below
~> TaskHandler[jobId: 7511997; id: 11; name: NFCORE_HIC:HIC:HICPRO:HICPRO_MAPPING:BOWTIE2_ALIGN_TRIMMED (DTB-008-BL); status: RUNNING; exit: -; error: -; workDir: /scratch/g/vjin/Yu/hic_pipeline/work_batch_DTB-008-BL/dc/c90a8f29b0e683f74cab41f5ec0d67 started: 1788314378779; exited: -; ]
~> TaskHandler[jobId: 7512065; id: 12; name: NFCORE_HIC:HIC:HICPRO:HICPRO_MAPPING:BOWTIE2_ALIGN_TRIMMED (DTB-008-BL); status: RUNNING; exit: -; error: -; workDir: /scratch/g/vjin/Yu/hic_pipeline/work_batch_DTB-008-BL/7d/ca986f783d219df02d35ac3796d32c started: 1788316548867; exited: -; ]
Sep-02 00:26:59.208 [Task monitor] DEBUG n.processor.TaskPollingMonitor - !! executor slurm > tasks to be completed: 2 -- submitted tasks are shown below
~> TaskHandler[jobId: 7511997; id: 11; name: NFCORE_HIC:HIC:HICPRO:HICPRO_MAPPING:BOWTIE2_ALIGN_TRIMMED (DTB-008-BL); status: RUNNING; exit: -; error: -; workDir: /scratch/g/vjin/Yu/hic_pipeline/work_batch_DTB-008-BL/dc/c90a8f29b0e683f74cab41f5ec0d67 started: 1788314378779; exited: -; ]
~> TaskHandler[jobId: 7512065; id: 12; name: NFCORE_HIC:HIC:HICPRO:HICPRO_MAPPING:BOWTIE2_ALIGN_TRIMMED (DTB-008-BL); status: RUNNING; exit: -; error: -; workDir: /scratch/g/vjin/Yu/hic_pipeline/work_batch_DTB-008-BL/7d/ca986f783d219df02d35ac3796d32c started: 1788316548867; exited: -; ]
Sep-02 00:31:59.230 [Task monitor] DEBUG n.processor.TaskPollingMonitor - !! executor slurm > tasks to be completed: 2 -- submitted tasks are shown below
~> TaskHandler[jobId: 7511997; id: 11; name: NFCORE_HIC:HIC:HICPRO:HICPRO_MAPPING:BOWTIE2_ALIGN_TRIMMED (DTB-008-BL); status: RUNNING; exit: -; error: -; workDir: /scratch/g/vjin/Yu/hic_pipeline/work_batch_DTB-008-BL/dc/c90a8f29b0e683f74cab41f5ec0d67 started: 1788314378779; exited: -; ]
~> TaskHandler[jobId: 7512065; id: 12; name: NFCORE_HIC:HIC:HICPRO:HICPRO_MAPPING:BOWTIE2_ALIGN_TRIMMED (DTB-008-BL); status: RUNNING; exit: -; error: -; workDir: /scratch/g/vjin/Yu/hic_pipeline/work_batch_DTB-008-BL/7d/ca986f783d219df02d35ac3796d32c started: 1788316548867; exited: -; ]
Sep-02 00:36:59.235 [Task monitor] DEBUG n.processor.TaskPollingMonitor - !! executor slurm > tasks to be completed: 2 -- submitted tasks are shown below
~> TaskHandler[jobId: 7511997; id: 11; name: NFCORE_HIC:HIC:HICPRO:HICPRO_MAPPING:BOWTIE2_ALIGN_TRIMMED (DTB-008-BL); status: RUNNING; exit: -; error: -; workDir: /scratch/g/vjin/Yu/hic_pipeline/work_batch_DTB-008-BL/dc/c90a8f29b0e683f74cab41f5ec0d67 started: 1788314378779; exited: -; ]
~> TaskHandler[jobId: 7512065; id: 12; name: NFCORE_HIC:HIC:HICPRO:HICPRO_MAPPING:BOWTIE2_ALIGN_TRIMMED (DTB-008-BL); status: RUNNING; exit: -; error: -; workDir: /scratch/g/vjin/Yu/hic_pipeline/work_batch_DTB-008-BL/7d/ca986f783d219df02d35ac3796d32c started: 1788316548867; exited: -; ]
Sep-02 00:41:59.247 [Task monitor] DEBUG n.processor.TaskPollingMonitor - !! executor slurm > tasks to be completed: 2 -- submitted tasks are shown below
~> TaskHandler[jobId: 7511997; id: 11; name: NFCORE_HIC:HIC:HICPRO:HICPRO_MAPPING:BOWTIE2_ALIGN_TRIMMED (DTB-008-BL); status: RUNNING; exit: -; error: -; workDir: /scratch/g/vjin/Yu/hic_pipeline/work_batch_DTB-008-BL/dc/c90a8f29b0e683f74cab41f5ec0d67 started: 1788314378779; exited: -; ]
~> TaskHandler[jobId: 7512065; id: 12; name: NFCORE_HIC:HIC:HICPRO:HICPRO_MAPPING:BOWTIE2_ALIGN_TRIMMED (DTB-008-BL); status: RUNNING; exit: -; error: -; workDir: /scratch/g/vjin/Yu/hic_pipeline/work_batch_DTB-008-BL/7d/ca986f783d219df02d35ac3796d32c started: 1788316548867; exited: -; ]
Sep-02 00:46:59.261 [Task monitor] DEBUG n.processor.TaskPollingMonitor - !! executor slurm > tasks to be completed: 2 -- submitted tasks are shown below
~> TaskHandler[jobId: 7511997; id: 11; name: NFCORE_HIC:HIC:HICPRO:HICPRO_MAPPING:BOWTIE2_ALIGN_TRIMMED (DTB-008-BL); status: RUNNING; exit: -; error: -; workDir: /scratch/g/vjin/Yu/hic_pipeline/work_batch_DTB-008-BL/dc/c90a8f29b0e683f74cab41f5ec0d67 started: 1788314378779; exited: -; ]
~> TaskHandler[jobId: 7512065; id: 12; name: NFCORE_HIC:HIC:HICPRO:HICPRO_MAPPING:BOWTIE2_ALIGN_TRIMMED (DTB-008-BL); status: RUNNING; exit: -; error: -; workDir: /scratch/g/vjin/Yu/hic_pipeline/work_batch_DTB-008-BL/7d/ca986f783d219df02d35ac3796d32c started: 1788316548867; exited: -; ]
Sep-02 00:51:59.269 [Task monitor] DEBUG n.processor.TaskPollingMonitor - !! executor slurm > tasks to be completed: 2 -- submitted tasks are shown below
~> TaskHandler[jobId: 7511997; id: 11; name: NFCORE_HIC:HIC:HICPRO:HICPRO_MAPPING:BOWTIE2_ALIGN_TRIMMED (DTB-008-BL); status: RUNNING; exit: -; error: -; workDir: /scratch/g/vjin/Yu/hic_pipeline/work_batch_DTB-008-BL/dc/c90a8f29b0e683f74cab41f5ec0d67 started: 1788314378779; exited: -; ]
~> TaskHandler[jobId: 7512065; id: 12; name: NFCORE_HIC:HIC:HICPRO:HICPRO_MAPPING:BOWTIE2_ALIGN_TRIMMED (DTB-008-BL); status: RUNNING; exit: -; error: -; workDir: /scratch/g/vjin/Yu/hic_pipeline/work_batch_DTB-008-BL/7d/ca986f783d219df02d35ac3796d32c started: 1788316548867; exited: -; ]
Sep-02 00:56:59.304 [Task monitor] DEBUG n.processor.TaskPollingMonitor - !! executor slurm > tasks to be completed: 2 -- submitted tasks are shown below
~> TaskHandler[jobId: 7511997; id: 11; name: NFCORE_HIC:HIC:HICPRO:HICPRO_MAPPING:BOWTIE2_ALIGN_TRIMMED (DTB-008-BL); status: RUNNING; exit: -; error: -; workDir: /scratch/g/vjin/Yu/hic_pipeline/work_batch_DTB-008-BL/dc/c90a8f29b0e683f74cab41f5ec0d67 started: 1788314378779; exited: -; ]
~> TaskHandler[jobId: 7512065; id: 12; name: NFCORE_HIC:HIC:HICPRO:HICPRO_MAPPING:BOWTIE2_ALIGN_TRIMMED (DTB-008-BL); status: RUNNING; exit: -; error: -; workDir: /scratch/g/vjin/Yu/hic_pipeline/work_batch_DTB-008-BL/7d/ca986f783d219df02d35ac3796d32c started: 1788316548867; exited: -; ]
Sep-02 01:01:59.337 [Task monitor] DEBUG n.processor.TaskPollingMonitor - !! executor slurm > tasks to be completed: 2 -- submitted tasks are shown below
~> TaskHandler[jobId: 7511997; id: 11; name: NFCORE_HIC:HIC:HICPRO:HICPRO_MAPPING:BOWTIE2_ALIGN_TRIMMED (DTB-008-BL); status: RUNNING; exit: -; error: -; workDir: /scratch/g/vjin/Yu/hic_pipeline/work_batch_DTB-008-BL/dc/c90a8f29b0e683f74cab41f5ec0d67 started: 1788314378779; exited: -; ]
~> TaskHandler[jobId: 7512065; id: 12; name: NFCORE_HIC:HIC:HICPRO:HICPRO_MAPPING:BOWTIE2_ALIGN_TRIMMED (DTB-008-BL); status: RUNNING; exit: -; error: -; workDir: /scratch/g/vjin/Yu/hic_pipeline/work_batch_DTB-008-BL/7d/ca986f783d219df02d35ac3796d32c started: 1788316548867; exited: -; ]
Sep-02 01:06:59.344 [Task monitor] DEBUG n.processor.TaskPollingMonitor - !! executor slurm > tasks to be completed: 2 -- submitted tasks are shown below
~> TaskHandler[jobId: 7511997; id: 11; name: NFCORE_HIC:HIC:HICPRO:HICPRO_MAPPING:BOWTIE2_ALIGN_TRIMMED (DTB-008-BL); status: RUNNING; exit: -; error: -; workDir: /scratch/g/vjin/Yu/hic_pipeline/work_batch_DTB-008-BL/dc/c90a8f29b0e683f74cab41f5ec0d67 started: 1788314378779; exited: -; ]
~> TaskHandler[jobId: 7512065; id: 12; name: NFCORE_HIC:HIC:HICPRO:HICPRO_MAPPING:BOWTIE2_ALIGN_TRIMMED (DTB-008-BL); status: RUNNING; exit: -; error: -; workDir: /scratch/g/vjin/Yu/hic_pipeline/work_batch_DTB-008-BL/7d/ca986f783d219df02d35ac3796d32c started: 1788316548867; exited: -; ]
Sep-02 01:11:59.352 [Task monitor] DEBUG n.processor.TaskPollingMonitor - !! executor slurm > tasks to be completed: 2 -- submitted tasks are shown below
~> TaskHandler[jobId: 7511997; id: 11; name: NFCORE_HIC:HIC:HICPRO:HICPRO_MAPPING:BOWTIE2_ALIGN_TRIMMED (DTB-008-BL); status: RUNNING; exit: -; error: -; workDir: /scratch/g/vjin/Yu/hic_pipeline/work_batch_DTB-008-BL/dc/c90a8f29b0e683f74cab41f5ec0d67 started: 1788314378779; exited: -; ]
~> TaskHandler[jobId: 7512065; id: 12; name: NFCORE_HIC:HIC:HICPRO:HICPRO_MAPPING:BOWTIE2_ALIGN_TRIMMED (DTB-008-BL); status: RUNNING; exit: -; error: -; workDir: /scratch/g/vjin/Yu/hic_pipeline/work_batch_DTB-008-BL/7d/ca986f783d219df02d35ac3796d32c started: 1788316548867; exited: -; ]
Sep-02 01:16:59.360 [Task monitor] DEBUG n.processor.TaskPollingMonitor - !! executor slurm > tasks to be completed: 2 -- submitted tasks are shown below
~> TaskHandler[jobId: 7511997; id: 11; name: NFCORE_HIC:HIC:HICPRO:HICPRO_MAPPING:BOWTIE2_ALIGN_TRIMMED (DTB-008-BL); status: RUNNING; exit: -; error: -; workDir: /scratch/g/vjin/Yu/hic_pipeline/work_batch_DTB-008-BL/dc/c90a8f29b0e683f74cab41f5ec0d67 started: 1788314378779; exited: -; ]
~> TaskHandler[jobId: 7512065; id: 12; name: NFCORE_HIC:HIC:HICPRO:HICPRO_MAPPING:BOWTIE2_ALIGN_TRIMMED (DTB-008-BL); status: RUNNING; exit: -; error: -; workDir: /scratch/g/vjin/Yu/hic_pipeline/work_batch_DTB-008-BL/7d/ca986f783d219df02d35ac3796d32c started: 1788316548867; exited: -; ]
Sep-02 01:21:59.369 [Task monitor] DEBUG n.processor.TaskPollingMonitor - !! executor slurm > tasks to be completed: 2 -- submitted tasks are shown below
~> TaskHandler[jobId: 7511997; id: 11; name: NFCORE_HIC:HIC:HICPRO:HICPRO_MAPPING:BOWTIE2_ALIGN_TRIMMED (DTB-008-BL); status: RUNNING; exit: -; error: -; workDir: /scratch/g/vjin/Yu/hic_pipeline/work_batch_DTB-008-BL/dc/c90a8f29b0e683f74cab41f5ec0d67 started: 1788314378779; exited: -; ]
~> TaskHandler[jobId: 7512065; id: 12; name: NFCORE_HIC:HIC:HICPRO:HICPRO_MAPPING:BOWTIE2_ALIGN_TRIMMED (DTB-008-BL); status: RUNNING; exit: -; error: -; workDir: /scratch/g/vjin/Yu/hic_pipeline/work_batch_DTB-008-BL/7d/ca986f783d219df02d35ac3796d32c started: 1788316548867; exited: -; ]
Sep-02 01:26:59.378 [Task monitor] DEBUG n.processor.TaskPollingMonitor - !! executor slurm > tasks to be completed: 2 -- submitted tasks are shown below
~> TaskHandler[jobId: 7511997; id: 11; name: NFCORE_HIC:HIC:HICPRO:HICPRO_MAPPING:BOWTIE2_ALIGN_TRIMMED (DTB-008-BL); status: RUNNING; exit: -; error: -; workDir: /scratch/g/vjin/Yu/hic_pipeline/work_batch_DTB-008-BL/dc/c90a8f29b0e683f74cab41f5ec0d67 started: 1788314378779; exited: -; ]
~> TaskHandler[jobId: 7512065; id: 12; name: NFCORE_HIC:HIC:HICPRO:HICPRO_MAPPING:BOWTIE2_ALIGN_TRIMMED (DTB-008-BL); status: RUNNING; exit: -; error: -; workDir: /scratch/g/vjin/Yu/hic_pipeline/work_batch_DTB-008-BL/7d/ca986f783d219df02d35ac3796d32c started: 1788316548867; exited: -; ]
Sep-02 01:31:59.394 [Task monitor] DEBUG n.processor.TaskPollingMonitor - !! executor slurm > tasks to be completed: 2 -- submitted tasks are shown below
~> TaskHandler[jobId: 7511997; id: 11; name: NFCORE_HIC:HIC:HICPRO:HICPRO_MAPPING:BOWTIE2_ALIGN_TRIMMED (DTB-008-BL); status: RUNNING; exit: -; error: -; workDir: /scratch/g/vjin/Yu/hic_pipeline/work_batch_DTB-008-BL/dc/c90a8f29b0e683f74cab41f5ec0d67 started: 1788314378779; exited: -; ]
~> TaskHandler[jobId: 7512065; id: 12; name: NFCORE_HIC:HIC:HICPRO:HICPRO_MAPPING:BOWTIE2_ALIGN_TRIMMED (DTB-008-BL); status: RUNNING; exit: -; error: -; workDir: /scratch/g/vjin/Yu/hic_pipeline/work_batch_DTB-008-BL/7d/ca986f783d219df02d35ac3796d32c started: 1788316548867; exited: -; ]
Sep-02 01:36:59.405 [Task monitor] DEBUG n.processor.TaskPollingMonitor - !! executor slurm > tasks to be completed: 2 -- submitted tasks are shown below
~> TaskHandler[jobId: 7511997; id: 11; name: NFCORE_HIC:HIC:HICPRO:HICPRO_MAPPING:BOWTIE2_ALIGN_TRIMMED (DTB-008-BL); status: RUNNING; exit: -; error: -; workDir: /scratch/g/vjin/Yu/hic_pipeline/work_batch_DTB-008-BL/dc/c90a8f29b0e683f74cab41f5ec0d67 started: 1788314378779; exited: -; ]
~> TaskHandler[jobId: 7512065; id: 12; name: NFCORE_HIC:HIC:HICPRO:HICPRO_MAPPING:BOWTIE2_ALIGN_TRIMMED (DTB-008-BL); status: RUNNING; exit: -; error: -; workDir: /scratch/g/vjin/Yu/hic_pipeline/work_batch_DTB-008-BL/7d/ca986f783d219df02d35ac3796d32c started: 1788316548867; exited: -; ]
Sep-02 01:41:59.421 [Task monitor] DEBUG n.processor.TaskPollingMonitor - !! executor slurm > tasks to be completed: 2 -- submitted tasks are shown below
~> TaskHandler[jobId: 7511997; id: 11; name: NFCORE_HIC:HIC:HICPRO:HICPRO_MAPPING:BOWTIE2_ALIGN_TRIMMED (DTB-008-BL); status: RUNNING; exit: -; error: -; workDir: /scratch/g/vjin/Yu/hic_pipeline/work_batch_DTB-008-BL/dc/c90a8f29b0e683f74cab41f5ec0d67 started: 1788314378779; exited: -; ]
~> TaskHandler[jobId: 7512065; id: 12; name: NFCORE_HIC:HIC:HICPRO:HICPRO_MAPPING:BOWTIE2_ALIGN_TRIMMED (DTB-008-BL); status: RUNNING; exit: -; error: -; workDir: /scratch/g/vjin/Yu/hic_pipeline/work_batch_DTB-008-BL/7d/ca986f783d219df02d35ac3796d32c started: 1788316548867; exited: -; ]
Sep-02 01:46:59.435 [Task monitor] DEBUG n.processor.TaskPollingMonitor - !! executor slurm > tasks to be completed: 2 -- submitted tasks are shown below
~> TaskHandler[jobId: 7511997; id: 11; name: NFCORE_HIC:HIC:HICPRO:HICPRO_MAPPING:BOWTIE2_ALIGN_TRIMMED (DTB-008-BL); status: RUNNING; exit: -; error: -; workDir: /scratch/g/vjin/Yu/hic_pipeline/work_batch_DTB-008-BL/dc/c90a8f29b0e683f74cab41f5ec0d67 started: 1788314378779; exited: -; ]
~> TaskHandler[jobId: 7512065; id: 12; name: NFCORE_HIC:HIC:HICPRO:HICPRO_MAPPING:BOWTIE2_ALIGN_TRIMMED (DTB-008-BL); status: RUNNING; exit: -; error: -; workDir: /scratch/g/vjin/Yu/hic_pipeline/work_batch_DTB-008-BL/7d/ca986f783d219df02d35ac3796d32c started: 1788316548867; exited: -; ]
Sep-02 01:51:59.448 [Task monitor] DEBUG n.processor.TaskPollingMonitor - !! executor slurm > tasks to be completed: 2 -- submitted tasks are shown below
~> TaskHandler[jobId: 7511997; id: 11; name: NFCORE_HIC:HIC:HICPRO:HICPRO_MAPPING:BOWTIE2_ALIGN_TRIMMED (DTB-008-BL); status: RUNNING; exit: -; error: -; workDir: /scratch/g/vjin/Yu/hic_pipeline/work_batch_DTB-008-BL/dc/c90a8f29b0e683f74cab41f5ec0d67 started: 1788314378779; exited: -; ]
~> TaskHandler[jobId: 7512065; id: 12; name: NFCORE_HIC:HIC:HICPRO:HICPRO_MAPPING:BOWTIE2_ALIGN_TRIMMED (DTB-008-BL); status: RUNNING; exit: -; error: -; workDir: /scratch/g/vjin/Yu/hic_pipeline/work_batch_DTB-008-BL/7d/ca986f783d219df02d35ac3796d32c started: 1788316548867; exited: -; ]
Sep-02 01:56:59.453 [Task monitor] DEBUG n.processor.TaskPollingMonitor - !! executor slurm > tasks to be completed: 2 -- submitted tasks are shown below
~> TaskHandler[jobId: 7511997; id: 11; name: NFCORE_HIC:HIC:HICPRO:HICPRO_MAPPING:BOWTIE2_ALIGN_TRIMMED (DTB-008-BL); status: RUNNING; exit: -; error: -; workDir: /scratch/g/vjin/Yu/hic_pipeline/work_batch_DTB-008-BL/dc/c90a8f29b0e683f74cab41f5ec0d67 started: 1788314378779; exited: -; ]
~> TaskHandler[jobId: 7512065; id: 12; name: NFCORE_HIC:HIC:HICPRO:HICPRO_MAPPING:BOWTIE2_ALIGN_TRIMMED (DTB-008-BL); status: RUNNING; exit: -; error: -; workDir: /scratch/g/vjin/Yu/hic_pipeline/work_batch_DTB-008-BL/7d/ca986f783d219df02d35ac3796d32c started: 1788316548867; exited: -; ]
Sep-02 02:01:59.462 [Task monitor] DEBUG n.processor.TaskPollingMonitor - !! executor slurm > tasks to be completed: 2 -- submitted tasks are shown below
~> TaskHandler[jobId: 7511997; id: 11; name: NFCORE_HIC:HIC:HICPRO:HICPRO_MAPPING:BOWTIE2_ALIGN_TRIMMED (DTB-008-BL); status: RUNNING; exit: -; error: -; workDir: /scratch/g/vjin/Yu/hic_pipeline/work_batch_DTB-008-BL/dc/c90a8f29b0e683f74cab41f5ec0d67 started: 1788314378779; exited: -; ]
~> TaskHandler[jobId: 7512065; id: 12; name: NFCORE_HIC:HIC:HICPRO:HICPRO_MAPPING:BOWTIE2_ALIGN_TRIMMED (DTB-008-BL); status: RUNNING; exit: -; error: -; workDir: /scratch/g/vjin/Yu/hic_pipeline/work_batch_DTB-008-BL/7d/ca986f783d219df02d35ac3796d32c started: 1788316548867; exited: -; ]
Sep-02 02:06:59.474 [Task monitor] DEBUG n.processor.TaskPollingMonitor - !! executor slurm > tasks to be completed: 2 -- submitted tasks are shown below
~> TaskHandler[jobId: 7511997; id: 11; name: NFCORE_HIC:HIC:HICPRO:HICPRO_MAPPING:BOWTIE2_ALIGN_TRIMMED (DTB-008-BL); status: RUNNING; exit: -; error: -; workDir: /scratch/g/vjin/Yu/hic_pipeline/work_batch_DTB-008-BL/dc/c90a8f29b0e683f74cab41f5ec0d67 started: 1788314378779; exited: -; ]
~> TaskHandler[jobId: 7512065; id: 12; name: NFCORE_HIC:HIC:HICPRO:HICPRO_MAPPING:BOWTIE2_ALIGN_TRIMMED (DTB-008-BL); status: RUNNING; exit: -; error: -; workDir: /scratch/g/vjin/Yu/hic_pipeline/work_batch_DTB-008-BL/7d/ca986f783d219df02d35ac3796d32c started: 1788316548867; exited: -; ]
Sep-02 02:11:59.485 [Task monitor] DEBUG n.processor.TaskPollingMonitor - !! executor slurm > tasks to be completed: 2 -- submitted tasks are shown below
~> TaskHandler[jobId: 7511997; id: 11; name: NFCORE_HIC:HIC:HICPRO:HICPRO_MAPPING:BOWTIE2_ALIGN_TRIMMED (DTB-008-BL); status: RUNNING; exit: -; error: -; workDir: /scratch/g/vjin/Yu/hic_pipeline/work_batch_DTB-008-BL/dc/c90a8f29b0e683f74cab41f5ec0d67 started: 1788314378779; exited: -; ]
~> TaskHandler[jobId: 7512065; id: 12; name: NFCORE_HIC:HIC:HICPRO:HICPRO_MAPPING:BOWTIE2_ALIGN_TRIMMED (DTB-008-BL); status: RUNNING; exit: -; error: -; workDir: /scratch/g/vjin/Yu/hic_pipeline/work_batch_DTB-008-BL/7d/ca986f783d219df02d35ac3796d32c started: 1788316548867; exited: -; ]
Sep-02 02:16:59.492 [Task monitor] DEBUG n.processor.TaskPollingMonitor - !! executor slurm > tasks to be completed: 2 -- submitted tasks are shown below
~> TaskHandler[jobId: 7511997; id: 11; name: NFCORE_HIC:HIC:HICPRO:HICPRO_MAPPING:BOWTIE2_ALIGN_TRIMMED (DTB-008-BL); status: RUNNING; exit: -; error: -; workDir: /scratch/g/vjin/Yu/hic_pipeline/work_batch_DTB-008-BL/dc/c90a8f29b0e683f74cab41f5ec0d67 started: 1788314378779; exited: -; ]
~> TaskHandler[jobId: 7512065; id: 12; name: NFCORE_HIC:HIC:HICPRO:HICPRO_MAPPING:BOWTIE2_ALIGN_TRIMMED (DTB-008-BL); status: RUNNING; exit: -; error: -; workDir: /scratch/g/vjin/Yu/hic_pipeline/work_batch_DTB-008-BL/7d/ca986f783d219df02d35ac3796d32c started: 1788316548867; exited: -; ]
Sep-02 02:21:59.503 [Task monitor] DEBUG n.processor.TaskPollingMonitor - !! executor slurm > tasks to be completed: 2 -- submitted tasks are shown below
~> TaskHandler[jobId: 7511997; id: 11; name: NFCORE_HIC:HIC:HICPRO:HICPRO_MAPPING:BOWTIE2_ALIGN_TRIMMED (DTB-008-BL); status: RUNNING; exit: -; error: -; workDir: /scratch/g/vjin/Yu/hic_pipeline/work_batch_DTB-008-BL/dc/c90a8f29b0e683f74cab41f5ec0d67 started: 1788314378779; exited: -; ]
~> TaskHandler[jobId: 7512065; id: 12; name: NFCORE_HIC:HIC:HICPRO:HICPRO_MAPPING:BOWTIE2_ALIGN_TRIMMED (DTB-008-BL); status: RUNNING; exit: -; error: -; workDir: /scratch/g/vjin/Yu/hic_pipeline/work_batch_DTB-008-BL/7d/ca986f783d219df02d35ac3796d32c started: 1788316548867; exited: -; ]
Sep-02 02:26:59.513 [Task monitor] DEBUG n.processor.TaskPollingMonitor - !! executor slurm > tasks to be completed: 2 -- submitted tasks are shown below
~> TaskHandler[jobId: 7511997; id: 11; name: NFCORE_HIC:HIC:HICPRO:HICPRO_MAPPING:BOWTIE2_ALIGN_TRIMMED (DTB-008-BL); status: RUNNING; exit: -; error: -; workDir: /scratch/g/vjin/Yu/hic_pipeline/work_batch_DTB-008-BL/dc/c90a8f29b0e683f74cab41f5ec0d67 started: 1788314378779; exited: -; ]
~> TaskHandler[jobId: 7512065; id: 12; name: NFCORE_HIC:HIC:HICPRO:HICPRO_MAPPING:BOWTIE2_ALIGN_TRIMMED (DTB-008-BL); status: RUNNING; exit: -; error: -; workDir: /scratch/g/vjin/Yu/hic_pipeline/work_batch_DTB-008-BL/7d/ca986f783d219df02d35ac3796d32c started: 1788316548867; exited: -; ]
Sep-02 02:31:59.522 [Task monitor] DEBUG n.processor.TaskPollingMonitor - !! executor slurm > tasks to be completed: 2 -- submitted tasks are shown below
~> TaskHandler[jobId: 7511997; id: 11; name: NFCORE_HIC:HIC:HICPRO:HICPRO_MAPPING:BOWTIE2_ALIGN_TRIMMED (DTB-008-BL); status: RUNNING; exit: -; error: -; workDir: /scratch/g/vjin/Yu/hic_pipeline/work_batch_DTB-008-BL/dc/c90a8f29b0e683f74cab41f5ec0d67 started: 1788314378779; exited: -; ]
~> TaskHandler[jobId: 7512065; id: 12; name: NFCORE_HIC:HIC:HICPRO:HICPRO_MAPPING:BOWTIE2_ALIGN_TRIMMED (DTB-008-BL); status: RUNNING; exit: -; error: -; workDir: /scratch/g/vjin/Yu/hic_pipeline/work_batch_DTB-008-BL/7d/ca986f783d219df02d35ac3796d32c started: 1788316548867; exited: -; ]
Sep-02 02:36:59.534 [Task monitor] DEBUG n.processor.TaskPollingMonitor - !! executor slurm > tasks to be completed: 2 -- submitted tasks are shown below
~> TaskHandler[jobId: 7511997; id: 11; name: NFCORE_HIC:HIC:HICPRO:HICPRO_MAPPING:BOWTIE2_ALIGN_TRIMMED (DTB-008-BL); status: RUNNING; exit: -; error: -; workDir: /scratch/g/vjin/Yu/hic_pipeline/work_batch_DTB-008-BL/dc/c90a8f29b0e683f74cab41f5ec0d67 started: 1788314378779; exited: -; ]
~> TaskHandler[jobId: 7512065; id: 12; name: NFCORE_HIC:HIC:HICPRO:HICPRO_MAPPING:BOWTIE2_ALIGN_TRIMMED (DTB-008-BL); status: RUNNING; exit: -; error: -; workDir: /scratch/g/vjin/Yu/hic_pipeline/work_batch_DTB-008-BL/7d/ca986f783d219df02d35ac3796d32c started: 1788316548867; exited: -; ]
Sep-02 02:41:59.548 [Task monitor] DEBUG n.processor.TaskPollingMonitor - !! executor slurm > tasks to be completed: 2 -- submitted tasks are shown below
~> TaskHandler[jobId: 7511997; id: 11; name: NFCORE_HIC:HIC:HICPRO:HICPRO_MAPPING:BOWTIE2_ALIGN_TRIMMED (DTB-008-BL); status: RUNNING; exit: -; error: -; workDir: /scratch/g/vjin/Yu/hic_pipeline/work_batch_DTB-008-BL/dc/c90a8f29b0e683f74cab41f5ec0d67 started: 1788314378779; exited: -; ]
~> TaskHandler[jobId: 7512065; id: 12; name: NFCORE_HIC:HIC:HICPRO:HICPRO_MAPPING:BOWTIE2_ALIGN_TRIMMED (DTB-008-BL); status: RUNNING; exit: -; error: -; workDir: /scratch/g/vjin/Yu/hic_pipeline/work_batch_DTB-008-BL/7d/ca986f783d219df02d35ac3796d32c started: 1788316548867; exited: -; ]
Sep-02 02:46:59.562 [Task monitor] DEBUG n.processor.TaskPollingMonitor - !! executor slurm > tasks to be completed: 2 -- submitted tasks are shown below
~> TaskHandler[jobId: 7511997; id: 11; name: NFCORE_HIC:HIC:HICPRO:HICPRO_MAPPING:BOWTIE2_ALIGN_TRIMMED (DTB-008-BL); status: RUNNING; exit: -; error: -; workDir: /scratch/g/vjin/Yu/hic_pipeline/work_batch_DTB-008-BL/dc/c90a8f29b0e683f74cab41f5ec0d67 started: 1788314378779; exited: -; ]
~> TaskHandler[jobId: 7512065; id: 12; name: NFCORE_HIC:HIC:HICPRO:HICPRO_MAPPING:BOWTIE2_ALIGN_TRIMMED (DTB-008-BL); status: RUNNING; exit: -; error: -; workDir: /scratch/g/vjin/Yu/hic_pipeline/work_batch_DTB-008-BL/7d/ca986f783d219df02d35ac3796d32c started: 1788316548867; exited: -; ]
Sep-02 02:51:59.577 [Task monitor] DEBUG n.processor.TaskPollingMonitor - !! executor slurm > tasks to be completed: 2 -- submitted tasks are shown below
~> TaskHandler[jobId: 7511997; id: 11; name: NFCORE_HIC:HIC:HICPRO:HICPRO_MAPPING:BOWTIE2_ALIGN_TRIMMED (DTB-008-BL); status: RUNNING; exit: -; error: -; workDir: /scratch/g/vjin/Yu/hic_pipeline/work_batch_DTB-008-BL/dc/c90a8f29b0e683f74cab41f5ec0d67 started: 1788314378779; exited: -; ]
~> TaskHandler[jobId: 7512065; id: 12; name: NFCORE_HIC:HIC:HICPRO:HICPRO_MAPPING:BOWTIE2_ALIGN_TRIMMED (DTB-008-BL); status: RUNNING; exit: -; error: -; workDir: /scratch/g/vjin/Yu/hic_pipeline/work_batch_DTB-008-BL/7d/ca986f783d219df02d35ac3796d32c started: 1788316548867; exited: -; ]
Sep-02 02:56:59.588 [Task monitor] DEBUG n.processor.TaskPollingMonitor - !! executor slurm > tasks to be completed: 2 -- submitted tasks are shown below
~> TaskHandler[jobId: 7511997; id: 11; name: NFCORE_HIC:HIC:HICPRO:HICPRO_MAPPING:BOWTIE2_ALIGN_TRIMMED (DTB-008-BL); status: RUNNING; exit: -; error: -; workDir: /scratch/g/vjin/Yu/hic_pipeline/work_batch_DTB-008-BL/dc/c90a8f29b0e683f74cab41f5ec0d67 started: 1788314378779; exited: -; ]
~> TaskHandler[jobId: 7512065; id: 12; name: NFCORE_HIC:HIC:HICPRO:HICPRO_MAPPING:BOWTIE2_ALIGN_TRIMMED (DTB-008-BL); status: RUNNING; exit: -; error: -; workDir: /scratch/g/vjin/Yu/hic_pipeline/work_batch_DTB-008-BL/7d/ca986f783d219df02d35ac3796d32c started: 1788316548867; exited: -; ]
Sep-02 03:01:59.599 [Task monitor] DEBUG n.processor.TaskPollingMonitor - !! executor slurm > tasks to be completed: 2 -- submitted tasks are shown below
~> TaskHandler[jobId: 7511997; id: 11; name: NFCORE_HIC:HIC:HICPRO:HICPRO_MAPPING:BOWTIE2_ALIGN_TRIMMED (DTB-008-BL); status: RUNNING; exit: -; error: -; workDir: /scratch/g/vjin/Yu/hic_pipeline/work_batch_DTB-008-BL/dc/c90a8f29b0e683f74cab41f5ec0d67 started: 1788314378779; exited: -; ]
~> TaskHandler[jobId: 7512065; id: 12; name: NFCORE_HIC:HIC:HICPRO:HICPRO_MAPPING:BOWTIE2_ALIGN_TRIMMED (DTB-008-BL); status: RUNNING; exit: -; error: -; workDir: /scratch/g/vjin/Yu/hic_pipeline/work_batch_DTB-008-BL/7d/ca986f783d219df02d35ac3796d32c started: 1788316548867; exited: -; ]
Sep-02 03:06:59.609 [Task monitor] DEBUG n.processor.TaskPollingMonitor - !! executor slurm > tasks to be completed: 2 -- submitted tasks are shown below
~> TaskHandler[jobId: 7511997; id: 11; name: NFCORE_HIC:HIC:HICPRO:HICPRO_MAPPING:BOWTIE2_ALIGN_TRIMMED (DTB-008-BL); status: RUNNING; exit: -; error: -; workDir: /scratch/g/vjin/Yu/hic_pipeline/work_batch_DTB-008-BL/dc/c90a8f29b0e683f74cab41f5ec0d67 started: 1788314378779; exited: -; ]
~> TaskHandler[jobId: 7512065; id: 12; name: NFCORE_HIC:HIC:HICPRO:HICPRO_MAPPING:BOWTIE2_ALIGN_TRIMMED (DTB-008-BL); status: RUNNING; exit: -; error: -; workDir: /scratch/g/vjin/Yu/hic_pipeline/work_batch_DTB-008-BL/7d/ca986f783d219df02d35ac3796d32c started: 1788316548867; exited: -; ]
Sep-02 03:11:59.617 [Task monitor] DEBUG n.processor.TaskPollingMonitor - !! executor slurm > tasks to be completed: 2 -- submitted tasks are shown below
~> TaskHandler[jobId: 7511997; id: 11; name: NFCORE_HIC:HIC:HICPRO:HICPRO_MAPPING:BOWTIE2_ALIGN_TRIMMED (DTB-008-BL); status: RUNNING; exit: -; error: -; workDir: /scratch/g/vjin/Yu/hic_pipeline/work_batch_DTB-008-BL/dc/c90a8f29b0e683f74cab41f5ec0d67 started: 1788314378779; exited: -; ]
~> TaskHandler[jobId: 7512065; id: 12; name: NFCORE_HIC:HIC:HICPRO:HICPRO_MAPPING:BOWTIE2_ALIGN_TRIMMED (DTB-008-BL); status: RUNNING; exit: -; error: -; workDir: /scratch/g/vjin/Yu/hic_pipeline/work_batch_DTB-008-BL/7d/ca986f783d219df02d35ac3796d32c started: 1788316548867; exited: -; ]
Sep-02 03:16:59.626 [Task monitor] DEBUG n.processor.TaskPollingMonitor - !! executor slurm > tasks to be completed: 2 -- submitted tasks are shown below
~> TaskHandler[jobId: 7511997; id: 11; name: NFCORE_HIC:HIC:HICPRO:HICPRO_MAPPING:BOWTIE2_ALIGN_TRIMMED (DTB-008-BL); status: RUNNING; exit: -; error: -; workDir: /scratch/g/vjin/Yu/hic_pipeline/work_batch_DTB-008-BL/dc/c90a8f29b0e683f74cab41f5ec0d67 started: 1788314378779; exited: -; ]
~> TaskHandler[jobId: 7512065; id: 12; name: NFCORE_HIC:HIC:HICPRO:HICPRO_MAPPING:BOWTIE2_ALIGN_TRIMMED (DTB-008-BL); status: RUNNING; exit: -; error: -; workDir: /scratch/g/vjin/Yu/hic_pipeline/work_batch_DTB-008-BL/7d/ca986f783d219df02d35ac3796d32c started: 1788316548867; exited: -; ]
Sep-02 03:19:14.636 [Task monitor] DEBUG n.processor.TaskPollingMonitor - Task completed > TaskHandler[jobId: 7511997; id: 11; name: NFCORE_HIC:HIC:HICPRO:HICPRO_MAPPING:BOWTIE2_ALIGN_TRIMMED (DTB-008-BL); status: COMPLETED; exit: 0; error: -; workDir: /scratch/g/vjin/Yu/hic_pipeline/work_batch_DTB-008-BL/dc/c90a8f29b0e683f74cab41f5ec0d67 started: 1788314378779; exited: 2026-09-02T08:19:11.457362365Z; ]
Sep-02 03:19:14.739 [TaskFinalizer-1] DEBUG nextflow.processor.TaskProcessor - Process NFCORE_HIC:HIC:HICPRO:HICPRO_MAPPING:BOWTIE2_ALIGN_TRIMMED > Skipping output binding because one or more optional files are missing: fileoutparam<2:1>
Sep-02 03:19:14.758 [Actor Thread 31] DEBUG nextflow.container.SingularityCache - Singularity found local store for image=https://depot.galaxyproject.org/singularity/samtools:1.15.1--h1170115_0; path=/scratch/g/vjin/Yu/hic_pipeline/work/singularity/depot.galaxyproject.org-singularity-samtools-1.15.1--h1170115_0.img
Sep-02 03:19:14.851 [Task submitter] DEBUG nextflow.executor.GridTaskHandler - [SLURM] submitted process NFCORE_HIC:HIC:HICPRO:HICPRO_MAPPING:MERGE_BOWTIE2 (DTB-008-BL) > jobId: 7512965; workDir: /scratch/g/vjin/Yu/hic_pipeline/work_batch_DTB-008-BL/b4/df65bea297f22370cf8c60f2204841
Sep-02 03:19:14.851 [Task submitter] INFO  nextflow.Session - [b4/df65be] Submitted process > NFCORE_HIC:HIC:HICPRO:HICPRO_MAPPING:MERGE_BOWTIE2 (DTB-008-BL)
Sep-02 03:21:59.648 [Task monitor] DEBUG n.processor.TaskPollingMonitor - !! executor slurm > tasks to be completed: 2 -- submitted tasks are shown below
~> TaskHandler[jobId: 7512065; id: 12; name: NFCORE_HIC:HIC:HICPRO:HICPRO_MAPPING:BOWTIE2_ALIGN_TRIMMED (DTB-008-BL); status: RUNNING; exit: -; error: -; workDir: /scratch/g/vjin/Yu/hic_pipeline/work_batch_DTB-008-BL/7d/ca986f783d219df02d35ac3796d32c started: 1788316548867; exited: -; ]
~> TaskHandler[jobId: 7512965; id: 13; name: NFCORE_HIC:HIC:HICPRO:HICPRO_MAPPING:MERGE_BOWTIE2 (DTB-008-BL); status: RUNNING; exit: -; error: -; workDir: /scratch/g/vjin/Yu/hic_pipeline/work_batch_DTB-008-BL/b4/df65bea297f22370cf8c60f2204841 started: 1788337189638; exited: -; ]
Sep-02 03:26:59.664 [Task monitor] DEBUG n.processor.TaskPollingMonitor - !! executor slurm > tasks to be completed: 2 -- submitted tasks are shown below
~> TaskHandler[jobId: 7512065; id: 12; name: NFCORE_HIC:HIC:HICPRO:HICPRO_MAPPING:BOWTIE2_ALIGN_TRIMMED (DTB-008-BL); status: RUNNING; exit: -; error: -; workDir: /scratch/g/vjin/Yu/hic_pipeline/work_batch_DTB-008-BL/7d/ca986f783d219df02d35ac3796d32c started: 1788316548867; exited: -; ]
~> TaskHandler[jobId: 7512965; id: 13; name: NFCORE_HIC:HIC:HICPRO:HICPRO_MAPPING:MERGE_BOWTIE2 (DTB-008-BL); status: RUNNING; exit: -; error: -; workDir: /scratch/g/vjin/Yu/hic_pipeline/work_batch_DTB-008-BL/b4/df65bea297f22370cf8c60f2204841 started: 1788337189638; exited: -; ]
Sep-02 03:31:59.684 [Task monitor] DEBUG n.processor.TaskPollingMonitor - !! executor slurm > tasks to be completed: 2 -- submitted tasks are shown below
~> TaskHandler[jobId: 7512065; id: 12; name: NFCORE_HIC:HIC:HICPRO:HICPRO_MAPPING:BOWTIE2_ALIGN_TRIMMED (DTB-008-BL); status: RUNNING; exit: -; error: -; workDir: /scratch/g/vjin/Yu/hic_pipeline/work_batch_DTB-008-BL/7d/ca986f783d219df02d35ac3796d32c started: 1788316548867; exited: -; ]
~> TaskHandler[jobId: 7512965; id: 13; name: NFCORE_HIC:HIC:HICPRO:HICPRO_MAPPING:MERGE_BOWTIE2 (DTB-008-BL); status: RUNNING; exit: -; error: -; workDir: /scratch/g/vjin/Yu/hic_pipeline/work_batch_DTB-008-BL/b4/df65bea297f22370cf8c60f2204841 started: 1788337189638; exited: -; ]
Sep-02 03:36:59.696 [Task monitor] DEBUG n.processor.TaskPollingMonitor - !! executor slurm > tasks to be completed: 2 -- submitted tasks are shown below
~> TaskHandler[jobId: 7512065; id: 12; name: NFCORE_HIC:HIC:HICPRO:HICPRO_MAPPING:BOWTIE2_ALIGN_TRIMMED (DTB-008-BL); status: RUNNING; exit: -; error: -; workDir: /scratch/g/vjin/Yu/hic_pipeline/work_batch_DTB-008-BL/7d/ca986f783d219df02d35ac3796d32c started: 1788316548867; exited: -; ]
~> TaskHandler[jobId: 7512965; id: 13; name: NFCORE_HIC:HIC:HICPRO:HICPRO_MAPPING:MERGE_BOWTIE2 (DTB-008-BL); status: RUNNING; exit: -; error: -; workDir: /scratch/g/vjin/Yu/hic_pipeline/work_batch_DTB-008-BL/b4/df65bea297f22370cf8c60f2204841 started: 1788337189638; exited: -; ]
Sep-02 03:41:59.717 [Task monitor] DEBUG n.processor.TaskPollingMonitor - !! executor slurm > tasks to be completed: 2 -- submitted tasks are shown below
~> TaskHandler[jobId: 7512065; id: 12; name: NFCORE_HIC:HIC:HICPRO:HICPRO_MAPPING:BOWTIE2_ALIGN_TRIMMED (DTB-008-BL); status: RUNNING; exit: -; error: -; workDir: /scratch/g/vjin/Yu/hic_pipeline/work_batch_DTB-008-BL/7d/ca986f783d219df02d35ac3796d32c started: 1788316548867; exited: -; ]
~> TaskHandler[jobId: 7512965; id: 13; name: NFCORE_HIC:HIC:HICPRO:HICPRO_MAPPING:MERGE_BOWTIE2 (DTB-008-BL); status: RUNNING; exit: -; error: -; workDir: /scratch/g/vjin/Yu/hic_pipeline/work_batch_DTB-008-BL/b4/df65bea297f22370cf8c60f2204841 started: 1788337189638; exited: -; ]
Sep-02 03:46:59.732 [Task monitor] DEBUG n.processor.TaskPollingMonitor - !! executor slurm > tasks to be completed: 2 -- submitted tasks are shown below
~> TaskHandler[jobId: 7512065; id: 12; name: NFCORE_HIC:HIC:HICPRO:HICPRO_MAPPING:BOWTIE2_ALIGN_TRIMMED (DTB-008-BL); status: RUNNING; exit: -; error: -; workDir: /scratch/g/vjin/Yu/hic_pipeline/work_batch_DTB-008-BL/7d/ca986f783d219df02d35ac3796d32c started: 1788316548867; exited: -; ]
~> TaskHandler[jobId: 7512965; id: 13; name: NFCORE_HIC:HIC:HICPRO:HICPRO_MAPPING:MERGE_BOWTIE2 (DTB-008-BL); status: RUNNING; exit: -; error: -; workDir: /scratch/g/vjin/Yu/hic_pipeline/work_batch_DTB-008-BL/b4/df65bea297f22370cf8c60f2204841 started: 1788337189638; exited: -; ]
Sep-02 03:51:59.748 [Task monitor] DEBUG n.processor.TaskPollingMonitor - !! executor slurm > tasks to be completed: 2 -- submitted tasks are shown below
~> TaskHandler[jobId: 7512065; id: 12; name: NFCORE_HIC:HIC:HICPRO:HICPRO_MAPPING:BOWTIE2_ALIGN_TRIMMED (DTB-008-BL); status: RUNNING; exit: -; error: -; workDir: /scratch/g/vjin/Yu/hic_pipeline/work_batch_DTB-008-BL/7d/ca986f783d219df02d35ac3796d32c started: 1788316548867; exited: -; ]
~> TaskHandler[jobId: 7512965; id: 13; name: NFCORE_HIC:HIC:HICPRO:HICPRO_MAPPING:MERGE_BOWTIE2 (DTB-008-BL); status: RUNNING; exit: -; error: -; workDir: /scratch/g/vjin/Yu/hic_pipeline/work_batch_DTB-008-BL/b4/df65bea297f22370cf8c60f2204841 started: 1788337189638; exited: -; ]
Sep-02 03:56:59.761 [Task monitor] DEBUG n.processor.TaskPollingMonitor - !! executor slurm > tasks to be completed: 2 -- submitted tasks are shown below
~> TaskHandler[jobId: 7512065; id: 12; name: NFCORE_HIC:HIC:HICPRO:HICPRO_MAPPING:BOWTIE2_ALIGN_TRIMMED (DTB-008-BL); status: RUNNING; exit: -; error: -; workDir: /scratch/g/vjin/Yu/hic_pipeline/work_batch_DTB-008-BL/7d/ca986f783d219df02d35ac3796d32c started: 1788316548867; exited: -; ]
~> TaskHandler[jobId: 7512965; id: 13; name: NFCORE_HIC:HIC:HICPRO:HICPRO_MAPPING:MERGE_BOWTIE2 (DTB-008-BL); status: RUNNING; exit: -; error: -; workDir: /scratch/g/vjin/Yu/hic_pipeline/work_batch_DTB-008-BL/b4/df65bea297f22370cf8c60f2204841 started: 1788337189638; exited: -; ]
Sep-02 04:01:59.775 [Task monitor] DEBUG n.processor.TaskPollingMonitor - !! executor slurm > tasks to be completed: 2 -- submitted tasks are shown below
~> TaskHandler[jobId: 7512065; id: 12; name: NFCORE_HIC:HIC:HICPRO:HICPRO_MAPPING:BOWTIE2_ALIGN_TRIMMED (DTB-008-BL); status: RUNNING; exit: -; error: -; workDir: /scratch/g/vjin/Yu/hic_pipeline/work_batch_DTB-008-BL/7d/ca986f783d219df02d35ac3796d32c started: 1788316548867; exited: -; ]
~> TaskHandler[jobId: 7512965; id: 13; name: NFCORE_HIC:HIC:HICPRO:HICPRO_MAPPING:MERGE_BOWTIE2 (DTB-008-BL); status: RUNNING; exit: -; error: -; workDir: /scratch/g/vjin/Yu/hic_pipeline/work_batch_DTB-008-BL/b4/df65bea297f22370cf8c60f2204841 started: 1788337189638; exited: -; ]
Sep-02 04:03:09.789 [Task monitor] DEBUG n.processor.TaskPollingMonitor - Task completed > TaskHandler[jobId: 7512065; id: 12; name: NFCORE_HIC:HIC:HICPRO:HICPRO_MAPPING:BOWTIE2_ALIGN_TRIMMED (DTB-008-BL); status: COMPLETED; exit: 0; error: -; workDir: /scratch/g/vjin/Yu/hic_pipeline/work_batch_DTB-008-BL/7d/ca986f783d219df02d35ac3796d32c started: 1788316548867; exited: 2026-09-02T09:02:48.616100133Z; ]
Sep-02 04:03:09.817 [TaskFinalizer-2] DEBUG nextflow.processor.TaskProcessor - Process NFCORE_HIC:HIC:HICPRO:HICPRO_MAPPING:BOWTIE2_ALIGN_TRIMMED > Skipping output binding because one or more optional files are missing: fileoutparam<2:1>
Sep-02 04:03:09.939 [Task submitter] DEBUG nextflow.executor.GridTaskHandler - [SLURM] submitted process NFCORE_HIC:HIC:HICPRO:HICPRO_MAPPING:MERGE_BOWTIE2 (DTB-008-BL) > jobId: 7512998; workDir: /scratch/g/vjin/Yu/hic_pipeline/work_batch_DTB-008-BL/60/d70a77cf356b96dbe447331cb2b969
Sep-02 04:03:09.939 [Task submitter] INFO  nextflow.Session - [60/d70a77] Submitted process > NFCORE_HIC:HIC:HICPRO:HICPRO_MAPPING:MERGE_BOWTIE2 (DTB-008-BL)
Sep-02 04:06:59.793 [Task monitor] DEBUG n.processor.TaskPollingMonitor - !! executor slurm > tasks to be completed: 2 -- submitted tasks are shown below
~> TaskHandler[jobId: 7512965; id: 13; name: NFCORE_HIC:HIC:HICPRO:HICPRO_MAPPING:MERGE_BOWTIE2 (DTB-008-BL); status: RUNNING; exit: -; error: -; workDir: /scratch/g/vjin/Yu/hic_pipeline/work_batch_DTB-008-BL/b4/df65bea297f22370cf8c60f2204841 started: 1788337189638; exited: -; ]
~> TaskHandler[jobId: 7512998; id: 14; name: NFCORE_HIC:HIC:HICPRO:HICPRO_MAPPING:MERGE_BOWTIE2 (DTB-008-BL); status: RUNNING; exit: -; error: -; workDir: /scratch/g/vjin/Yu/hic_pipeline/work_batch_DTB-008-BL/60/d70a77cf356b96dbe447331cb2b969 started: 1788339799803; exited: -; ]
Sep-02 04:11:59.805 [Task monitor] DEBUG n.processor.TaskPollingMonitor - !! executor slurm > tasks to be completed: 2 -- submitted tasks are shown below
~> TaskHandler[jobId: 7512965; id: 13; name: NFCORE_HIC:HIC:HICPRO:HICPRO_MAPPING:MERGE_BOWTIE2 (DTB-008-BL); status: RUNNING; exit: -; error: -; workDir: /scratch/g/vjin/Yu/hic_pipeline/work_batch_DTB-008-BL/b4/df65bea297f22370cf8c60f2204841 started: 1788337189638; exited: -; ]
~> TaskHandler[jobId: 7512998; id: 14; name: NFCORE_HIC:HIC:HICPRO:HICPRO_MAPPING:MERGE_BOWTIE2 (DTB-008-BL); status: RUNNING; exit: -; error: -; workDir: /scratch/g/vjin/Yu/hic_pipeline/work_batch_DTB-008-BL/60/d70a77cf356b96dbe447331cb2b969 started: 1788339799803; exited: -; ]
Sep-02 04:16:59.820 [Task monitor] DEBUG n.processor.TaskPollingMonitor - !! executor slurm > tasks to be completed: 2 -- submitted tasks are shown below
~> TaskHandler[jobId: 7512965; id: 13; name: NFCORE_HIC:HIC:HICPRO:HICPRO_MAPPING:MERGE_BOWTIE2 (DTB-008-BL); status: RUNNING; exit: -; error: -; workDir: /scratch/g/vjin/Yu/hic_pipeline/work_batch_DTB-008-BL/b4/df65bea297f22370cf8c60f2204841 started: 1788337189638; exited: -; ]
~> TaskHandler[jobId: 7512998; id: 14; name: NFCORE_HIC:HIC:HICPRO:HICPRO_MAPPING:MERGE_BOWTIE2 (DTB-008-BL); status: RUNNING; exit: -; error: -; workDir: /scratch/g/vjin/Yu/hic_pipeline/work_batch_DTB-008-BL/60/d70a77cf356b96dbe447331cb2b969 started: 1788339799803; exited: -; ]
Sep-02 04:21:59.832 [Task monitor] DEBUG n.processor.TaskPollingMonitor - !! executor slurm > tasks to be completed: 2 -- submitted tasks are shown below
~> TaskHandler[jobId: 7512965; id: 13; name: NFCORE_HIC:HIC:HICPRO:HICPRO_MAPPING:MERGE_BOWTIE2 (DTB-008-BL); status: RUNNING; exit: -; error: -; workDir: /scratch/g/vjin/Yu/hic_pipeline/work_batch_DTB-008-BL/b4/df65bea297f22370cf8c60f2204841 started: 1788337189638; exited: -; ]
~> TaskHandler[jobId: 7512998; id: 14; name: NFCORE_HIC:HIC:HICPRO:HICPRO_MAPPING:MERGE_BOWTIE2 (DTB-008-BL); status: RUNNING; exit: -; error: -; workDir: /scratch/g/vjin/Yu/hic_pipeline/work_batch_DTB-008-BL/60/d70a77cf356b96dbe447331cb2b969 started: 1788339799803; exited: -; ]
Sep-02 04:26:59.840 [Task monitor] DEBUG n.processor.TaskPollingMonitor - !! executor slurm > tasks to be completed: 2 -- submitted tasks are shown below
~> TaskHandler[jobId: 7512965; id: 13; name: NFCORE_HIC:HIC:HICPRO:HICPRO_MAPPING:MERGE_BOWTIE2 (DTB-008-BL); status: RUNNING; exit: -; error: -; workDir: /scratch/g/vjin/Yu/hic_pipeline/work_batch_DTB-008-BL/b4/df65bea297f22370cf8c60f2204841 started: 1788337189638; exited: -; ]
~> TaskHandler[jobId: 7512998; id: 14; name: NFCORE_HIC:HIC:HICPRO:HICPRO_MAPPING:MERGE_BOWTIE2 (DTB-008-BL); status: RUNNING; exit: -; error: -; workDir: /scratch/g/vjin/Yu/hic_pipeline/work_batch_DTB-008-BL/60/d70a77cf356b96dbe447331cb2b969 started: 1788339799803; exited: -; ]
Sep-02 04:31:59.856 [Task monitor] DEBUG n.processor.TaskPollingMonitor - !! executor slurm > tasks to be completed: 2 -- submitted tasks are shown below
~> TaskHandler[jobId: 7512965; id: 13; name: NFCORE_HIC:HIC:HICPRO:HICPRO_MAPPING:MERGE_BOWTIE2 (DTB-008-BL); status: RUNNING; exit: -; error: -; workDir: /scratch/g/vjin/Yu/hic_pipeline/work_batch_DTB-008-BL/b4/df65bea297f22370cf8c60f2204841 started: 1788337189638; exited: -; ]
~> TaskHandler[jobId: 7512998; id: 14; name: NFCORE_HIC:HIC:HICPRO:HICPRO_MAPPING:MERGE_BOWTIE2 (DTB-008-BL); status: RUNNING; exit: -; error: -; workDir: /scratch/g/vjin/Yu/hic_pipeline/work_batch_DTB-008-BL/60/d70a77cf356b96dbe447331cb2b969 started: 1788339799803; exited: -; ]
Sep-02 04:36:59.873 [Task monitor] DEBUG n.processor.TaskPollingMonitor - !! executor slurm > tasks to be completed: 2 -- submitted tasks are shown below
~> TaskHandler[jobId: 7512965; id: 13; name: NFCORE_HIC:HIC:HICPRO:HICPRO_MAPPING:MERGE_BOWTIE2 (DTB-008-BL); status: RUNNING; exit: -; error: -; workDir: /scratch/g/vjin/Yu/hic_pipeline/work_batch_DTB-008-BL/b4/df65bea297f22370cf8c60f2204841 started: 1788337189638; exited: -; ]
~> TaskHandler[jobId: 7512998; id: 14; name: NFCORE_HIC:HIC:HICPRO:HICPRO_MAPPING:MERGE_BOWTIE2 (DTB-008-BL); status: RUNNING; exit: -; error: -; workDir: /scratch/g/vjin/Yu/hic_pipeline/work_batch_DTB-008-BL/60/d70a77cf356b96dbe447331cb2b969 started: 1788339799803; exited: -; ]
Sep-02 04:41:59.884 [Task monitor] DEBUG n.processor.TaskPollingMonitor - !! executor slurm > tasks to be completed: 2 -- submitted tasks are shown below
~> TaskHandler[jobId: 7512965; id: 13; name: NFCORE_HIC:HIC:HICPRO:HICPRO_MAPPING:MERGE_BOWTIE2 (DTB-008-BL); status: RUNNING; exit: -; error: -; workDir: /scratch/g/vjin/Yu/hic_pipeline/work_batch_DTB-008-BL/b4/df65bea297f22370cf8c60f2204841 started: 1788337189638; exited: -; ]
~> TaskHandler[jobId: 7512998; id: 14; name: NFCORE_HIC:HIC:HICPRO:HICPRO_MAPPING:MERGE_BOWTIE2 (DTB-008-BL); status: RUNNING; exit: -; error: -; workDir: /scratch/g/vjin/Yu/hic_pipeline/work_batch_DTB-008-BL/60/d70a77cf356b96dbe447331cb2b969 started: 1788339799803; exited: -; ]
Sep-02 04:46:59.905 [Task monitor] DEBUG n.processor.TaskPollingMonitor - !! executor slurm > tasks to be completed: 2 -- submitted tasks are shown below
~> TaskHandler[jobId: 7512965; id: 13; name: NFCORE_HIC:HIC:HICPRO:HICPRO_MAPPING:MERGE_BOWTIE2 (DTB-008-BL); status: RUNNING; exit: -; error: -; workDir: /scratch/g/vjin/Yu/hic_pipeline/work_batch_DTB-008-BL/b4/df65bea297f22370cf8c60f2204841 started: 1788337189638; exited: -; ]
~> TaskHandler[jobId: 7512998; id: 14; name: NFCORE_HIC:HIC:HICPRO:HICPRO_MAPPING:MERGE_BOWTIE2 (DTB-008-BL); status: RUNNING; exit: -; error: -; workDir: /scratch/g/vjin/Yu/hic_pipeline/work_batch_DTB-008-BL/60/d70a77cf356b96dbe447331cb2b969 started: 1788339799803; exited: -; ]
Sep-02 04:51:59.922 [Task monitor] DEBUG n.processor.TaskPollingMonitor - !! executor slurm > tasks to be completed: 2 -- submitted tasks are shown below
~> TaskHandler[jobId: 7512965; id: 13; name: NFCORE_HIC:HIC:HICPRO:HICPRO_MAPPING:MERGE_BOWTIE2 (DTB-008-BL); status: RUNNING; exit: -; error: -; workDir: /scratch/g/vjin/Yu/hic_pipeline/work_batch_DTB-008-BL/b4/df65bea297f22370cf8c60f2204841 started: 1788337189638; exited: -; ]
~> TaskHandler[jobId: 7512998; id: 14; name: NFCORE_HIC:HIC:HICPRO:HICPRO_MAPPING:MERGE_BOWTIE2 (DTB-008-BL); status: RUNNING; exit: -; error: -; workDir: /scratch/g/vjin/Yu/hic_pipeline/work_batch_DTB-008-BL/60/d70a77cf356b96dbe447331cb2b969 started: 1788339799803; exited: -; ]
Sep-02 04:56:59.933 [Task monitor] DEBUG n.processor.TaskPollingMonitor - !! executor slurm > tasks to be completed: 2 -- submitted tasks are shown below
~> TaskHandler[jobId: 7512965; id: 13; name: NFCORE_HIC:HIC:HICPRO:HICPRO_MAPPING:MERGE_BOWTIE2 (DTB-008-BL); status: RUNNING; exit: -; error: -; workDir: /scratch/g/vjin/Yu/hic_pipeline/work_batch_DTB-008-BL/b4/df65bea297f22370cf8c60f2204841 started: 1788337189638; exited: -; ]
~> TaskHandler[jobId: 7512998; id: 14; name: NFCORE_HIC:HIC:HICPRO:HICPRO_MAPPING:MERGE_BOWTIE2 (DTB-008-BL); status: RUNNING; exit: -; error: -; workDir: /scratch/g/vjin/Yu/hic_pipeline/work_batch_DTB-008-BL/60/d70a77cf356b96dbe447331cb2b969 started: 1788339799803; exited: -; ]
Sep-02 05:01:54.944 [Task monitor] DEBUG nextflow.file.FileHelper - FS path type (true): /scratch/g/vjin/Yu/hic_pipeline/work_batch_DTB-008-BL
Sep-02 05:01:55.022 [Task monitor] DEBUG n.processor.TaskPollingMonitor - Task completed > TaskHandler[jobId: 7512965; id: 13; name: NFCORE_HIC:HIC:HICPRO:HICPRO_MAPPING:MERGE_BOWTIE2 (DTB-008-BL); status: COMPLETED; exit: 0; error: -; workDir: /scratch/g/vjin/Yu/hic_pipeline/work_batch_DTB-008-BL/b4/df65bea297f22370cf8c60f2204841 started: 1788337189638; exited: 2026-09-02T10:01:42.372217337Z; ]
Sep-02 05:01:59.946 [Task monitor] DEBUG n.processor.TaskPollingMonitor - !! executor slurm > tasks to be completed: 1 -- submitted tasks are shown below
~> TaskHandler[jobId: 7512998; id: 14; name: NFCORE_HIC:HIC:HICPRO:HICPRO_MAPPING:MERGE_BOWTIE2 (DTB-008-BL); status: RUNNING; exit: -; error: -; workDir: /scratch/g/vjin/Yu/hic_pipeline/work_batch_DTB-008-BL/60/d70a77cf356b96dbe447331cb2b969 started: 1788339799803; exited: -; ]
Sep-02 05:06:59.965 [Task monitor] DEBUG n.processor.TaskPollingMonitor - !! executor slurm > tasks to be completed: 1 -- submitted tasks are shown below
~> TaskHandler[jobId: 7512998; id: 14; name: NFCORE_HIC:HIC:HICPRO:HICPRO_MAPPING:MERGE_BOWTIE2 (DTB-008-BL); status: RUNNING; exit: -; error: -; workDir: /scratch/g/vjin/Yu/hic_pipeline/work_batch_DTB-008-BL/60/d70a77cf356b96dbe447331cb2b969 started: 1788339799803; exited: -; ]
Sep-02 05:11:59.984 [Task monitor] DEBUG n.processor.TaskPollingMonitor - !! executor slurm > tasks to be completed: 1 -- submitted tasks are shown below
~> TaskHandler[jobId: 7512998; id: 14; name: NFCORE_HIC:HIC:HICPRO:HICPRO_MAPPING:MERGE_BOWTIE2 (DTB-008-BL); status: RUNNING; exit: -; error: -; workDir: /scratch/g/vjin/Yu/hic_pipeline/work_batch_DTB-008-BL/60/d70a77cf356b96dbe447331cb2b969 started: 1788339799803; exited: -; ]
Sep-02 05:17:00.006 [Task monitor] DEBUG n.processor.TaskPollingMonitor - !! executor slurm > tasks to be completed: 1 -- submitted tasks are shown below
~> TaskHandler[jobId: 7512998; id: 14; name: NFCORE_HIC:HIC:HICPRO:HICPRO_MAPPING:MERGE_BOWTIE2 (DTB-008-BL); status: RUNNING; exit: -; error: -; workDir: /scratch/g/vjin/Yu/hic_pipeline/work_batch_DTB-008-BL/60/d70a77cf356b96dbe447331cb2b969 started: 1788339799803; exited: -; ]
Sep-02 05:22:00.019 [Task monitor] DEBUG n.processor.TaskPollingMonitor - !! executor slurm > tasks to be completed: 1 -- submitted tasks are shown below
~> TaskHandler[jobId: 7512998; id: 14; name: NFCORE_HIC:HIC:HICPRO:HICPRO_MAPPING:MERGE_BOWTIE2 (DTB-008-BL); status: RUNNING; exit: -; error: -; workDir: /scratch/g/vjin/Yu/hic_pipeline/work_batch_DTB-008-BL/60/d70a77cf356b96dbe447331cb2b969 started: 1788339799803; exited: -; ]
Sep-02 05:27:00.029 [Task monitor] DEBUG n.processor.TaskPollingMonitor - !! executor slurm > tasks to be completed: 1 -- submitted tasks are shown below
~> TaskHandler[jobId: 7512998; id: 14; name: NFCORE_HIC:HIC:HICPRO:HICPRO_MAPPING:MERGE_BOWTIE2 (DTB-008-BL); status: RUNNING; exit: -; error: -; workDir: /scratch/g/vjin/Yu/hic_pipeline/work_batch_DTB-008-BL/60/d70a77cf356b96dbe447331cb2b969 started: 1788339799803; exited: -; ]
Sep-02 05:32:00.046 [Task monitor] DEBUG n.processor.TaskPollingMonitor - !! executor slurm > tasks to be completed: 1 -- submitted tasks are shown below
~> TaskHandler[jobId: 7512998; id: 14; name: NFCORE_HIC:HIC:HICPRO:HICPRO_MAPPING:MERGE_BOWTIE2 (DTB-008-BL); status: RUNNING; exit: -; error: -; workDir: /scratch/g/vjin/Yu/hic_pipeline/work_batch_DTB-008-BL/60/d70a77cf356b96dbe447331cb2b969 started: 1788339799803; exited: -; ]
Sep-02 05:37:00.063 [Task monitor] DEBUG n.processor.TaskPollingMonitor - !! executor slurm > tasks to be completed: 1 -- submitted tasks are shown below
~> TaskHandler[jobId: 7512998; id: 14; name: NFCORE_HIC:HIC:HICPRO:HICPRO_MAPPING:MERGE_BOWTIE2 (DTB-008-BL); status: RUNNING; exit: -; error: -; workDir: /scratch/g/vjin/Yu/hic_pipeline/work_batch_DTB-008-BL/60/d70a77cf356b96dbe447331cb2b969 started: 1788339799803; exited: -; ]
Sep-02 05:42:00.077 [Task monitor] DEBUG n.processor.TaskPollingMonitor - !! executor slurm > tasks to be completed: 1 -- submitted tasks are shown below
~> TaskHandler[jobId: 7512998; id: 14; name: NFCORE_HIC:HIC:HICPRO:HICPRO_MAPPING:MERGE_BOWTIE2 (DTB-008-BL); status: RUNNING; exit: -; error: -; workDir: /scratch/g/vjin/Yu/hic_pipeline/work_batch_DTB-008-BL/60/d70a77cf356b96dbe447331cb2b969 started: 1788339799803; exited: -; ]
Sep-02 05:47:00.100 [Task monitor] DEBUG n.processor.TaskPollingMonitor - !! executor slurm > tasks to be completed: 1 -- submitted tasks are shown below
~> TaskHandler[jobId: 7512998; id: 14; name: NFCORE_HIC:HIC:HICPRO:HICPRO_MAPPING:MERGE_BOWTIE2 (DTB-008-BL); status: RUNNING; exit: -; error: -; workDir: /scratch/g/vjin/Yu/hic_pipeline/work_batch_DTB-008-BL/60/d70a77cf356b96dbe447331cb2b969 started: 1788339799803; exited: -; ]
Sep-02 05:49:55.152 [Task monitor] DEBUG n.processor.TaskPollingMonitor - Task completed > TaskHandler[jobId: 7512998; id: 14; name: NFCORE_HIC:HIC:HICPRO:HICPRO_MAPPING:MERGE_BOWTIE2 (DTB-008-BL); status: COMPLETED; exit: 0; error: -; workDir: /scratch/g/vjin/Yu/hic_pipeline/work_batch_DTB-008-BL/60/d70a77cf356b96dbe447331cb2b969 started: 1788339799803; exited: 2026-09-02T10:49:41.549365227Z; ]
Sep-02 05:49:55.266 [Task submitter] DEBUG nextflow.executor.GridTaskHandler - [SLURM] submitted process NFCORE_HIC:HIC:HICPRO:MERGE_STATS (DTB-008-BL) > jobId: 7513152; workDir: /scratch/g/vjin/Yu/hic_pipeline/work_batch_DTB-008-BL/de/68f5bba618f46c7a0249c214f8b403
Sep-02 05:49:55.267 [Task submitter] INFO  nextflow.Session - [de/68f5bb] Submitted process > NFCORE_HIC:HIC:HICPRO:MERGE_STATS (DTB-008-BL)
Sep-02 05:49:55.321 [Task submitter] DEBUG nextflow.executor.GridTaskHandler - [SLURM] submitted process NFCORE_HIC:HIC:HICPRO:MERGE_STATS (DTB-008-BL) > jobId: 7513153; workDir: /scratch/g/vjin/Yu/hic_pipeline/work_batch_DTB-008-BL/70/6b4e3cb6ac36a77e2d79c53c80374e
Sep-02 05:49:55.321 [Task submitter] INFO  nextflow.Session - [70/6b4e3c] Submitted process > NFCORE_HIC:HIC:HICPRO:MERGE_STATS (DTB-008-BL)
Sep-02 05:49:55.369 [Task submitter] DEBUG nextflow.executor.GridTaskHandler - [SLURM] submitted process NFCORE_HIC:HIC:HICPRO:HICPRO_MAPPING:COMBINE_MATES (DTB-008-BL) > jobId: 7513154; workDir: /scratch/g/vjin/Yu/hic_pipeline/work_batch_DTB-008-BL/21/7a11d8f4638a7e3829a0c9e2a18862
Sep-02 05:49:55.369 [Task submitter] INFO  nextflow.Session - [21/7a11d8] Submitted process > NFCORE_HIC:HIC:HICPRO:HICPRO_MAPPING:COMBINE_MATES (DTB-008-BL)
Sep-02 05:50:30.115 [Task monitor] DEBUG n.processor.TaskPollingMonitor - Task completed > TaskHandler[jobId: 7513152; id: 17; name: NFCORE_HIC:HIC:HICPRO:MERGE_STATS (DTB-008-BL); status: COMPLETED; exit: 0; error: -; workDir: /scratch/g/vjin/Yu/hic_pipeline/work_batch_DTB-008-BL/de/68f5bba618f46c7a0249c214f8b403 started: 1788346230112; exited: 2026-09-02T10:50:02.442568179Z; ]
Sep-02 05:50:30.120 [Task monitor] DEBUG n.processor.TaskPollingMonitor - Task completed > TaskHandler[jobId: 7513153; id: 15; name: NFCORE_HIC:HIC:HICPRO:MERGE_STATS (DTB-008-BL); status: COMPLETED; exit: 0; error: -; workDir: /scratch/g/vjin/Yu/hic_pipeline/work_batch_DTB-008-BL/70/6b4e3cb6ac36a77e2d79c53c80374e started: 1788346230117; exited: 2026-09-02T10:50:01.80845513Z; ]
Sep-02 05:52:00.116 [Task monitor] DEBUG n.processor.TaskPollingMonitor - !! executor slurm > tasks to be completed: 1 -- submitted tasks are shown below
~> TaskHandler[jobId: 7513154; id: 16; name: NFCORE_HIC:HIC:HICPRO:HICPRO_MAPPING:COMBINE_MATES (DTB-008-BL); status: RUNNING; exit: -; error: -; workDir: /scratch/g/vjin/Yu/hic_pipeline/work_batch_DTB-008-BL/21/7a11d8f4638a7e3829a0c9e2a18862 started: 1788346230122; exited: -; ]
Sep-02 05:57:00.133 [Task monitor] DEBUG n.processor.TaskPollingMonitor - !! executor slurm > tasks to be completed: 1 -- submitted tasks are shown below
~> TaskHandler[jobId: 7513154; id: 16; name: NFCORE_HIC:HIC:HICPRO:HICPRO_MAPPING:COMBINE_MATES (DTB-008-BL); status: RUNNING; exit: -; error: -; workDir: /scratch/g/vjin/Yu/hic_pipeline/work_batch_DTB-008-BL/21/7a11d8f4638a7e3829a0c9e2a18862 started: 1788346230122; exited: -; ]
Sep-02 06:02:00.148 [Task monitor] DEBUG n.processor.TaskPollingMonitor - !! executor slurm > tasks to be completed: 1 -- submitted tasks are shown below
~> TaskHandler[jobId: 7513154; id: 16; name: NFCORE_HIC:HIC:HICPRO:HICPRO_MAPPING:COMBINE_MATES (DTB-008-BL); status: RUNNING; exit: -; error: -; workDir: /scratch/g/vjin/Yu/hic_pipeline/work_batch_DTB-008-BL/21/7a11d8f4638a7e3829a0c9e2a18862 started: 1788346230122; exited: -; ]
Sep-02 06:07:00.165 [Task monitor] DEBUG n.processor.TaskPollingMonitor - !! executor slurm > tasks to be completed: 1 -- submitted tasks are shown below
~> TaskHandler[jobId: 7513154; id: 16; name: NFCORE_HIC:HIC:HICPRO:HICPRO_MAPPING:COMBINE_MATES (DTB-008-BL); status: RUNNING; exit: -; error: -; workDir: /scratch/g/vjin/Yu/hic_pipeline/work_batch_DTB-008-BL/21/7a11d8f4638a7e3829a0c9e2a18862 started: 1788346230122; exited: -; ]
Sep-02 06:12:00.183 [Task monitor] DEBUG n.processor.TaskPollingMonitor - !! executor slurm > tasks to be completed: 1 -- submitted tasks are shown below
~> TaskHandler[jobId: 7513154; id: 16; name: NFCORE_HIC:HIC:HICPRO:HICPRO_MAPPING:COMBINE_MATES (DTB-008-BL); status: RUNNING; exit: -; error: -; workDir: /scratch/g/vjin/Yu/hic_pipeline/work_batch_DTB-008-BL/21/7a11d8f4638a7e3829a0c9e2a18862 started: 1788346230122; exited: -; ]
Sep-02 06:17:01.213 [Task monitor] DEBUG n.processor.TaskPollingMonitor - !! executor slurm > tasks to be completed: 1 -- submitted tasks are shown below
~> TaskHandler[jobId: 7513154; id: 16; name: NFCORE_HIC:HIC:HICPRO:HICPRO_MAPPING:COMBINE_MATES (DTB-008-BL); status: RUNNING; exit: -; error: -; workDir: /scratch/g/vjin/Yu/hic_pipeline/work_batch_DTB-008-BL/21/7a11d8f4638a7e3829a0c9e2a18862 started: 1788346230122; exited: -; ]
Sep-02 06:22:01.225 [Task monitor] DEBUG n.processor.TaskPollingMonitor - !! executor slurm > tasks to be completed: 1 -- submitted tasks are shown below
~> TaskHandler[jobId: 7513154; id: 16; name: NFCORE_HIC:HIC:HICPRO:HICPRO_MAPPING:COMBINE_MATES (DTB-008-BL); status: RUNNING; exit: -; error: -; workDir: /scratch/g/vjin/Yu/hic_pipeline/work_batch_DTB-008-BL/21/7a11d8f4638a7e3829a0c9e2a18862 started: 1788346230122; exited: -; ]
Sep-02 06:27:01.240 [Task monitor] DEBUG n.processor.TaskPollingMonitor - !! executor slurm > tasks to be completed: 1 -- submitted tasks are shown below
~> TaskHandler[jobId: 7513154; id: 16; name: NFCORE_HIC:HIC:HICPRO:HICPRO_MAPPING:COMBINE_MATES (DTB-008-BL); status: RUNNING; exit: -; error: -; workDir: /scratch/g/vjin/Yu/hic_pipeline/work_batch_DTB-008-BL/21/7a11d8f4638a7e3829a0c9e2a18862 started: 1788346230122; exited: -; ]
Sep-02 06:32:01.257 [Task monitor] DEBUG n.processor.TaskPollingMonitor - !! executor slurm > tasks to be completed: 1 -- submitted tasks are shown below
~> TaskHandler[jobId: 7513154; id: 16; name: NFCORE_HIC:HIC:HICPRO:HICPRO_MAPPING:COMBINE_MATES (DTB-008-BL); status: RUNNING; exit: -; error: -; workDir: /scratch/g/vjin/Yu/hic_pipeline/work_batch_DTB-008-BL/21/7a11d8f4638a7e3829a0c9e2a18862 started: 1788346230122; exited: -; ]
Sep-02 06:37:01.272 [Task monitor] DEBUG n.processor.TaskPollingMonitor - !! executor slurm > tasks to be completed: 1 -- submitted tasks are shown below
~> TaskHandler[jobId: 7513154; id: 16; name: NFCORE_HIC:HIC:HICPRO:HICPRO_MAPPING:COMBINE_MATES (DTB-008-BL); status: RUNNING; exit: -; error: -; workDir: /scratch/g/vjin/Yu/hic_pipeline/work_batch_DTB-008-BL/21/7a11d8f4638a7e3829a0c9e2a18862 started: 1788346230122; exited: -; ]
Sep-02 06:42:01.290 [Task monitor] DEBUG n.processor.TaskPollingMonitor - !! executor slurm > tasks to be completed: 1 -- submitted tasks are shown below
~> TaskHandler[jobId: 7513154; id: 16; name: NFCORE_HIC:HIC:HICPRO:HICPRO_MAPPING:COMBINE_MATES (DTB-008-BL); status: RUNNING; exit: -; error: -; workDir: /scratch/g/vjin/Yu/hic_pipeline/work_batch_DTB-008-BL/21/7a11d8f4638a7e3829a0c9e2a18862 started: 1788346230122; exited: -; ]
Sep-02 06:47:01.306 [Task monitor] DEBUG n.processor.TaskPollingMonitor - !! executor slurm > tasks to be completed: 1 -- submitted tasks are shown below
~> TaskHandler[jobId: 7513154; id: 16; name: NFCORE_HIC:HIC:HICPRO:HICPRO_MAPPING:COMBINE_MATES (DTB-008-BL); status: RUNNING; exit: -; error: -; workDir: /scratch/g/vjin/Yu/hic_pipeline/work_batch_DTB-008-BL/21/7a11d8f4638a7e3829a0c9e2a18862 started: 1788346230122; exited: -; ]
Sep-02 06:52:01.320 [Task monitor] DEBUG n.processor.TaskPollingMonitor - !! executor slurm > tasks to be completed: 1 -- submitted tasks are shown below
~> TaskHandler[jobId: 7513154; id: 16; name: NFCORE_HIC:HIC:HICPRO:HICPRO_MAPPING:COMBINE_MATES (DTB-008-BL); status: RUNNING; exit: -; error: -; workDir: /scratch/g/vjin/Yu/hic_pipeline/work_batch_DTB-008-BL/21/7a11d8f4638a7e3829a0c9e2a18862 started: 1788346230122; exited: -; ]
Sep-02 06:57:01.332 [Task monitor] DEBUG n.processor.TaskPollingMonitor - !! executor slurm > tasks to be completed: 1 -- submitted tasks are shown below
~> TaskHandler[jobId: 7513154; id: 16; name: NFCORE_HIC:HIC:HICPRO:HICPRO_MAPPING:COMBINE_MATES (DTB-008-BL); status: RUNNING; exit: -; error: -; workDir: /scratch/g/vjin/Yu/hic_pipeline/work_batch_DTB-008-BL/21/7a11d8f4638a7e3829a0c9e2a18862 started: 1788346230122; exited: -; ]
Sep-02 07:02:01.345 [Task monitor] DEBUG n.processor.TaskPollingMonitor - !! executor slurm > tasks to be completed: 1 -- submitted tasks are shown below
~> TaskHandler[jobId: 7513154; id: 16; name: NFCORE_HIC:HIC:HICPRO:HICPRO_MAPPING:COMBINE_MATES (DTB-008-BL); status: RUNNING; exit: -; error: -; workDir: /scratch/g/vjin/Yu/hic_pipeline/work_batch_DTB-008-BL/21/7a11d8f4638a7e3829a0c9e2a18862 started: 1788346230122; exited: -; ]
Sep-02 07:07:01.352 [Task monitor] DEBUG n.processor.TaskPollingMonitor - !! executor slurm > tasks to be completed: 1 -- submitted tasks are shown below
~> TaskHandler[jobId: 7513154; id: 16; name: NFCORE_HIC:HIC:HICPRO:HICPRO_MAPPING:COMBINE_MATES (DTB-008-BL); status: RUNNING; exit: -; error: -; workDir: /scratch/g/vjin/Yu/hic_pipeline/work_batch_DTB-008-BL/21/7a11d8f4638a7e3829a0c9e2a18862 started: 1788346230122; exited: -; ]
Sep-02 07:12:01.366 [Task monitor] DEBUG n.processor.TaskPollingMonitor - !! executor slurm > tasks to be completed: 1 -- submitted tasks are shown below
~> TaskHandler[jobId: 7513154; id: 16; name: NFCORE_HIC:HIC:HICPRO:HICPRO_MAPPING:COMBINE_MATES (DTB-008-BL); status: RUNNING; exit: -; error: -; workDir: /scratch/g/vjin/Yu/hic_pipeline/work_batch_DTB-008-BL/21/7a11d8f4638a7e3829a0c9e2a18862 started: 1788346230122; exited: -; ]
Sep-02 07:17:01.374 [Task monitor] DEBUG n.processor.TaskPollingMonitor - !! executor slurm > tasks to be completed: 1 -- submitted tasks are shown below
~> TaskHandler[jobId: 7513154; id: 16; name: NFCORE_HIC:HIC:HICPRO:HICPRO_MAPPING:COMBINE_MATES (DTB-008-BL); status: RUNNING; exit: -; error: -; workDir: /scratch/g/vjin/Yu/hic_pipeline/work_batch_DTB-008-BL/21/7a11d8f4638a7e3829a0c9e2a18862 started: 1788346230122; exited: -; ]
Sep-02 07:22:01.390 [Task monitor] DEBUG n.processor.TaskPollingMonitor - !! executor slurm > tasks to be completed: 1 -- submitted tasks are shown below
~> TaskHandler[jobId: 7513154; id: 16; name: NFCORE_HIC:HIC:HICPRO:HICPRO_MAPPING:COMBINE_MATES (DTB-008-BL); status: RUNNING; exit: -; error: -; workDir: /scratch/g/vjin/Yu/hic_pipeline/work_batch_DTB-008-BL/21/7a11d8f4638a7e3829a0c9e2a18862 started: 1788346230122; exited: -; ]
Sep-02 07:27:01.405 [Task monitor] DEBUG n.processor.TaskPollingMonitor - !! executor slurm > tasks to be completed: 1 -- submitted tasks are shown below
~> TaskHandler[jobId: 7513154; id: 16; name: NFCORE_HIC:HIC:HICPRO:HICPRO_MAPPING:COMBINE_MATES (DTB-008-BL); status: RUNNING; exit: -; error: -; workDir: /scratch/g/vjin/Yu/hic_pipeline/work_batch_DTB-008-BL/21/7a11d8f4638a7e3829a0c9e2a18862 started: 1788346230122; exited: -; ]
Sep-02 07:32:01.421 [Task monitor] DEBUG n.processor.TaskPollingMonitor - !! executor slurm > tasks to be completed: 1 -- submitted tasks are shown below
~> TaskHandler[jobId: 7513154; id: 16; name: NFCORE_HIC:HIC:HICPRO:HICPRO_MAPPING:COMBINE_MATES (DTB-008-BL); status: RUNNING; exit: -; error: -; workDir: /scratch/g/vjin/Yu/hic_pipeline/work_batch_DTB-008-BL/21/7a11d8f4638a7e3829a0c9e2a18862 started: 1788346230122; exited: -; ]
Sep-02 07:37:01.436 [Task monitor] DEBUG n.processor.TaskPollingMonitor - !! executor slurm > tasks to be completed: 1 -- submitted tasks are shown below
~> TaskHandler[jobId: 7513154; id: 16; name: NFCORE_HIC:HIC:HICPRO:HICPRO_MAPPING:COMBINE_MATES (DTB-008-BL); status: RUNNING; exit: -; error: -; workDir: /scratch/g/vjin/Yu/hic_pipeline/work_batch_DTB-008-BL/21/7a11d8f4638a7e3829a0c9e2a18862 started: 1788346230122; exited: -; ]
Sep-02 07:42:01.448 [Task monitor] DEBUG n.processor.TaskPollingMonitor - !! executor slurm > tasks to be completed: 1 -- submitted tasks are shown below
~> TaskHandler[jobId: 7513154; id: 16; name: NFCORE_HIC:HIC:HICPRO:HICPRO_MAPPING:COMBINE_MATES (DTB-008-BL); status: RUNNING; exit: -; error: -; workDir: /scratch/g/vjin/Yu/hic_pipeline/work_batch_DTB-008-BL/21/7a11d8f4638a7e3829a0c9e2a18862 started: 1788346230122; exited: -; ]
Sep-02 07:47:01.464 [Task monitor] DEBUG n.processor.TaskPollingMonitor - !! executor slurm > tasks to be completed: 1 -- submitted tasks are shown below
~> TaskHandler[jobId: 7513154; id: 16; name: NFCORE_HIC:HIC:HICPRO:HICPRO_MAPPING:COMBINE_MATES (DTB-008-BL); status: RUNNING; exit: -; error: -; workDir: /scratch/g/vjin/Yu/hic_pipeline/work_batch_DTB-008-BL/21/7a11d8f4638a7e3829a0c9e2a18862 started: 1788346230122; exited: -; ]
Sep-02 07:52:01.476 [Task monitor] DEBUG n.processor.TaskPollingMonitor - !! executor slurm > tasks to be completed: 1 -- submitted tasks are shown below
~> TaskHandler[jobId: 7513154; id: 16; name: NFCORE_HIC:HIC:HICPRO:HICPRO_MAPPING:COMBINE_MATES (DTB-008-BL); status: RUNNING; exit: -; error: -; workDir: /scratch/g/vjin/Yu/hic_pipeline/work_batch_DTB-008-BL/21/7a11d8f4638a7e3829a0c9e2a18862 started: 1788346230122; exited: -; ]
Sep-02 07:57:01.494 [Task monitor] DEBUG n.processor.TaskPollingMonitor - !! executor slurm > tasks to be completed: 1 -- submitted tasks are shown below
~> TaskHandler[jobId: 7513154; id: 16; name: NFCORE_HIC:HIC:HICPRO:HICPRO_MAPPING:COMBINE_MATES (DTB-008-BL); status: RUNNING; exit: -; error: -; workDir: /scratch/g/vjin/Yu/hic_pipeline/work_batch_DTB-008-BL/21/7a11d8f4638a7e3829a0c9e2a18862 started: 1788346230122; exited: -; ]
Sep-02 08:02:01.510 [Task monitor] DEBUG n.processor.TaskPollingMonitor - !! executor slurm > tasks to be completed: 1 -- submitted tasks are shown below
~> TaskHandler[jobId: 7513154; id: 16; name: NFCORE_HIC:HIC:HICPRO:HICPRO_MAPPING:COMBINE_MATES (DTB-008-BL); status: RUNNING; exit: -; error: -; workDir: /scratch/g/vjin/Yu/hic_pipeline/work_batch_DTB-008-BL/21/7a11d8f4638a7e3829a0c9e2a18862 started: 1788346230122; exited: -; ]
Sep-02 08:07:01.529 [Task monitor] DEBUG n.processor.TaskPollingMonitor - !! executor slurm > tasks to be completed: 1 -- submitted tasks are shown below
~> TaskHandler[jobId: 7513154; id: 16; name: NFCORE_HIC:HIC:HICPRO:HICPRO_MAPPING:COMBINE_MATES (DTB-008-BL); status: RUNNING; exit: -; error: -; workDir: /scratch/g/vjin/Yu/hic_pipeline/work_batch_DTB-008-BL/21/7a11d8f4638a7e3829a0c9e2a18862 started: 1788346230122; exited: -; ]
Sep-02 08:12:01.548 [Task monitor] DEBUG n.processor.TaskPollingMonitor - !! executor slurm > tasks to be completed: 1 -- submitted tasks are shown below
~> TaskHandler[jobId: 7513154; id: 16; name: NFCORE_HIC:HIC:HICPRO:HICPRO_MAPPING:COMBINE_MATES (DTB-008-BL); status: RUNNING; exit: -; error: -; workDir: /scratch/g/vjin/Yu/hic_pipeline/work_batch_DTB-008-BL/21/7a11d8f4638a7e3829a0c9e2a18862 started: 1788346230122; exited: -; ]
Sep-02 08:17:01.560 [Task monitor] DEBUG n.processor.TaskPollingMonitor - !! executor slurm > tasks to be completed: 1 -- submitted tasks are shown below
~> TaskHandler[jobId: 7513154; id: 16; name: NFCORE_HIC:HIC:HICPRO:HICPRO_MAPPING:COMBINE_MATES (DTB-008-BL); status: RUNNING; exit: -; error: -; workDir: /scratch/g/vjin/Yu/hic_pipeline/work_batch_DTB-008-BL/21/7a11d8f4638a7e3829a0c9e2a18862 started: 1788346230122; exited: -; ]
Sep-02 08:22:01.576 [Task monitor] DEBUG n.processor.TaskPollingMonitor - !! executor slurm > tasks to be completed: 1 -- submitted tasks are shown below
~> TaskHandler[jobId: 7513154; id: 16; name: NFCORE_HIC:HIC:HICPRO:HICPRO_MAPPING:COMBINE_MATES (DTB-008-BL); status: RUNNING; exit: -; error: -; workDir: /scratch/g/vjin/Yu/hic_pipeline/work_batch_DTB-008-BL/21/7a11d8f4638a7e3829a0c9e2a18862 started: 1788346230122; exited: -; ]
Sep-02 08:27:01.587 [Task monitor] DEBUG n.processor.TaskPollingMonitor - !! executor slurm > tasks to be completed: 1 -- submitted tasks are shown below
~> TaskHandler[jobId: 7513154; id: 16; name: NFCORE_HIC:HIC:HICPRO:HICPRO_MAPPING:COMBINE_MATES (DTB-008-BL); status: RUNNING; exit: -; error: -; workDir: /scratch/g/vjin/Yu/hic_pipeline/work_batch_DTB-008-BL/21/7a11d8f4638a7e3829a0c9e2a18862 started: 1788346230122; exited: -; ]
Sep-02 08:32:01.601 [Task monitor] DEBUG n.processor.TaskPollingMonitor - !! executor slurm > tasks to be completed: 1 -- submitted tasks are shown below
~> TaskHandler[jobId: 7513154; id: 16; name: NFCORE_HIC:HIC:HICPRO:HICPRO_MAPPING:COMBINE_MATES (DTB-008-BL); status: RUNNING; exit: -; error: -; workDir: /scratch/g/vjin/Yu/hic_pipeline/work_batch_DTB-008-BL/21/7a11d8f4638a7e3829a0c9e2a18862 started: 1788346230122; exited: -; ]
Sep-02 08:37:01.612 [Task monitor] DEBUG n.processor.TaskPollingMonitor - !! executor slurm > tasks to be completed: 1 -- submitted tasks are shown below
~> TaskHandler[jobId: 7513154; id: 16; name: NFCORE_HIC:HIC:HICPRO:HICPRO_MAPPING:COMBINE_MATES (DTB-008-BL); status: RUNNING; exit: -; error: -; workDir: /scratch/g/vjin/Yu/hic_pipeline/work_batch_DTB-008-BL/21/7a11d8f4638a7e3829a0c9e2a18862 started: 1788346230122; exited: -; ]
Sep-02 08:42:01.624 [Task monitor] DEBUG n.processor.TaskPollingMonitor - !! executor slurm > tasks to be completed: 1 -- submitted tasks are shown below
~> TaskHandler[jobId: 7513154; id: 16; name: NFCORE_HIC:HIC:HICPRO:HICPRO_MAPPING:COMBINE_MATES (DTB-008-BL); status: RUNNING; exit: -; error: -; workDir: /scratch/g/vjin/Yu/hic_pipeline/work_batch_DTB-008-BL/21/7a11d8f4638a7e3829a0c9e2a18862 started: 1788346230122; exited: -; ]
Sep-02 08:47:01.637 [Task monitor] DEBUG n.processor.TaskPollingMonitor - !! executor slurm > tasks to be completed: 1 -- submitted tasks are shown below
~> TaskHandler[jobId: 7513154; id: 16; name: NFCORE_HIC:HIC:HICPRO:HICPRO_MAPPING:COMBINE_MATES (DTB-008-BL); status: RUNNING; exit: -; error: -; workDir: /scratch/g/vjin/Yu/hic_pipeline/work_batch_DTB-008-BL/21/7a11d8f4638a7e3829a0c9e2a18862 started: 1788346230122; exited: -; ]
Sep-02 08:52:01.646 [Task monitor] DEBUG n.processor.TaskPollingMonitor - !! executor slurm > tasks to be completed: 1 -- submitted tasks are shown below
~> TaskHandler[jobId: 7513154; id: 16; name: NFCORE_HIC:HIC:HICPRO:HICPRO_MAPPING:COMBINE_MATES (DTB-008-BL); status: RUNNING; exit: -; error: -; workDir: /scratch/g/vjin/Yu/hic_pipeline/work_batch_DTB-008-BL/21/7a11d8f4638a7e3829a0c9e2a18862 started: 1788346230122; exited: -; ]
Sep-02 08:57:01.660 [Task monitor] DEBUG n.processor.TaskPollingMonitor - !! executor slurm > tasks to be completed: 1 -- submitted tasks are shown below
~> TaskHandler[jobId: 7513154; id: 16; name: NFCORE_HIC:HIC:HICPRO:HICPRO_MAPPING:COMBINE_MATES (DTB-008-BL); status: RUNNING; exit: -; error: -; workDir: /scratch/g/vjin/Yu/hic_pipeline/work_batch_DTB-008-BL/21/7a11d8f4638a7e3829a0c9e2a18862 started: 1788346230122; exited: -; ]
Sep-02 09:02:01.679 [Task monitor] DEBUG n.processor.TaskPollingMonitor - !! executor slurm > tasks to be completed: 1 -- submitted tasks are shown below
~> TaskHandler[jobId: 7513154; id: 16; name: NFCORE_HIC:HIC:HICPRO:HICPRO_MAPPING:COMBINE_MATES (DTB-008-BL); status: RUNNING; exit: -; error: -; workDir: /scratch/g/vjin/Yu/hic_pipeline/work_batch_DTB-008-BL/21/7a11d8f4638a7e3829a0c9e2a18862 started: 1788346230122; exited: -; ]
Sep-02 09:07:01.694 [Task monitor] DEBUG n.processor.TaskPollingMonitor - !! executor slurm > tasks to be completed: 1 -- submitted tasks are shown below
~> TaskHandler[jobId: 7513154; id: 16; name: NFCORE_HIC:HIC:HICPRO:HICPRO_MAPPING:COMBINE_MATES (DTB-008-BL); status: RUNNING; exit: -; error: -; workDir: /scratch/g/vjin/Yu/hic_pipeline/work_batch_DTB-008-BL/21/7a11d8f4638a7e3829a0c9e2a18862 started: 1788346230122; exited: -; ]
Sep-02 09:12:01.747 [Task monitor] DEBUG n.processor.TaskPollingMonitor - !! executor slurm > tasks to be completed: 1 -- submitted tasks are shown below
~> TaskHandler[jobId: 7513154; id: 16; name: NFCORE_HIC:HIC:HICPRO:HICPRO_MAPPING:COMBINE_MATES (DTB-008-BL); status: RUNNING; exit: -; error: -; workDir: /scratch/g/vjin/Yu/hic_pipeline/work_batch_DTB-008-BL/21/7a11d8f4638a7e3829a0c9e2a18862 started: 1788346230122; exited: -; ]
Sep-02 09:17:01.759 [Task monitor] DEBUG n.processor.TaskPollingMonitor - !! executor slurm > tasks to be completed: 1 -- submitted tasks are shown below
~> TaskHandler[jobId: 7513154; id: 16; name: NFCORE_HIC:HIC:HICPRO:HICPRO_MAPPING:COMBINE_MATES (DTB-008-BL); status: RUNNING; exit: -; error: -; workDir: /scratch/g/vjin/Yu/hic_pipeline/work_batch_DTB-008-BL/21/7a11d8f4638a7e3829a0c9e2a18862 started: 1788346230122; exited: -; ]
Sep-02 09:22:01.776 [Task monitor] DEBUG n.processor.TaskPollingMonitor - !! executor slurm > tasks to be completed: 1 -- submitted tasks are shown below
~> TaskHandler[jobId: 7513154; id: 16; name: NFCORE_HIC:HIC:HICPRO:HICPRO_MAPPING:COMBINE_MATES (DTB-008-BL); status: RUNNING; exit: -; error: -; workDir: /scratch/g/vjin/Yu/hic_pipeline/work_batch_DTB-008-BL/21/7a11d8f4638a7e3829a0c9e2a18862 started: 1788346230122; exited: -; ]
Sep-02 09:27:01.791 [Task monitor] DEBUG n.processor.TaskPollingMonitor - !! executor slurm > tasks to be completed: 1 -- submitted tasks are shown below
~> TaskHandler[jobId: 7513154; id: 16; name: NFCORE_HIC:HIC:HICPRO:HICPRO_MAPPING:COMBINE_MATES (DTB-008-BL); status: RUNNING; exit: -; error: -; workDir: /scratch/g/vjin/Yu/hic_pipeline/work_batch_DTB-008-BL/21/7a11d8f4638a7e3829a0c9e2a18862 started: 1788346230122; exited: -; ]
Sep-02 09:32:01.801 [Task monitor] DEBUG n.processor.TaskPollingMonitor - !! executor slurm > tasks to be completed: 1 -- submitted tasks are shown below
~> TaskHandler[jobId: 7513154; id: 16; name: NFCORE_HIC:HIC:HICPRO:HICPRO_MAPPING:COMBINE_MATES (DTB-008-BL); status: RUNNING; exit: -; error: -; workDir: /scratch/g/vjin/Yu/hic_pipeline/work_batch_DTB-008-BL/21/7a11d8f4638a7e3829a0c9e2a18862 started: 1788346230122; exited: -; ]
Sep-02 09:37:01.814 [Task monitor] DEBUG n.processor.TaskPollingMonitor - !! executor slurm > tasks to be completed: 1 -- submitted tasks are shown below
~> TaskHandler[jobId: 7513154; id: 16; name: NFCORE_HIC:HIC:HICPRO:HICPRO_MAPPING:COMBINE_MATES (DTB-008-BL); status: RUNNING; exit: -; error: -; workDir: /scratch/g/vjin/Yu/hic_pipeline/work_batch_DTB-008-BL/21/7a11d8f4638a7e3829a0c9e2a18862 started: 1788346230122; exited: -; ]
Sep-02 09:42:01.826 [Task monitor] DEBUG n.processor.TaskPollingMonitor - !! executor slurm > tasks to be completed: 1 -- submitted tasks are shown below
~> TaskHandler[jobId: 7513154; id: 16; name: NFCORE_HIC:HIC:HICPRO:HICPRO_MAPPING:COMBINE_MATES (DTB-008-BL); status: RUNNING; exit: -; error: -; workDir: /scratch/g/vjin/Yu/hic_pipeline/work_batch_DTB-008-BL/21/7a11d8f4638a7e3829a0c9e2a18862 started: 1788346230122; exited: -; ]
Sep-02 09:47:01.833 [Task monitor] DEBUG n.processor.TaskPollingMonitor - !! executor slurm > tasks to be completed: 1 -- submitted tasks are shown below
~> TaskHandler[jobId: 7513154; id: 16; name: NFCORE_HIC:HIC:HICPRO:HICPRO_MAPPING:COMBINE_MATES (DTB-008-BL); status: RUNNING; exit: -; error: -; workDir: /scratch/g/vjin/Yu/hic_pipeline/work_batch_DTB-008-BL/21/7a11d8f4638a7e3829a0c9e2a18862 started: 1788346230122; exited: -; ]
Sep-02 09:49:26.842 [Task monitor] DEBUG n.processor.TaskPollingMonitor - Task completed > TaskHandler[jobId: 7513154; id: 16; name: NFCORE_HIC:HIC:HICPRO:HICPRO_MAPPING:COMBINE_MATES (DTB-008-BL); status: COMPLETED; exit: 140; error: -; workDir: /scratch/g/vjin/Yu/hic_pipeline/work_batch_DTB-008-BL/21/7a11d8f4638a7e3829a0c9e2a18862 started: 1788346230122; exited: 2026-09-02T14:48:57.07284048Z; ]
Sep-02 09:49:26.857 [TaskFinalizer-7] DEBUG nextflow.processor.TaskProcessor - Handling unexpected condition for
  task: name=NFCORE_HIC:HIC:HICPRO:HICPRO_MAPPING:COMBINE_MATES (DTB-008-BL); work-dir=/scratch/g/vjin/Yu/hic_pipeline/work_batch_DTB-008-BL/21/7a11d8f4638a7e3829a0c9e2a18862
  error [nextflow.exception.ProcessFailedException]: Process `NFCORE_HIC:HIC:HICPRO:HICPRO_MAPPING:COMBINE_MATES (DTB-008-BL)` terminated with an error exit status (140)
Sep-02 09:49:26.865 [TaskFinalizer-7] INFO  nextflow.processor.TaskProcessor - [21/7a11d8] NOTE: Process `NFCORE_HIC:HIC:HICPRO:HICPRO_MAPPING:COMBINE_MATES (DTB-008-BL)` terminated with an error exit status (140) -- Execution is retried (1)
Sep-02 09:49:26.953 [Task submitter] DEBUG nextflow.executor.GridTaskHandler - [SLURM] submitted process NFCORE_HIC:HIC:HICPRO:HICPRO_MAPPING:COMBINE_MATES (DTB-008-BL) > jobId: 7513500; workDir: /scratch/g/vjin/Yu/hic_pipeline/work_batch_DTB-008-BL/38/985974af80931233f985e78522a5db
Sep-02 09:49:26.953 [Task submitter] INFO  nextflow.Session - [38/985974] Re-submitted process > NFCORE_HIC:HIC:HICPRO:HICPRO_MAPPING:COMBINE_MATES (DTB-008-BL)
Sep-02 09:52:01.847 [Task monitor] DEBUG n.processor.TaskPollingMonitor - !! executor slurm > tasks to be completed: 1 -- submitted tasks are shown below
~> TaskHandler[jobId: 7513500; id: 18; name: NFCORE_HIC:HIC:HICPRO:HICPRO_MAPPING:COMBINE_MATES (DTB-008-BL); status: RUNNING; exit: -; error: -; workDir: /scratch/g/vjin/Yu/hic_pipeline/work_batch_DTB-008-BL/38/985974af80931233f985e78522a5db started: 1788360586864; exited: -; ]
Sep-02 09:57:01.862 [Task monitor] DEBUG n.processor.TaskPollingMonitor - !! executor slurm > tasks to be completed: 1 -- submitted tasks are shown below
~> TaskHandler[jobId: 7513500; id: 18; name: NFCORE_HIC:HIC:HICPRO:HICPRO_MAPPING:COMBINE_MATES (DTB-008-BL); status: RUNNING; exit: -; error: -; workDir: /scratch/g/vjin/Yu/hic_pipeline/work_batch_DTB-008-BL/38/985974af80931233f985e78522a5db started: 1788360586864; exited: -; ]
Sep-02 10:02:01.875 [Task monitor] DEBUG n.processor.TaskPollingMonitor - !! executor slurm > tasks to be completed: 1 -- submitted tasks are shown below
~> TaskHandler[jobId: 7513500; id: 18; name: NFCORE_HIC:HIC:HICPRO:HICPRO_MAPPING:COMBINE_MATES (DTB-008-BL); status: RUNNING; exit: -; error: -; workDir: /scratch/g/vjin/Yu/hic_pipeline/work_batch_DTB-008-BL/38/985974af80931233f985e78522a5db started: 1788360586864; exited: -; ]
Sep-02 10:07:01.890 [Task monitor] DEBUG n.processor.TaskPollingMonitor - !! executor slurm > tasks to be completed: 1 -- submitted tasks are shown below
~> TaskHandler[jobId: 7513500; id: 18; name: NFCORE_HIC:HIC:HICPRO:HICPRO_MAPPING:COMBINE_MATES (DTB-008-BL); status: RUNNING; exit: -; error: -; workDir: /scratch/g/vjin/Yu/hic_pipeline/work_batch_DTB-008-BL/38/985974af80931233f985e78522a5db started: 1788360586864; exited: -; ]
Sep-02 10:12:01.902 [Task monitor] DEBUG n.processor.TaskPollingMonitor - !! executor slurm > tasks to be completed: 1 -- submitted tasks are shown below
~> TaskHandler[jobId: 7513500; id: 18; name: NFCORE_HIC:HIC:HICPRO:HICPRO_MAPPING:COMBINE_MATES (DTB-008-BL); status: RUNNING; exit: -; error: -; workDir: /scratch/g/vjin/Yu/hic_pipeline/work_batch_DTB-008-BL/38/985974af80931233f985e78522a5db started: 1788360586864; exited: -; ]
Sep-02 10:17:01.920 [Task monitor] DEBUG n.processor.TaskPollingMonitor - !! executor slurm > tasks to be completed: 1 -- submitted tasks are shown below
~> TaskHandler[jobId: 7513500; id: 18; name: NFCORE_HIC:HIC:HICPRO:HICPRO_MAPPING:COMBINE_MATES (DTB-008-BL); status: RUNNING; exit: -; error: -; workDir: /scratch/g/vjin/Yu/hic_pipeline/work_batch_DTB-008-BL/38/985974af80931233f985e78522a5db started: 1788360586864; exited: -; ]
Sep-02 10:22:01.931 [Task monitor] DEBUG n.processor.TaskPollingMonitor - !! executor slurm > tasks to be completed: 1 -- submitted tasks are shown below
~> TaskHandler[jobId: 7513500; id: 18; name: NFCORE_HIC:HIC:HICPRO:HICPRO_MAPPING:COMBINE_MATES (DTB-008-BL); status: RUNNING; exit: -; error: -; workDir: /scratch/g/vjin/Yu/hic_pipeline/work_batch_DTB-008-BL/38/985974af80931233f985e78522a5db started: 1788360586864; exited: -; ]
Sep-02 10:27:01.940 [Task monitor] DEBUG n.processor.TaskPollingMonitor - !! executor slurm > tasks to be completed: 1 -- submitted tasks are shown below
~> TaskHandler[jobId: 7513500; id: 18; name: NFCORE_HIC:HIC:HICPRO:HICPRO_MAPPING:COMBINE_MATES (DTB-008-BL); status: RUNNING; exit: -; error: -; workDir: /scratch/g/vjin/Yu/hic_pipeline/work_batch_DTB-008-BL/38/985974af80931233f985e78522a5db started: 1788360586864; exited: -; ]
Sep-02 10:32:01.955 [Task monitor] DEBUG n.processor.TaskPollingMonitor - !! executor slurm > tasks to be completed: 1 -- submitted tasks are shown below
~> TaskHandler[jobId: 7513500; id: 18; name: NFCORE_HIC:HIC:HICPRO:HICPRO_MAPPING:COMBINE_MATES (DTB-008-BL); status: RUNNING; exit: -; error: -; workDir: /scratch/g/vjin/Yu/hic_pipeline/work_batch_DTB-008-BL/38/985974af80931233f985e78522a5db started: 1788360586864; exited: -; ]
Sep-02 10:37:01.973 [Task monitor] DEBUG n.processor.TaskPollingMonitor - !! executor slurm > tasks to be completed: 1 -- submitted tasks are shown below
~> TaskHandler[jobId: 7513500; id: 18; name: NFCORE_HIC:HIC:HICPRO:HICPRO_MAPPING:COMBINE_MATES (DTB-008-BL); status: RUNNING; exit: -; error: -; workDir: /scratch/g/vjin/Yu/hic_pipeline/work_batch_DTB-008-BL/38/985974af80931233f985e78522a5db started: 1788360586864; exited: -; ]
Sep-02 10:42:05.580 [Task monitor] DEBUG n.processor.TaskPollingMonitor - !! executor slurm > tasks to be completed: 1 -- submitted tasks are shown below
~> TaskHandler[jobId: 7513500; id: 18; name: NFCORE_HIC:HIC:HICPRO:HICPRO_MAPPING:COMBINE_MATES (DTB-008-BL); status: RUNNING; exit: -; error: -; workDir: /scratch/g/vjin/Yu/hic_pipeline/work_batch_DTB-008-BL/38/985974af80931233f985e78522a5db started: 1788360586864; exited: -; ]
Sep-02 10:47:05.593 [Task monitor] DEBUG n.processor.TaskPollingMonitor - !! executor slurm > tasks to be completed: 1 -- submitted tasks are shown below
~> TaskHandler[jobId: 7513500; id: 18; name: NFCORE_HIC:HIC:HICPRO:HICPRO_MAPPING:COMBINE_MATES (DTB-008-BL); status: RUNNING; exit: -; error: -; workDir: /scratch/g/vjin/Yu/hic_pipeline/work_batch_DTB-008-BL/38/985974af80931233f985e78522a5db started: 1788360586864; exited: -; ]
Sep-02 10:52:05.605 [Task monitor] DEBUG n.processor.TaskPollingMonitor - !! executor slurm > tasks to be completed: 1 -- submitted tasks are shown below
~> TaskHandler[jobId: 7513500; id: 18; name: NFCORE_HIC:HIC:HICPRO:HICPRO_MAPPING:COMBINE_MATES (DTB-008-BL); status: RUNNING; exit: -; error: -; workDir: /scratch/g/vjin/Yu/hic_pipeline/work_batch_DTB-008-BL/38/985974af80931233f985e78522a5db started: 1788360586864; exited: -; ]
Sep-02 10:57:05.618 [Task monitor] DEBUG n.processor.TaskPollingMonitor - !! executor slurm > tasks to be completed: 1 -- submitted tasks are shown below
~> TaskHandler[jobId: 7513500; id: 18; name: NFCORE_HIC:HIC:HICPRO:HICPRO_MAPPING:COMBINE_MATES (DTB-008-BL); status: RUNNING; exit: -; error: -; workDir: /scratch/g/vjin/Yu/hic_pipeline/work_batch_DTB-008-BL/38/985974af80931233f985e78522a5db started: 1788360586864; exited: -; ]
Sep-02 11:02:05.630 [Task monitor] DEBUG n.processor.TaskPollingMonitor - !! executor slurm > tasks to be completed: 1 -- submitted tasks are shown below
~> TaskHandler[jobId: 7513500; id: 18; name: NFCORE_HIC:HIC:HICPRO:HICPRO_MAPPING:COMBINE_MATES (DTB-008-BL); status: RUNNING; exit: -; error: -; workDir: /scratch/g/vjin/Yu/hic_pipeline/work_batch_DTB-008-BL/38/985974af80931233f985e78522a5db started: 1788360586864; exited: -; ]
Sep-02 11:07:05.647 [Task monitor] DEBUG n.processor.TaskPollingMonitor - !! executor slurm > tasks to be completed: 1 -- submitted tasks are shown below
~> TaskHandler[jobId: 7513500; id: 18; name: NFCORE_HIC:HIC:HICPRO:HICPRO_MAPPING:COMBINE_MATES (DTB-008-BL); status: RUNNING; exit: -; error: -; workDir: /scratch/g/vjin/Yu/hic_pipeline/work_batch_DTB-008-BL/38/985974af80931233f985e78522a5db started: 1788360586864; exited: -; ]
Sep-02 11:12:05.658 [Task monitor] DEBUG n.processor.TaskPollingMonitor - !! executor slurm > tasks to be completed: 1 -- submitted tasks are shown below
~> TaskHandler[jobId: 7513500; id: 18; name: NFCORE_HIC:HIC:HICPRO:HICPRO_MAPPING:COMBINE_MATES (DTB-008-BL); status: RUNNING; exit: -; error: -; workDir: /scratch/g/vjin/Yu/hic_pipeline/work_batch_DTB-008-BL/38/985974af80931233f985e78522a5db started: 1788360586864; exited: -; ]
Sep-02 11:17:05.670 [Task monitor] DEBUG n.processor.TaskPollingMonitor - !! executor slurm > tasks to be completed: 1 -- submitted tasks are shown below
~> TaskHandler[jobId: 7513500; id: 18; name: NFCORE_HIC:HIC:HICPRO:HICPRO_MAPPING:COMBINE_MATES (DTB-008-BL); status: RUNNING; exit: -; error: -; workDir: /scratch/g/vjin/Yu/hic_pipeline/work_batch_DTB-008-BL/38/985974af80931233f985e78522a5db started: 1788360586864; exited: -; ]
Sep-02 11:22:05.680 [Task monitor] DEBUG n.processor.TaskPollingMonitor - !! executor slurm > tasks to be completed: 1 -- submitted tasks are shown below
~> TaskHandler[jobId: 7513500; id: 18; name: NFCORE_HIC:HIC:HICPRO:HICPRO_MAPPING:COMBINE_MATES (DTB-008-BL); status: RUNNING; exit: -; error: -; workDir: /scratch/g/vjin/Yu/hic_pipeline/work_batch_DTB-008-BL/38/985974af80931233f985e78522a5db started: 1788360586864; exited: -; ]
Sep-02 11:27:05.690 [Task monitor] DEBUG n.processor.TaskPollingMonitor - !! executor slurm > tasks to be completed: 1 -- submitted tasks are shown below
~> TaskHandler[jobId: 7513500; id: 18; name: NFCORE_HIC:HIC:HICPRO:HICPRO_MAPPING:COMBINE_MATES (DTB-008-BL); status: RUNNING; exit: -; error: -; workDir: /scratch/g/vjin/Yu/hic_pipeline/work_batch_DTB-008-BL/38/985974af80931233f985e78522a5db started: 1788360586864; exited: -; ]
Sep-02 11:32:05.701 [Task monitor] DEBUG n.processor.TaskPollingMonitor - !! executor slurm > tasks to be completed: 1 -- submitted tasks are shown below
~> TaskHandler[jobId: 7513500; id: 18; name: NFCORE_HIC:HIC:HICPRO:HICPRO_MAPPING:COMBINE_MATES (DTB-008-BL); status: RUNNING; exit: -; error: -; workDir: /scratch/g/vjin/Yu/hic_pipeline/work_batch_DTB-008-BL/38/985974af80931233f985e78522a5db started: 1788360586864; exited: -; ]
Sep-02 11:37:05.715 [Task monitor] DEBUG n.processor.TaskPollingMonitor - !! executor slurm > tasks to be completed: 1 -- submitted tasks are shown below
~> TaskHandler[jobId: 7513500; id: 18; name: NFCORE_HIC:HIC:HICPRO:HICPRO_MAPPING:COMBINE_MATES (DTB-008-BL); status: RUNNING; exit: -; error: -; workDir: /scratch/g/vjin/Yu/hic_pipeline/work_batch_DTB-008-BL/38/985974af80931233f985e78522a5db started: 1788360586864; exited: -; ]
Sep-02 11:42:05.728 [Task monitor] DEBUG n.processor.TaskPollingMonitor - !! executor slurm > tasks to be completed: 1 -- submitted tasks are shown below
~> TaskHandler[jobId: 7513500; id: 18; name: NFCORE_HIC:HIC:HICPRO:HICPRO_MAPPING:COMBINE_MATES (DTB-008-BL); status: RUNNING; exit: -; error: -; workDir: /scratch/g/vjin/Yu/hic_pipeline/work_batch_DTB-008-BL/38/985974af80931233f985e78522a5db started: 1788360586864; exited: -; ]
Sep-02 11:47:05.740 [Task monitor] DEBUG n.processor.TaskPollingMonitor - !! executor slurm > tasks to be completed: 1 -- submitted tasks are shown below
~> TaskHandler[jobId: 7513500; id: 18; name: NFCORE_HIC:HIC:HICPRO:HICPRO_MAPPING:COMBINE_MATES (DTB-008-BL); status: RUNNING; exit: -; error: -; workDir: /scratch/g/vjin/Yu/hic_pipeline/work_batch_DTB-008-BL/38/985974af80931233f985e78522a5db started: 1788360586864; exited: -; ]
Sep-02 11:52:05.754 [Task monitor] DEBUG n.processor.TaskPollingMonitor - !! executor slurm > tasks to be completed: 1 -- submitted tasks are shown below
~> TaskHandler[jobId: 7513500; id: 18; name: NFCORE_HIC:HIC:HICPRO:HICPRO_MAPPING:COMBINE_MATES (DTB-008-BL); status: RUNNING; exit: -; error: -; workDir: /scratch/g/vjin/Yu/hic_pipeline/work_batch_DTB-008-BL/38/985974af80931233f985e78522a5db started: 1788360586864; exited: -; ]
Sep-02 11:57:05.763 [Task monitor] DEBUG n.processor.TaskPollingMonitor - !! executor slurm > tasks to be completed: 1 -- submitted tasks are shown below
~> TaskHandler[jobId: 7513500; id: 18; name: NFCORE_HIC:HIC:HICPRO:HICPRO_MAPPING:COMBINE_MATES (DTB-008-BL); status: RUNNING; exit: -; error: -; workDir: /scratch/g/vjin/Yu/hic_pipeline/work_batch_DTB-008-BL/38/985974af80931233f985e78522a5db started: 1788360586864; exited: -; ]
Sep-02 12:02:05.775 [Task monitor] DEBUG n.processor.TaskPollingMonitor - !! executor slurm > tasks to be completed: 1 -- submitted tasks are shown below
~> TaskHandler[jobId: 7513500; id: 18; name: NFCORE_HIC:HIC:HICPRO:HICPRO_MAPPING:COMBINE_MATES (DTB-008-BL); status: RUNNING; exit: -; error: -; workDir: /scratch/g/vjin/Yu/hic_pipeline/work_batch_DTB-008-BL/38/985974af80931233f985e78522a5db started: 1788360586864; exited: -; ]
Sep-02 12:07:05.786 [Task monitor] DEBUG n.processor.TaskPollingMonitor - !! executor slurm > tasks to be completed: 1 -- submitted tasks are shown below
~> TaskHandler[jobId: 7513500; id: 18; name: NFCORE_HIC:HIC:HICPRO:HICPRO_MAPPING:COMBINE_MATES (DTB-008-BL); status: RUNNING; exit: -; error: -; workDir: /scratch/g/vjin/Yu/hic_pipeline/work_batch_DTB-008-BL/38/985974af80931233f985e78522a5db started: 1788360586864; exited: -; ]
Sep-02 12:12:05.797 [Task monitor] DEBUG n.processor.TaskPollingMonitor - !! executor slurm > tasks to be completed: 1 -- submitted tasks are shown below
~> TaskHandler[jobId: 7513500; id: 18; name: NFCORE_HIC:HIC:HICPRO:HICPRO_MAPPING:COMBINE_MATES (DTB-008-BL); status: RUNNING; exit: -; error: -; workDir: /scratch/g/vjin/Yu/hic_pipeline/work_batch_DTB-008-BL/38/985974af80931233f985e78522a5db started: 1788360586864; exited: -; ]
Sep-02 12:17:05.808 [Task monitor] DEBUG n.processor.TaskPollingMonitor - !! executor slurm > tasks to be completed: 1 -- submitted tasks are shown below
~> TaskHandler[jobId: 7513500; id: 18; name: NFCORE_HIC:HIC:HICPRO:HICPRO_MAPPING:COMBINE_MATES (DTB-008-BL); status: RUNNING; exit: -; error: -; workDir: /scratch/g/vjin/Yu/hic_pipeline/work_batch_DTB-008-BL/38/985974af80931233f985e78522a5db started: 1788360586864; exited: -; ]
Sep-02 12:22:05.817 [Task monitor] DEBUG n.processor.TaskPollingMonitor - !! executor slurm > tasks to be completed: 1 -- submitted tasks are shown below
~> TaskHandler[jobId: 7513500; id: 18; name: NFCORE_HIC:HIC:HICPRO:HICPRO_MAPPING:COMBINE_MATES (DTB-008-BL); status: RUNNING; exit: -; error: -; workDir: /scratch/g/vjin/Yu/hic_pipeline/work_batch_DTB-008-BL/38/985974af80931233f985e78522a5db started: 1788360586864; exited: -; ]
Sep-02 12:27:05.833 [Task monitor] DEBUG n.processor.TaskPollingMonitor - !! executor slurm > tasks to be completed: 1 -- submitted tasks are shown below
~> TaskHandler[jobId: 7513500; id: 18; name: NFCORE_HIC:HIC:HICPRO:HICPRO_MAPPING:COMBINE_MATES (DTB-008-BL); status: RUNNING; exit: -; error: -; workDir: /scratch/g/vjin/Yu/hic_pipeline/work_batch_DTB-008-BL/38/985974af80931233f985e78522a5db started: 1788360586864; exited: -; ]
Sep-02 12:32:05.842 [Task monitor] DEBUG n.processor.TaskPollingMonitor - !! executor slurm > tasks to be completed: 1 -- submitted tasks are shown below
~> TaskHandler[jobId: 7513500; id: 18; name: NFCORE_HIC:HIC:HICPRO:HICPRO_MAPPING:COMBINE_MATES (DTB-008-BL); status: RUNNING; exit: -; error: -; workDir: /scratch/g/vjin/Yu/hic_pipeline/work_batch_DTB-008-BL/38/985974af80931233f985e78522a5db started: 1788360586864; exited: -; ]
Sep-02 12:37:05.849 [Task monitor] DEBUG n.processor.TaskPollingMonitor - !! executor slurm > tasks to be completed: 1 -- submitted tasks are shown below
~> TaskHandler[jobId: 7513500; id: 18; name: NFCORE_HIC:HIC:HICPRO:HICPRO_MAPPING:COMBINE_MATES (DTB-008-BL); status: RUNNING; exit: -; error: -; workDir: /scratch/g/vjin/Yu/hic_pipeline/work_batch_DTB-008-BL/38/985974af80931233f985e78522a5db started: 1788360586864; exited: -; ]
Sep-02 12:42:05.863 [Task monitor] DEBUG n.processor.TaskPollingMonitor - !! executor slurm > tasks to be completed: 1 -- submitted tasks are shown below
~> TaskHandler[jobId: 7513500; id: 18; name: NFCORE_HIC:HIC:HICPRO:HICPRO_MAPPING:COMBINE_MATES (DTB-008-BL); status: RUNNING; exit: -; error: -; workDir: /scratch/g/vjin/Yu/hic_pipeline/work_batch_DTB-008-BL/38/985974af80931233f985e78522a5db started: 1788360586864; exited: -; ]
Sep-02 12:47:05.875 [Task monitor] DEBUG n.processor.TaskPollingMonitor - !! executor slurm > tasks to be completed: 1 -- submitted tasks are shown below
~> TaskHandler[jobId: 7513500; id: 18; name: NFCORE_HIC:HIC:HICPRO:HICPRO_MAPPING:COMBINE_MATES (DTB-008-BL); status: RUNNING; exit: -; error: -; workDir: /scratch/g/vjin/Yu/hic_pipeline/work_batch_DTB-008-BL/38/985974af80931233f985e78522a5db started: 1788360586864; exited: -; ]
Sep-02 12:52:08.896 [Task monitor] DEBUG n.processor.TaskPollingMonitor - !! executor slurm > tasks to be completed: 1 -- submitted tasks are shown below
~> TaskHandler[jobId: 7513500; id: 18; name: NFCORE_HIC:HIC:HICPRO:HICPRO_MAPPING:COMBINE_MATES (DTB-008-BL); status: RUNNING; exit: -; error: -; workDir: /scratch/g/vjin/Yu/hic_pipeline/work_batch_DTB-008-BL/38/985974af80931233f985e78522a5db started: 1788360586864; exited: -; ]
Sep-02 12:57:08.906 [Task monitor] DEBUG n.processor.TaskPollingMonitor - !! executor slurm > tasks to be completed: 1 -- submitted tasks are shown below
~> TaskHandler[jobId: 7513500; id: 18; name: NFCORE_HIC:HIC:HICPRO:HICPRO_MAPPING:COMBINE_MATES (DTB-008-BL); status: RUNNING; exit: -; error: -; workDir: /scratch/g/vjin/Yu/hic_pipeline/work_batch_DTB-008-BL/38/985974af80931233f985e78522a5db started: 1788360586864; exited: -; ]
Sep-02 13:02:08.916 [Task monitor] DEBUG n.processor.TaskPollingMonitor - !! executor slurm > tasks to be completed: 1 -- submitted tasks are shown below
~> TaskHandler[jobId: 7513500; id: 18; name: NFCORE_HIC:HIC:HICPRO:HICPRO_MAPPING:COMBINE_MATES (DTB-008-BL); status: RUNNING; exit: -; error: -; workDir: /scratch/g/vjin/Yu/hic_pipeline/work_batch_DTB-008-BL/38/985974af80931233f985e78522a5db started: 1788360586864; exited: -; ]
Sep-02 13:07:08.929 [Task monitor] DEBUG n.processor.TaskPollingMonitor - !! executor slurm > tasks to be completed: 1 -- submitted tasks are shown below
~> TaskHandler[jobId: 7513500; id: 18; name: NFCORE_HIC:HIC:HICPRO:HICPRO_MAPPING:COMBINE_MATES (DTB-008-BL); status: RUNNING; exit: -; error: -; workDir: /scratch/g/vjin/Yu/hic_pipeline/work_batch_DTB-008-BL/38/985974af80931233f985e78522a5db started: 1788360586864; exited: -; ]
Sep-02 13:12:08.938 [Task monitor] DEBUG n.processor.TaskPollingMonitor - !! executor slurm > tasks to be completed: 1 -- submitted tasks are shown below
~> TaskHandler[jobId: 7513500; id: 18; name: NFCORE_HIC:HIC:HICPRO:HICPRO_MAPPING:COMBINE_MATES (DTB-008-BL); status: RUNNING; exit: -; error: -; workDir: /scratch/g/vjin/Yu/hic_pipeline/work_batch_DTB-008-BL/38/985974af80931233f985e78522a5db started: 1788360586864; exited: -; ]
Sep-02 13:17:08.950 [Task monitor] DEBUG n.processor.TaskPollingMonitor - !! executor slurm > tasks to be completed: 1 -- submitted tasks are shown below
~> TaskHandler[jobId: 7513500; id: 18; name: NFCORE_HIC:HIC:HICPRO:HICPRO_MAPPING:COMBINE_MATES (DTB-008-BL); status: RUNNING; exit: -; error: -; workDir: /scratch/g/vjin/Yu/hic_pipeline/work_batch_DTB-008-BL/38/985974af80931233f985e78522a5db started: 1788360586864; exited: -; ]
Sep-02 13:22:08.961 [Task monitor] DEBUG n.processor.TaskPollingMonitor - !! executor slurm > tasks to be completed: 1 -- submitted tasks are shown below
~> TaskHandler[jobId: 7513500; id: 18; name: NFCORE_HIC:HIC:HICPRO:HICPRO_MAPPING:COMBINE_MATES (DTB-008-BL); status: RUNNING; exit: -; error: -; workDir: /scratch/g/vjin/Yu/hic_pipeline/work_batch_DTB-008-BL/38/985974af80931233f985e78522a5db started: 1788360586864; exited: -; ]
Sep-02 13:27:08.974 [Task monitor] DEBUG n.processor.TaskPollingMonitor - !! executor slurm > tasks to be completed: 1 -- submitted tasks are shown below
~> TaskHandler[jobId: 7513500; id: 18; name: NFCORE_HIC:HIC:HICPRO:HICPRO_MAPPING:COMBINE_MATES (DTB-008-BL); status: RUNNING; exit: -; error: -; workDir: /scratch/g/vjin/Yu/hic_pipeline/work_batch_DTB-008-BL/38/985974af80931233f985e78522a5db started: 1788360586864; exited: -; ]
Sep-02 13:32:08.988 [Task monitor] DEBUG n.processor.TaskPollingMonitor - !! executor slurm > tasks to be completed: 1 -- submitted tasks are shown below
~> TaskHandler[jobId: 7513500; id: 18; name: NFCORE_HIC:HIC:HICPRO:HICPRO_MAPPING:COMBINE_MATES (DTB-008-BL); status: RUNNING; exit: -; error: -; workDir: /scratch/g/vjin/Yu/hic_pipeline/work_batch_DTB-008-BL/38/985974af80931233f985e78522a5db started: 1788360586864; exited: -; ]
Sep-02 13:37:09.000 [Task monitor] DEBUG n.processor.TaskPollingMonitor - !! executor slurm > tasks to be completed: 1 -- submitted tasks are shown below
~> TaskHandler[jobId: 7513500; id: 18; name: NFCORE_HIC:HIC:HICPRO:HICPRO_MAPPING:COMBINE_MATES (DTB-008-BL); status: RUNNING; exit: -; error: -; workDir: /scratch/g/vjin/Yu/hic_pipeline/work_batch_DTB-008-BL/38/985974af80931233f985e78522a5db started: 1788360586864; exited: -; ]
Sep-02 13:42:09.015 [Task monitor] DEBUG n.processor.TaskPollingMonitor - !! executor slurm > tasks to be completed: 1 -- submitted tasks are shown below
~> TaskHandler[jobId: 7513500; id: 18; name: NFCORE_HIC:HIC:HICPRO:HICPRO_MAPPING:COMBINE_MATES (DTB-008-BL); status: RUNNING; exit: -; error: -; workDir: /scratch/g/vjin/Yu/hic_pipeline/work_batch_DTB-008-BL/38/985974af80931233f985e78522a5db started: 1788360586864; exited: -; ]
Sep-02 13:47:09.029 [Task monitor] DEBUG n.processor.TaskPollingMonitor - !! executor slurm > tasks to be completed: 1 -- submitted tasks are shown below
~> TaskHandler[jobId: 7513500; id: 18; name: NFCORE_HIC:HIC:HICPRO:HICPRO_MAPPING:COMBINE_MATES (DTB-008-BL); status: RUNNING; exit: -; error: -; workDir: /scratch/g/vjin/Yu/hic_pipeline/work_batch_DTB-008-BL/38/985974af80931233f985e78522a5db started: 1788360586864; exited: -; ]
Sep-02 13:49:14.042 [Task monitor] DEBUG n.processor.TaskPollingMonitor - Task completed > TaskHandler[jobId: 7513500; id: 18; name: NFCORE_HIC:HIC:HICPRO:HICPRO_MAPPING:COMBINE_MATES (DTB-008-BL); status: COMPLETED; exit: 0; error: -; workDir: /scratch/g/vjin/Yu/hic_pipeline/work_batch_DTB-008-BL/38/985974af80931233f985e78522a5db started: 1788360586864; exited: 2026-09-02T18:48:39.465089895Z; ]
Sep-02 13:49:14.251 [Task submitter] DEBUG nextflow.executor.GridTaskHandler - [SLURM] submitted process NFCORE_HIC:HIC:HICPRO:GET_VALID_INTERACTION (DTB-008-BL) > jobId: 7513954; workDir: /scratch/g/vjin/Yu/hic_pipeline/work_batch_DTB-008-BL/db/db4377e27d2201255c24a6e39735de
Sep-02 13:49:14.251 [Task submitter] INFO  nextflow.Session - [db/db4377] Submitted process > NFCORE_HIC:HIC:HICPRO:GET_VALID_INTERACTION (DTB-008-BL)
Sep-02 13:49:14.469 [Task submitter] DEBUG nextflow.executor.GridTaskHandler - [SLURM] submitted process NFCORE_HIC:HIC:HICPRO:MERGE_STATS (DTB-008-BL) > jobId: 7513955; workDir: /scratch/g/vjin/Yu/hic_pipeline/work_batch_DTB-008-BL/15/709c6422c9920fa225cff371fe2eae
Sep-02 13:49:14.469 [Task submitter] INFO  nextflow.Session - [15/709c64] Submitted process > NFCORE_HIC:HIC:HICPRO:MERGE_STATS (DTB-008-BL)
Sep-02 13:49:40.029 [Task monitor] DEBUG n.processor.TaskPollingMonitor - Task completed > TaskHandler[jobId: 7513955; id: 20; name: NFCORE_HIC:HIC:HICPRO:MERGE_STATS (DTB-008-BL); status: COMPLETED; exit: 0; error: -; workDir: /scratch/g/vjin/Yu/hic_pipeline/work_batch_DTB-008-BL/15/709c6422c9920fa225cff371fe2eae started: 1788374980021; exited: 2026-09-02T18:49:24.890834396Z; ]
Sep-02 13:52:09.044 [Task monitor] DEBUG n.processor.TaskPollingMonitor - !! executor slurm > tasks to be completed: 1 -- submitted tasks are shown below
~> TaskHandler[jobId: 7513954; id: 19; name: NFCORE_HIC:HIC:HICPRO:GET_VALID_INTERACTION (DTB-008-BL); status: RUNNING; exit: -; error: -; workDir: /scratch/g/vjin/Yu/hic_pipeline/work_batch_DTB-008-BL/db/db4377e27d2201255c24a6e39735de started: 1788374980017; exited: -; ]
Sep-02 13:57:09.055 [Task monitor] DEBUG n.processor.TaskPollingMonitor - !! executor slurm > tasks to be completed: 1 -- submitted tasks are shown below
~> TaskHandler[jobId: 7513954; id: 19; name: NFCORE_HIC:HIC:HICPRO:GET_VALID_INTERACTION (DTB-008-BL); status: RUNNING; exit: -; error: -; workDir: /scratch/g/vjin/Yu/hic_pipeline/work_batch_DTB-008-BL/db/db4377e27d2201255c24a6e39735de started: 1788374980017; exited: -; ]
Sep-02 14:02:09.070 [Task monitor] DEBUG n.processor.TaskPollingMonitor - !! executor slurm > tasks to be completed: 1 -- submitted tasks are shown below
~> TaskHandler[jobId: 7513954; id: 19; name: NFCORE_HIC:HIC:HICPRO:GET_VALID_INTERACTION (DTB-008-BL); status: RUNNING; exit: -; error: -; workDir: /scratch/g/vjin/Yu/hic_pipeline/work_batch_DTB-008-BL/db/db4377e27d2201255c24a6e39735de started: 1788374980017; exited: -; ]
Sep-02 14:07:09.080 [Task monitor] DEBUG n.processor.TaskPollingMonitor - !! executor slurm > tasks to be completed: 1 -- submitted tasks are shown below
~> TaskHandler[jobId: 7513954; id: 19; name: NFCORE_HIC:HIC:HICPRO:GET_VALID_INTERACTION (DTB-008-BL); status: RUNNING; exit: -; error: -; workDir: /scratch/g/vjin/Yu/hic_pipeline/work_batch_DTB-008-BL/db/db4377e27d2201255c24a6e39735de started: 1788374980017; exited: -; ]
Sep-02 14:12:09.087 [Task monitor] DEBUG n.processor.TaskPollingMonitor - !! executor slurm > tasks to be completed: 1 -- submitted tasks are shown below
~> TaskHandler[jobId: 7513954; id: 19; name: NFCORE_HIC:HIC:HICPRO:GET_VALID_INTERACTION (DTB-008-BL); status: RUNNING; exit: -; error: -; workDir: /scratch/g/vjin/Yu/hic_pipeline/work_batch_DTB-008-BL/db/db4377e27d2201255c24a6e39735de started: 1788374980017; exited: -; ]
Sep-02 14:17:09.100 [Task monitor] DEBUG n.processor.TaskPollingMonitor - !! executor slurm > tasks to be completed: 1 -- submitted tasks are shown below
~> TaskHandler[jobId: 7513954; id: 19; name: NFCORE_HIC:HIC:HICPRO:GET_VALID_INTERACTION (DTB-008-BL); status: RUNNING; exit: -; error: -; workDir: /scratch/g/vjin/Yu/hic_pipeline/work_batch_DTB-008-BL/db/db4377e27d2201255c24a6e39735de started: 1788374980017; exited: -; ]
Sep-02 14:22:09.109 [Task monitor] DEBUG n.processor.TaskPollingMonitor - !! executor slurm > tasks to be completed: 1 -- submitted tasks are shown below
~> TaskHandler[jobId: 7513954; id: 19; name: NFCORE_HIC:HIC:HICPRO:GET_VALID_INTERACTION (DTB-008-BL); status: RUNNING; exit: -; error: -; workDir: /scratch/g/vjin/Yu/hic_pipeline/work_batch_DTB-008-BL/db/db4377e27d2201255c24a6e39735de started: 1788374980017; exited: -; ]
Sep-02 14:27:09.122 [Task monitor] DEBUG n.processor.TaskPollingMonitor - !! executor slurm > tasks to be completed: 1 -- submitted tasks are shown below
~> TaskHandler[jobId: 7513954; id: 19; name: NFCORE_HIC:HIC:HICPRO:GET_VALID_INTERACTION (DTB-008-BL); status: RUNNING; exit: -; error: -; workDir: /scratch/g/vjin/Yu/hic_pipeline/work_batch_DTB-008-BL/db/db4377e27d2201255c24a6e39735de started: 1788374980017; exited: -; ]
Sep-02 14:32:09.137 [Task monitor] DEBUG n.processor.TaskPollingMonitor - !! executor slurm > tasks to be completed: 1 -- submitted tasks are shown below
~> TaskHandler[jobId: 7513954; id: 19; name: NFCORE_HIC:HIC:HICPRO:GET_VALID_INTERACTION (DTB-008-BL); status: RUNNING; exit: -; error: -; workDir: /scratch/g/vjin/Yu/hic_pipeline/work_batch_DTB-008-BL/db/db4377e27d2201255c24a6e39735de started: 1788374980017; exited: -; ]
Sep-02 14:37:09.150 [Task monitor] DEBUG n.processor.TaskPollingMonitor - !! executor slurm > tasks to be completed: 1 -- submitted tasks are shown below
~> TaskHandler[jobId: 7513954; id: 19; name: NFCORE_HIC:HIC:HICPRO:GET_VALID_INTERACTION (DTB-008-BL); status: RUNNING; exit: -; error: -; workDir: /scratch/g/vjin/Yu/hic_pipeline/work_batch_DTB-008-BL/db/db4377e27d2201255c24a6e39735de started: 1788374980017; exited: -; ]
Sep-02 14:42:09.157 [Task monitor] DEBUG n.processor.TaskPollingMonitor - !! executor slurm > tasks to be completed: 1 -- submitted tasks are shown below
~> TaskHandler[jobId: 7513954; id: 19; name: NFCORE_HIC:HIC:HICPRO:GET_VALID_INTERACTION (DTB-008-BL); status: RUNNING; exit: -; error: -; workDir: /scratch/g/vjin/Yu/hic_pipeline/work_batch_DTB-008-BL/db/db4377e27d2201255c24a6e39735de started: 1788374980017; exited: -; ]
Sep-02 14:47:09.170 [Task monitor] DEBUG n.processor.TaskPollingMonitor - !! executor slurm > tasks to be completed: 1 -- submitted tasks are shown below
~> TaskHandler[jobId: 7513954; id: 19; name: NFCORE_HIC:HIC:HICPRO:GET_VALID_INTERACTION (DTB-008-BL); status: RUNNING; exit: -; error: -; workDir: /scratch/g/vjin/Yu/hic_pipeline/work_batch_DTB-008-BL/db/db4377e27d2201255c24a6e39735de started: 1788374980017; exited: -; ]
Sep-02 14:52:09.177 [Task monitor] DEBUG n.processor.TaskPollingMonitor - !! executor slurm > tasks to be completed: 1 -- submitted tasks are shown below
~> TaskHandler[jobId: 7513954; id: 19; name: NFCORE_HIC:HIC:HICPRO:GET_VALID_INTERACTION (DTB-008-BL); status: RUNNING; exit: -; error: -; workDir: /scratch/g/vjin/Yu/hic_pipeline/work_batch_DTB-008-BL/db/db4377e27d2201255c24a6e39735de started: 1788374980017; exited: -; ]
Sep-02 14:57:09.187 [Task monitor] DEBUG n.processor.TaskPollingMonitor - !! executor slurm > tasks to be completed: 1 -- submitted tasks are shown below
~> TaskHandler[jobId: 7513954; id: 19; name: NFCORE_HIC:HIC:HICPRO:GET_VALID_INTERACTION (DTB-008-BL); status: RUNNING; exit: -; error: -; workDir: /scratch/g/vjin/Yu/hic_pipeline/work_batch_DTB-008-BL/db/db4377e27d2201255c24a6e39735de started: 1788374980017; exited: -; ]
Sep-02 15:02:09.197 [Task monitor] DEBUG n.processor.TaskPollingMonitor - !! executor slurm > tasks to be completed: 1 -- submitted tasks are shown below
~> TaskHandler[jobId: 7513954; id: 19; name: NFCORE_HIC:HIC:HICPRO:GET_VALID_INTERACTION (DTB-008-BL); status: RUNNING; exit: -; error: -; workDir: /scratch/g/vjin/Yu/hic_pipeline/work_batch_DTB-008-BL/db/db4377e27d2201255c24a6e39735de started: 1788374980017; exited: -; ]
Sep-02 15:07:09.208 [Task monitor] DEBUG n.processor.TaskPollingMonitor - !! executor slurm > tasks to be completed: 1 -- submitted tasks are shown below
~> TaskHandler[jobId: 7513954; id: 19; name: NFCORE_HIC:HIC:HICPRO:GET_VALID_INTERACTION (DTB-008-BL); status: RUNNING; exit: -; error: -; workDir: /scratch/g/vjin/Yu/hic_pipeline/work_batch_DTB-008-BL/db/db4377e27d2201255c24a6e39735de started: 1788374980017; exited: -; ]
Sep-02 15:12:09.218 [Task monitor] DEBUG n.processor.TaskPollingMonitor - !! executor slurm > tasks to be completed: 1 -- submitted tasks are shown below
~> TaskHandler[jobId: 7513954; id: 19; name: NFCORE_HIC:HIC:HICPRO:GET_VALID_INTERACTION (DTB-008-BL); status: RUNNING; exit: -; error: -; workDir: /scratch/g/vjin/Yu/hic_pipeline/work_batch_DTB-008-BL/db/db4377e27d2201255c24a6e39735de started: 1788374980017; exited: -; ]
Sep-02 15:17:09.233 [Task monitor] DEBUG n.processor.TaskPollingMonitor - !! executor slurm > tasks to be completed: 1 -- submitted tasks are shown below
~> TaskHandler[jobId: 7513954; id: 19; name: NFCORE_HIC:HIC:HICPRO:GET_VALID_INTERACTION (DTB-008-BL); status: RUNNING; exit: -; error: -; workDir: /scratch/g/vjin/Yu/hic_pipeline/work_batch_DTB-008-BL/db/db4377e27d2201255c24a6e39735de started: 1788374980017; exited: -; ]
Sep-02 15:22:09.245 [Task monitor] DEBUG n.processor.TaskPollingMonitor - !! executor slurm > tasks to be completed: 1 -- submitted tasks are shown below
~> TaskHandler[jobId: 7513954; id: 19; name: NFCORE_HIC:HIC:HICPRO:GET_VALID_INTERACTION (DTB-008-BL); status: RUNNING; exit: -; error: -; workDir: /scratch/g/vjin/Yu/hic_pipeline/work_batch_DTB-008-BL/db/db4377e27d2201255c24a6e39735de started: 1788374980017; exited: -; ]
Sep-02 15:27:09.257 [Task monitor] DEBUG n.processor.TaskPollingMonitor - !! executor slurm > tasks to be completed: 1 -- submitted tasks are shown below
~> TaskHandler[jobId: 7513954; id: 19; name: NFCORE_HIC:HIC:HICPRO:GET_VALID_INTERACTION (DTB-008-BL); status: RUNNING; exit: -; error: -; workDir: /scratch/g/vjin/Yu/hic_pipeline/work_batch_DTB-008-BL/db/db4377e27d2201255c24a6e39735de started: 1788374980017; exited: -; ]
Sep-02 15:32:09.263 [Task monitor] DEBUG n.processor.TaskPollingMonitor - !! executor slurm > tasks to be completed: 1 -- submitted tasks are shown below
~> TaskHandler[jobId: 7513954; id: 19; name: NFCORE_HIC:HIC:HICPRO:GET_VALID_INTERACTION (DTB-008-BL); status: RUNNING; exit: -; error: -; workDir: /scratch/g/vjin/Yu/hic_pipeline/work_batch_DTB-008-BL/db/db4377e27d2201255c24a6e39735de started: 1788374980017; exited: -; ]
Sep-02 15:37:09.267 [Task monitor] DEBUG n.processor.TaskPollingMonitor - !! executor slurm > tasks to be completed: 1 -- submitted tasks are shown below
~> TaskHandler[jobId: 7513954; id: 19; name: NFCORE_HIC:HIC:HICPRO:GET_VALID_INTERACTION (DTB-008-BL); status: RUNNING; exit: -; error: -; workDir: /scratch/g/vjin/Yu/hic_pipeline/work_batch_DTB-008-BL/db/db4377e27d2201255c24a6e39735de started: 1788374980017; exited: -; ]
Sep-02 15:42:11.665 [Task monitor] DEBUG n.processor.TaskPollingMonitor - !! executor slurm > tasks to be completed: 1 -- submitted tasks are shown below
~> TaskHandler[jobId: 7513954; id: 19; name: NFCORE_HIC:HIC:HICPRO:GET_VALID_INTERACTION (DTB-008-BL); status: RUNNING; exit: -; error: -; workDir: /scratch/g/vjin/Yu/hic_pipeline/work_batch_DTB-008-BL/db/db4377e27d2201255c24a6e39735de started: 1788374980017; exited: -; ]
Sep-02 15:47:11.675 [Task monitor] DEBUG n.processor.TaskPollingMonitor - !! executor slurm > tasks to be completed: 1 -- submitted tasks are shown below
~> TaskHandler[jobId: 7513954; id: 19; name: NFCORE_HIC:HIC:HICPRO:GET_VALID_INTERACTION (DTB-008-BL); status: RUNNING; exit: -; error: -; workDir: /scratch/g/vjin/Yu/hic_pipeline/work_batch_DTB-008-BL/db/db4377e27d2201255c24a6e39735de started: 1788374980017; exited: -; ]
Sep-02 15:52:11.690 [Task monitor] DEBUG n.processor.TaskPollingMonitor - !! executor slurm > tasks to be completed: 1 -- submitted tasks are shown below
~> TaskHandler[jobId: 7513954; id: 19; name: NFCORE_HIC:HIC:HICPRO:GET_VALID_INTERACTION (DTB-008-BL); status: RUNNING; exit: -; error: -; workDir: /scratch/g/vjin/Yu/hic_pipeline/work_batch_DTB-008-BL/db/db4377e27d2201255c24a6e39735de started: 1788374980017; exited: -; ]
Sep-02 15:57:11.702 [Task monitor] DEBUG n.processor.TaskPollingMonitor - !! executor slurm > tasks to be completed: 1 -- submitted tasks are shown below
~> TaskHandler[jobId: 7513954; id: 19; name: NFCORE_HIC:HIC:HICPRO:GET_VALID_INTERACTION (DTB-008-BL); status: RUNNING; exit: -; error: -; workDir: /scratch/g/vjin/Yu/hic_pipeline/work_batch_DTB-008-BL/db/db4377e27d2201255c24a6e39735de started: 1788374980017; exited: -; ]
Sep-02 16:02:11.720 [Task monitor] DEBUG n.processor.TaskPollingMonitor - !! executor slurm > tasks to be completed: 1 -- submitted tasks are shown below
~> TaskHandler[jobId: 7513954; id: 19; name: NFCORE_HIC:HIC:HICPRO:GET_VALID_INTERACTION (DTB-008-BL); status: RUNNING; exit: -; error: -; workDir: /scratch/g/vjin/Yu/hic_pipeline/work_batch_DTB-008-BL/db/db4377e27d2201255c24a6e39735de started: 1788374980017; exited: -; ]
Sep-02 16:07:11.736 [Task monitor] DEBUG n.processor.TaskPollingMonitor - !! executor slurm > tasks to be completed: 1 -- submitted tasks are shown below
~> TaskHandler[jobId: 7513954; id: 19; name: NFCORE_HIC:HIC:HICPRO:GET_VALID_INTERACTION (DTB-008-BL); status: RUNNING; exit: -; error: -; workDir: /scratch/g/vjin/Yu/hic_pipeline/work_batch_DTB-008-BL/db/db4377e27d2201255c24a6e39735de started: 1788374980017; exited: -; ]
Sep-02 16:12:11.754 [Task monitor] DEBUG n.processor.TaskPollingMonitor - !! executor slurm > tasks to be completed: 1 -- submitted tasks are shown below
~> TaskHandler[jobId: 7513954; id: 19; name: NFCORE_HIC:HIC:HICPRO:GET_VALID_INTERACTION (DTB-008-BL); status: RUNNING; exit: -; error: -; workDir: /scratch/g/vjin/Yu/hic_pipeline/work_batch_DTB-008-BL/db/db4377e27d2201255c24a6e39735de started: 1788374980017; exited: -; ]
Sep-02 16:17:11.767 [Task monitor] DEBUG n.processor.TaskPollingMonitor - !! executor slurm > tasks to be completed: 1 -- submitted tasks are shown below
~> TaskHandler[jobId: 7513954; id: 19; name: NFCORE_HIC:HIC:HICPRO:GET_VALID_INTERACTION (DTB-008-BL); status: RUNNING; exit: -; error: -; workDir: /scratch/g/vjin/Yu/hic_pipeline/work_batch_DTB-008-BL/db/db4377e27d2201255c24a6e39735de started: 1788374980017; exited: -; ]
Sep-02 16:22:11.782 [Task monitor] DEBUG n.processor.TaskPollingMonitor - !! executor slurm > tasks to be completed: 1 -- submitted tasks are shown below
~> TaskHandler[jobId: 7513954; id: 19; name: NFCORE_HIC:HIC:HICPRO:GET_VALID_INTERACTION (DTB-008-BL); status: RUNNING; exit: -; error: -; workDir: /scratch/g/vjin/Yu/hic_pipeline/work_batch_DTB-008-BL/db/db4377e27d2201255c24a6e39735de started: 1788374980017; exited: -; ]
Sep-02 16:27:11.792 [Task monitor] DEBUG n.processor.TaskPollingMonitor - !! executor slurm > tasks to be completed: 1 -- submitted tasks are shown below
~> TaskHandler[jobId: 7513954; id: 19; name: NFCORE_HIC:HIC:HICPRO:GET_VALID_INTERACTION (DTB-008-BL); status: RUNNING; exit: -; error: -; workDir: /scratch/g/vjin/Yu/hic_pipeline/work_batch_DTB-008-BL/db/db4377e27d2201255c24a6e39735de started: 1788374980017; exited: -; ]
Sep-02 16:32:11.805 [Task monitor] DEBUG n.processor.TaskPollingMonitor - !! executor slurm > tasks to be completed: 1 -- submitted tasks are shown below
~> TaskHandler[jobId: 7513954; id: 19; name: NFCORE_HIC:HIC:HICPRO:GET_VALID_INTERACTION (DTB-008-BL); status: RUNNING; exit: -; error: -; workDir: /scratch/g/vjin/Yu/hic_pipeline/work_batch_DTB-008-BL/db/db4377e27d2201255c24a6e39735de started: 1788374980017; exited: -; ]
Sep-02 16:37:11.824 [Task monitor] DEBUG n.processor.TaskPollingMonitor - !! executor slurm > tasks to be completed: 1 -- submitted tasks are shown below
~> TaskHandler[jobId: 7513954; id: 19; name: NFCORE_HIC:HIC:HICPRO:GET_VALID_INTERACTION (DTB-008-BL); status: RUNNING; exit: -; error: -; workDir: /scratch/g/vjin/Yu/hic_pipeline/work_batch_DTB-008-BL/db/db4377e27d2201255c24a6e39735de started: 1788374980017; exited: -; ]
Sep-02 16:42:11.839 [Task monitor] DEBUG n.processor.TaskPollingMonitor - !! executor slurm > tasks to be completed: 1 -- submitted tasks are shown below
~> TaskHandler[jobId: 7513954; id: 19; name: NFCORE_HIC:HIC:HICPRO:GET_VALID_INTERACTION (DTB-008-BL); status: RUNNING; exit: -; error: -; workDir: /scratch/g/vjin/Yu/hic_pipeline/work_batch_DTB-008-BL/db/db4377e27d2201255c24a6e39735de started: 1788374980017; exited: -; ]
Sep-02 16:47:11.853 [Task monitor] DEBUG n.processor.TaskPollingMonitor - !! executor slurm > tasks to be completed: 1 -- submitted tasks are shown below
~> TaskHandler[jobId: 7513954; id: 19; name: NFCORE_HIC:HIC:HICPRO:GET_VALID_INTERACTION (DTB-008-BL); status: RUNNING; exit: -; error: -; workDir: /scratch/g/vjin/Yu/hic_pipeline/work_batch_DTB-008-BL/db/db4377e27d2201255c24a6e39735de started: 1788374980017; exited: -; ]
Sep-02 16:52:11.867 [Task monitor] DEBUG n.processor.TaskPollingMonitor - !! executor slurm > tasks to be completed: 1 -- submitted tasks are shown below
~> TaskHandler[jobId: 7513954; id: 19; name: NFCORE_HIC:HIC:HICPRO:GET_VALID_INTERACTION (DTB-008-BL); status: RUNNING; exit: -; error: -; workDir: /scratch/g/vjin/Yu/hic_pipeline/work_batch_DTB-008-BL/db/db4377e27d2201255c24a6e39735de started: 1788374980017; exited: -; ]
Sep-02 16:57:11.883 [Task monitor] DEBUG n.processor.TaskPollingMonitor - !! executor slurm > tasks to be completed: 1 -- submitted tasks are shown below
~> TaskHandler[jobId: 7513954; id: 19; name: NFCORE_HIC:HIC:HICPRO:GET_VALID_INTERACTION (DTB-008-BL); status: RUNNING; exit: -; error: -; workDir: /scratch/g/vjin/Yu/hic_pipeline/work_batch_DTB-008-BL/db/db4377e27d2201255c24a6e39735de started: 1788374980017; exited: -; ]
Sep-02 17:02:11.896 [Task monitor] DEBUG n.processor.TaskPollingMonitor - !! executor slurm > tasks to be completed: 1 -- submitted tasks are shown below
~> TaskHandler[jobId: 7513954; id: 19; name: NFCORE_HIC:HIC:HICPRO:GET_VALID_INTERACTION (DTB-008-BL); status: RUNNING; exit: -; error: -; workDir: /scratch/g/vjin/Yu/hic_pipeline/work_batch_DTB-008-BL/db/db4377e27d2201255c24a6e39735de started: 1788374980017; exited: -; ]
Sep-02 17:07:11.908 [Task monitor] DEBUG n.processor.TaskPollingMonitor - !! executor slurm > tasks to be completed: 1 -- submitted tasks are shown below
~> TaskHandler[jobId: 7513954; id: 19; name: NFCORE_HIC:HIC:HICPRO:GET_VALID_INTERACTION (DTB-008-BL); status: RUNNING; exit: -; error: -; workDir: /scratch/g/vjin/Yu/hic_pipeline/work_batch_DTB-008-BL/db/db4377e27d2201255c24a6e39735de started: 1788374980017; exited: -; ]
Sep-02 17:12:11.921 [Task monitor] DEBUG n.processor.TaskPollingMonitor - !! executor slurm > tasks to be completed: 1 -- submitted tasks are shown below
~> TaskHandler[jobId: 7513954; id: 19; name: NFCORE_HIC:HIC:HICPRO:GET_VALID_INTERACTION (DTB-008-BL); status: RUNNING; exit: -; error: -; workDir: /scratch/g/vjin/Yu/hic_pipeline/work_batch_DTB-008-BL/db/db4377e27d2201255c24a6e39735de started: 1788374980017; exited: -; ]
Sep-02 17:17:11.935 [Task monitor] DEBUG n.processor.TaskPollingMonitor - !! executor slurm > tasks to be completed: 1 -- submitted tasks are shown below
~> TaskHandler[jobId: 7513954; id: 19; name: NFCORE_HIC:HIC:HICPRO:GET_VALID_INTERACTION (DTB-008-BL); status: RUNNING; exit: -; error: -; workDir: /scratch/g/vjin/Yu/hic_pipeline/work_batch_DTB-008-BL/db/db4377e27d2201255c24a6e39735de started: 1788374980017; exited: -; ]
Sep-02 17:22:11.947 [Task monitor] DEBUG n.processor.TaskPollingMonitor - !! executor slurm > tasks to be completed: 1 -- submitted tasks are shown below
~> TaskHandler[jobId: 7513954; id: 19; name: NFCORE_HIC:HIC:HICPRO:GET_VALID_INTERACTION (DTB-008-BL); status: RUNNING; exit: -; error: -; workDir: /scratch/g/vjin/Yu/hic_pipeline/work_batch_DTB-008-BL/db/db4377e27d2201255c24a6e39735de started: 1788374980017; exited: -; ]
Sep-02 17:27:11.964 [Task monitor] DEBUG n.processor.TaskPollingMonitor - !! executor slurm > tasks to be completed: 1 -- submitted tasks are shown below
~> TaskHandler[jobId: 7513954; id: 19; name: NFCORE_HIC:HIC:HICPRO:GET_VALID_INTERACTION (DTB-008-BL); status: RUNNING; exit: -; error: -; workDir: /scratch/g/vjin/Yu/hic_pipeline/work_batch_DTB-008-BL/db/db4377e27d2201255c24a6e39735de started: 1788374980017; exited: -; ]
Sep-02 17:32:11.977 [Task monitor] DEBUG n.processor.TaskPollingMonitor - !! executor slurm > tasks to be completed: 1 -- submitted tasks are shown below
~> TaskHandler[jobId: 7513954; id: 19; name: NFCORE_HIC:HIC:HICPRO:GET_VALID_INTERACTION (DTB-008-BL); status: RUNNING; exit: -; error: -; workDir: /scratch/g/vjin/Yu/hic_pipeline/work_batch_DTB-008-BL/db/db4377e27d2201255c24a6e39735de started: 1788374980017; exited: -; ]
Sep-02 17:37:11.990 [Task monitor] DEBUG n.processor.TaskPollingMonitor - !! executor slurm > tasks to be completed: 1 -- submitted tasks are shown below
~> TaskHandler[jobId: 7513954; id: 19; name: NFCORE_HIC:HIC:HICPRO:GET_VALID_INTERACTION (DTB-008-BL); status: RUNNING; exit: -; error: -; workDir: /scratch/g/vjin/Yu/hic_pipeline/work_batch_DTB-008-BL/db/db4377e27d2201255c24a6e39735de started: 1788374980017; exited: -; ]
Sep-02 17:42:11.999 [Task monitor] DEBUG n.processor.TaskPollingMonitor - !! executor slurm > tasks to be completed: 1 -- submitted tasks are shown below
~> TaskHandler[jobId: 7513954; id: 19; name: NFCORE_HIC:HIC:HICPRO:GET_VALID_INTERACTION (DTB-008-BL); status: RUNNING; exit: -; error: -; workDir: /scratch/g/vjin/Yu/hic_pipeline/work_batch_DTB-008-BL/db/db4377e27d2201255c24a6e39735de started: 1788374980017; exited: -; ]
Sep-02 17:47:12.008 [Task monitor] DEBUG n.processor.TaskPollingMonitor - !! executor slurm > tasks to be completed: 1 -- submitted tasks are shown below
~> TaskHandler[jobId: 7513954; id: 19; name: NFCORE_HIC:HIC:HICPRO:GET_VALID_INTERACTION (DTB-008-BL); status: RUNNING; exit: -; error: -; workDir: /scratch/g/vjin/Yu/hic_pipeline/work_batch_DTB-008-BL/db/db4377e27d2201255c24a6e39735de started: 1788374980017; exited: -; ]
Sep-02 17:52:12.044 [Task monitor] DEBUG n.processor.TaskPollingMonitor - !! executor slurm > tasks to be completed: 1 -- submitted tasks are shown below
~> TaskHandler[jobId: 7513954; id: 19; name: NFCORE_HIC:HIC:HICPRO:GET_VALID_INTERACTION (DTB-008-BL); status: RUNNING; exit: -; error: -; workDir: /scratch/g/vjin/Yu/hic_pipeline/work_batch_DTB-008-BL/db/db4377e27d2201255c24a6e39735de started: 1788374980017; exited: -; ]
Sep-02 17:57:12.071 [Task monitor] DEBUG n.processor.TaskPollingMonitor - !! executor slurm > tasks to be completed: 1 -- submitted tasks are shown below
~> TaskHandler[jobId: 7513954; id: 19; name: NFCORE_HIC:HIC:HICPRO:GET_VALID_INTERACTION (DTB-008-BL); status: RUNNING; exit: -; error: -; workDir: /scratch/g/vjin/Yu/hic_pipeline/work_batch_DTB-008-BL/db/db4377e27d2201255c24a6e39735de started: 1788374980017; exited: -; ]
Sep-02 18:02:15.426 [Task monitor] DEBUG n.processor.TaskPollingMonitor - !! executor slurm > tasks to be completed: 1 -- submitted tasks are shown below
~> TaskHandler[jobId: 7513954; id: 19; name: NFCORE_HIC:HIC:HICPRO:GET_VALID_INTERACTION (DTB-008-BL); status: RUNNING; exit: -; error: -; workDir: /scratch/g/vjin/Yu/hic_pipeline/work_batch_DTB-008-BL/db/db4377e27d2201255c24a6e39735de started: 1788374980017; exited: -; ]
Sep-02 18:07:15.441 [Task monitor] DEBUG n.processor.TaskPollingMonitor - !! executor slurm > tasks to be completed: 1 -- submitted tasks are shown below
~> TaskHandler[jobId: 7513954; id: 19; name: NFCORE_HIC:HIC:HICPRO:GET_VALID_INTERACTION (DTB-008-BL); status: RUNNING; exit: -; error: -; workDir: /scratch/g/vjin/Yu/hic_pipeline/work_batch_DTB-008-BL/db/db4377e27d2201255c24a6e39735de started: 1788374980017; exited: -; ]
Sep-02 18:12:15.458 [Task monitor] DEBUG n.processor.TaskPollingMonitor - !! executor slurm > tasks to be completed: 1 -- submitted tasks are shown below
~> TaskHandler[jobId: 7513954; id: 19; name: NFCORE_HIC:HIC:HICPRO:GET_VALID_INTERACTION (DTB-008-BL); status: RUNNING; exit: -; error: -; workDir: /scratch/g/vjin/Yu/hic_pipeline/work_batch_DTB-008-BL/db/db4377e27d2201255c24a6e39735de started: 1788374980017; exited: -; ]
Sep-02 18:17:15.468 [Task monitor] DEBUG n.processor.TaskPollingMonitor - !! executor slurm > tasks to be completed: 1 -- submitted tasks are shown below
~> TaskHandler[jobId: 7513954; id: 19; name: NFCORE_HIC:HIC:HICPRO:GET_VALID_INTERACTION (DTB-008-BL); status: RUNNING; exit: -; error: -; workDir: /scratch/g/vjin/Yu/hic_pipeline/work_batch_DTB-008-BL/db/db4377e27d2201255c24a6e39735de started: 1788374980017; exited: -; ]
Sep-02 18:22:15.481 [Task monitor] DEBUG n.processor.TaskPollingMonitor - !! executor slurm > tasks to be completed: 1 -- submitted tasks are shown below
~> TaskHandler[jobId: 7513954; id: 19; name: NFCORE_HIC:HIC:HICPRO:GET_VALID_INTERACTION (DTB-008-BL); status: RUNNING; exit: -; error: -; workDir: /scratch/g/vjin/Yu/hic_pipeline/work_batch_DTB-008-BL/db/db4377e27d2201255c24a6e39735de started: 1788374980017; exited: -; ]
Sep-02 18:27:15.491 [Task monitor] DEBUG n.processor.TaskPollingMonitor - !! executor slurm > tasks to be completed: 1 -- submitted tasks are shown below
~> TaskHandler[jobId: 7513954; id: 19; name: NFCORE_HIC:HIC:HICPRO:GET_VALID_INTERACTION (DTB-008-BL); status: RUNNING; exit: -; error: -; workDir: /scratch/g/vjin/Yu/hic_pipeline/work_batch_DTB-008-BL/db/db4377e27d2201255c24a6e39735de started: 1788374980017; exited: -; ]
Sep-02 18:32:15.504 [Task monitor] DEBUG n.processor.TaskPollingMonitor - !! executor slurm > tasks to be completed: 1 -- submitted tasks are shown below
~> TaskHandler[jobId: 7513954; id: 19; name: NFCORE_HIC:HIC:HICPRO:GET_VALID_INTERACTION (DTB-008-BL); status: RUNNING; exit: -; error: -; workDir: /scratch/g/vjin/Yu/hic_pipeline/work_batch_DTB-008-BL/db/db4377e27d2201255c24a6e39735de started: 1788374980017; exited: -; ]
Sep-02 18:37:15.597 [Task monitor] DEBUG n.processor.TaskPollingMonitor - !! executor slurm > tasks to be completed: 1 -- submitted tasks are shown below
~> TaskHandler[jobId: 7513954; id: 19; name: NFCORE_HIC:HIC:HICPRO:GET_VALID_INTERACTION (DTB-008-BL); status: RUNNING; exit: -; error: -; workDir: /scratch/g/vjin/Yu/hic_pipeline/work_batch_DTB-008-BL/db/db4377e27d2201255c24a6e39735de started: 1788374980017; exited: -; ]
Sep-02 18:42:15.660 [Task monitor] DEBUG n.processor.TaskPollingMonitor - !! executor slurm > tasks to be completed: 1 -- submitted tasks are shown below
~> TaskHandler[jobId: 7513954; id: 19; name: NFCORE_HIC:HIC:HICPRO:GET_VALID_INTERACTION (DTB-008-BL); status: RUNNING; exit: -; error: -; workDir: /scratch/g/vjin/Yu/hic_pipeline/work_batch_DTB-008-BL/db/db4377e27d2201255c24a6e39735de started: 1788374980017; exited: -; ]
Sep-02 18:47:15.670 [Task monitor] DEBUG n.processor.TaskPollingMonitor - !! executor slurm > tasks to be completed: 1 -- submitted tasks are shown below
~> TaskHandler[jobId: 7513954; id: 19; name: NFCORE_HIC:HIC:HICPRO:GET_VALID_INTERACTION (DTB-008-BL); status: RUNNING; exit: -; error: -; workDir: /scratch/g/vjin/Yu/hic_pipeline/work_batch_DTB-008-BL/db/db4377e27d2201255c24a6e39735de started: 1788374980017; exited: -; ]
Sep-02 18:52:15.695 [Task monitor] DEBUG n.processor.TaskPollingMonitor - !! executor slurm > tasks to be completed: 1 -- submitted tasks are shown below
~> TaskHandler[jobId: 7513954; id: 19; name: NFCORE_HIC:HIC:HICPRO:GET_VALID_INTERACTION (DTB-008-BL); status: RUNNING; exit: -; error: -; workDir: /scratch/g/vjin/Yu/hic_pipeline/work_batch_DTB-008-BL/db/db4377e27d2201255c24a6e39735de started: 1788374980017; exited: -; ]
Sep-02 18:57:15.712 [Task monitor] DEBUG n.processor.TaskPollingMonitor - !! executor slurm > tasks to be completed: 1 -- submitted tasks are shown below
~> TaskHandler[jobId: 7513954; id: 19; name: NFCORE_HIC:HIC:HICPRO:GET_VALID_INTERACTION (DTB-008-BL); status: RUNNING; exit: -; error: -; workDir: /scratch/g/vjin/Yu/hic_pipeline/work_batch_DTB-008-BL/db/db4377e27d2201255c24a6e39735de started: 1788374980017; exited: -; ]
Sep-02 19:02:15.722 [Task monitor] DEBUG n.processor.TaskPollingMonitor - !! executor slurm > tasks to be completed: 1 -- submitted tasks are shown below
~> TaskHandler[jobId: 7513954; id: 19; name: NFCORE_HIC:HIC:HICPRO:GET_VALID_INTERACTION (DTB-008-BL); status: RUNNING; exit: -; error: -; workDir: /scratch/g/vjin/Yu/hic_pipeline/work_batch_DTB-008-BL/db/db4377e27d2201255c24a6e39735de started: 1788374980017; exited: -; ]
Sep-02 19:07:15.737 [Task monitor] DEBUG n.processor.TaskPollingMonitor - !! executor slurm > tasks to be completed: 1 -- submitted tasks are shown below
~> TaskHandler[jobId: 7513954; id: 19; name: NFCORE_HIC:HIC:HICPRO:GET_VALID_INTERACTION (DTB-008-BL); status: RUNNING; exit: -; error: -; workDir: /scratch/g/vjin/Yu/hic_pipeline/work_batch_DTB-008-BL/db/db4377e27d2201255c24a6e39735de started: 1788374980017; exited: -; ]
Sep-02 19:12:15.753 [Task monitor] DEBUG n.processor.TaskPollingMonitor - !! executor slurm > tasks to be completed: 1 -- submitted tasks are shown below
~> TaskHandler[jobId: 7513954; id: 19; name: NFCORE_HIC:HIC:HICPRO:GET_VALID_INTERACTION (DTB-008-BL); status: RUNNING; exit: -; error: -; workDir: /scratch/g/vjin/Yu/hic_pipeline/work_batch_DTB-008-BL/db/db4377e27d2201255c24a6e39735de started: 1788374980017; exited: -; ]
Sep-02 19:17:15.759 [Task monitor] DEBUG n.processor.TaskPollingMonitor - !! executor slurm > tasks to be completed: 1 -- submitted tasks are shown below
~> TaskHandler[jobId: 7513954; id: 19; name: NFCORE_HIC:HIC:HICPRO:GET_VALID_INTERACTION (DTB-008-BL); status: RUNNING; exit: -; error: -; workDir: /scratch/g/vjin/Yu/hic_pipeline/work_batch_DTB-008-BL/db/db4377e27d2201255c24a6e39735de started: 1788374980017; exited: -; ]
Sep-02 19:22:15.768 [Task monitor] DEBUG n.processor.TaskPollingMonitor - !! executor slurm > tasks to be completed: 1 -- submitted tasks are shown below
~> TaskHandler[jobId: 7513954; id: 19; name: NFCORE_HIC:HIC:HICPRO:GET_VALID_INTERACTION (DTB-008-BL); status: RUNNING; exit: -; error: -; workDir: /scratch/g/vjin/Yu/hic_pipeline/work_batch_DTB-008-BL/db/db4377e27d2201255c24a6e39735de started: 1788374980017; exited: -; ]
Sep-02 19:25:45.938 [Task monitor] DEBUG n.processor.TaskPollingMonitor - Task completed > TaskHandler[jobId: 7513954; id: 19; name: NFCORE_HIC:HIC:HICPRO:GET_VALID_INTERACTION (DTB-008-BL); status: COMPLETED; exit: 0; error: -; workDir: /scratch/g/vjin/Yu/hic_pipeline/work_batch_DTB-008-BL/db/db4377e27d2201255c24a6e39735de started: 1788374980017; exited: 2026-09-03T00:25:33.532869146Z; ]
Sep-02 19:25:46.083 [Task submitter] DEBUG nextflow.executor.GridTaskHandler - [SLURM] submitted process NFCORE_HIC:HIC:HICPRO:MERGE_STATS (DTB-008-BL) > jobId: 7517938; workDir: /scratch/g/vjin/Yu/hic_pipeline/work_batch_DTB-008-BL/81/a49e28a72ce746e0ce4e0e4113dea8
Sep-02 19:25:46.083 [Task submitter] INFO  nextflow.Session - [81/a49e28] Submitted process > NFCORE_HIC:HIC:HICPRO:MERGE_STATS (DTB-008-BL)
Sep-02 19:25:46.138 [Task submitter] DEBUG nextflow.executor.GridTaskHandler - [SLURM] submitted process NFCORE_HIC:HIC:HICPRO:MERGE_VALID_INTERACTION (DTB-008-BL) > jobId: 7517939; workDir: /scratch/g/vjin/Yu/hic_pipeline/work_batch_DTB-008-BL/0b/d01d9eb5e8aaafbdccc47e1917212e
Sep-02 19:25:46.138 [Task submitter] INFO  nextflow.Session - [0b/d01d9e] Submitted process > NFCORE_HIC:HIC:HICPRO:MERGE_VALID_INTERACTION (DTB-008-BL)
Sep-02 19:26:00.779 [Task monitor] DEBUG n.processor.TaskPollingMonitor - Task completed > TaskHandler[jobId: 7517938; id: 22; name: NFCORE_HIC:HIC:HICPRO:MERGE_STATS (DTB-008-BL); status: COMPLETED; exit: 0; error: -; workDir: /scratch/g/vjin/Yu/hic_pipeline/work_batch_DTB-008-BL/81/a49e28a72ce746e0ce4e0e4113dea8 started: 1788395160777; exited: 2026-09-03T00:25:57.493826298Z; ]
Sep-02 19:27:15.779 [Task monitor] DEBUG n.processor.TaskPollingMonitor - !! executor slurm > tasks to be completed: 1 -- submitted tasks are shown below
~> TaskHandler[jobId: 7517939; id: 21; name: NFCORE_HIC:HIC:HICPRO:MERGE_VALID_INTERACTION (DTB-008-BL); status: RUNNING; exit: -; error: -; workDir: /scratch/g/vjin/Yu/hic_pipeline/work_batch_DTB-008-BL/0b/d01d9eb5e8aaafbdccc47e1917212e started: 1788395180778; exited: -; ]
Sep-02 19:32:17.997 [Task monitor] DEBUG n.processor.TaskPollingMonitor - !! executor slurm > tasks to be completed: 1 -- submitted tasks are shown below
~> TaskHandler[jobId: 7517939; id: 21; name: NFCORE_HIC:HIC:HICPRO:MERGE_VALID_INTERACTION (DTB-008-BL); status: RUNNING; exit: -; error: -; workDir: /scratch/g/vjin/Yu/hic_pipeline/work_batch_DTB-008-BL/0b/d01d9eb5e8aaafbdccc47e1917212e started: 1788395180778; exited: -; ]
Sep-02 19:37:18.009 [Task monitor] DEBUG n.processor.TaskPollingMonitor - !! executor slurm > tasks to be completed: 1 -- submitted tasks are shown below
~> TaskHandler[jobId: 7517939; id: 21; name: NFCORE_HIC:HIC:HICPRO:MERGE_VALID_INTERACTION (DTB-008-BL); status: RUNNING; exit: -; error: -; workDir: /scratch/g/vjin/Yu/hic_pipeline/work_batch_DTB-008-BL/0b/d01d9eb5e8aaafbdccc47e1917212e started: 1788395180778; exited: -; ]
Sep-02 19:42:18.020 [Task monitor] DEBUG n.processor.TaskPollingMonitor - !! executor slurm > tasks to be completed: 1 -- submitted tasks are shown below
~> TaskHandler[jobId: 7517939; id: 21; name: NFCORE_HIC:HIC:HICPRO:MERGE_VALID_INTERACTION (DTB-008-BL); status: RUNNING; exit: -; error: -; workDir: /scratch/g/vjin/Yu/hic_pipeline/work_batch_DTB-008-BL/0b/d01d9eb5e8aaafbdccc47e1917212e started: 1788395180778; exited: -; ]
Sep-02 19:47:18.031 [Task monitor] DEBUG n.processor.TaskPollingMonitor - !! executor slurm > tasks to be completed: 1 -- submitted tasks are shown below
~> TaskHandler[jobId: 7517939; id: 21; name: NFCORE_HIC:HIC:HICPRO:MERGE_VALID_INTERACTION (DTB-008-BL); status: RUNNING; exit: -; error: -; workDir: /scratch/g/vjin/Yu/hic_pipeline/work_batch_DTB-008-BL/0b/d01d9eb5e8aaafbdccc47e1917212e started: 1788395180778; exited: -; ]
Sep-02 19:52:18.045 [Task monitor] DEBUG n.processor.TaskPollingMonitor - !! executor slurm > tasks to be completed: 1 -- submitted tasks are shown below
~> TaskHandler[jobId: 7517939; id: 21; name: NFCORE_HIC:HIC:HICPRO:MERGE_VALID_INTERACTION (DTB-008-BL); status: RUNNING; exit: -; error: -; workDir: /scratch/g/vjin/Yu/hic_pipeline/work_batch_DTB-008-BL/0b/d01d9eb5e8aaafbdccc47e1917212e started: 1788395180778; exited: -; ]
Sep-02 19:57:18.060 [Task monitor] DEBUG n.processor.TaskPollingMonitor - !! executor slurm > tasks to be completed: 1 -- submitted tasks are shown below
~> TaskHandler[jobId: 7517939; id: 21; name: NFCORE_HIC:HIC:HICPRO:MERGE_VALID_INTERACTION (DTB-008-BL); status: RUNNING; exit: -; error: -; workDir: /scratch/g/vjin/Yu/hic_pipeline/work_batch_DTB-008-BL/0b/d01d9eb5e8aaafbdccc47e1917212e started: 1788395180778; exited: -; ]
Sep-02 20:02:18.070 [Task monitor] DEBUG n.processor.TaskPollingMonitor - !! executor slurm > tasks to be completed: 1 -- submitted tasks are shown below
~> TaskHandler[jobId: 7517939; id: 21; name: NFCORE_HIC:HIC:HICPRO:MERGE_VALID_INTERACTION (DTB-008-BL); status: RUNNING; exit: -; error: -; workDir: /scratch/g/vjin/Yu/hic_pipeline/work_batch_DTB-008-BL/0b/d01d9eb5e8aaafbdccc47e1917212e started: 1788395180778; exited: -; ]
Sep-02 20:07:18.078 [Task monitor] DEBUG n.processor.TaskPollingMonitor - !! executor slurm > tasks to be completed: 1 -- submitted tasks are shown below
~> TaskHandler[jobId: 7517939; id: 21; name: NFCORE_HIC:HIC:HICPRO:MERGE_VALID_INTERACTION (DTB-008-BL); status: RUNNING; exit: -; error: -; workDir: /scratch/g/vjin/Yu/hic_pipeline/work_batch_DTB-008-BL/0b/d01d9eb5e8aaafbdccc47e1917212e started: 1788395180778; exited: -; ]
Sep-02 20:12:18.097 [Task monitor] DEBUG n.processor.TaskPollingMonitor - !! executor slurm > tasks to be completed: 1 -- submitted tasks are shown below
~> TaskHandler[jobId: 7517939; id: 21; name: NFCORE_HIC:HIC:HICPRO:MERGE_VALID_INTERACTION (DTB-008-BL); status: RUNNING; exit: -; error: -; workDir: /scratch/g/vjin/Yu/hic_pipeline/work_batch_DTB-008-BL/0b/d01d9eb5e8aaafbdccc47e1917212e started: 1788395180778; exited: -; ]
Sep-02 20:17:18.112 [Task monitor] DEBUG n.processor.TaskPollingMonitor - !! executor slurm > tasks to be completed: 1 -- submitted tasks are shown below
~> TaskHandler[jobId: 7517939; id: 21; name: NFCORE_HIC:HIC:HICPRO:MERGE_VALID_INTERACTION (DTB-008-BL); status: RUNNING; exit: -; error: -; workDir: /scratch/g/vjin/Yu/hic_pipeline/work_batch_DTB-008-BL/0b/d01d9eb5e8aaafbdccc47e1917212e started: 1788395180778; exited: -; ]
Sep-02 20:22:18.121 [Task monitor] DEBUG n.processor.TaskPollingMonitor - !! executor slurm > tasks to be completed: 1 -- submitted tasks are shown below
~> TaskHandler[jobId: 7517939; id: 21; name: NFCORE_HIC:HIC:HICPRO:MERGE_VALID_INTERACTION (DTB-008-BL); status: RUNNING; exit: -; error: -; workDir: /scratch/g/vjin/Yu/hic_pipeline/work_batch_DTB-008-BL/0b/d01d9eb5e8aaafbdccc47e1917212e started: 1788395180778; exited: -; ]
Sep-02 20:27:18.128 [Task monitor] DEBUG n.processor.TaskPollingMonitor - !! executor slurm > tasks to be completed: 1 -- submitted tasks are shown below
~> TaskHandler[jobId: 7517939; id: 21; name: NFCORE_HIC:HIC:HICPRO:MERGE_VALID_INTERACTION (DTB-008-BL); status: RUNNING; exit: -; error: -; workDir: /scratch/g/vjin/Yu/hic_pipeline/work_batch_DTB-008-BL/0b/d01d9eb5e8aaafbdccc47e1917212e started: 1788395180778; exited: -; ]
Sep-02 20:32:18.139 [Task monitor] DEBUG n.processor.TaskPollingMonitor - !! executor slurm > tasks to be completed: 1 -- submitted tasks are shown below
~> TaskHandler[jobId: 7517939; id: 21; name: NFCORE_HIC:HIC:HICPRO:MERGE_VALID_INTERACTION (DTB-008-BL); status: RUNNING; exit: -; error: -; workDir: /scratch/g/vjin/Yu/hic_pipeline/work_batch_DTB-008-BL/0b/d01d9eb5e8aaafbdccc47e1917212e started: 1788395180778; exited: -; ]
Sep-02 20:37:18.147 [Task monitor] DEBUG n.processor.TaskPollingMonitor - !! executor slurm > tasks to be completed: 1 -- submitted tasks are shown below
~> TaskHandler[jobId: 7517939; id: 21; name: NFCORE_HIC:HIC:HICPRO:MERGE_VALID_INTERACTION (DTB-008-BL); status: RUNNING; exit: -; error: -; workDir: /scratch/g/vjin/Yu/hic_pipeline/work_batch_DTB-008-BL/0b/d01d9eb5e8aaafbdccc47e1917212e started: 1788395180778; exited: -; ]
Sep-02 20:40:33.158 [Task monitor] DEBUG n.processor.TaskPollingMonitor - Task completed > TaskHandler[jobId: 7517939; id: 21; name: NFCORE_HIC:HIC:HICPRO:MERGE_VALID_INTERACTION (DTB-008-BL); status: COMPLETED; exit: 0; error: -; workDir: /scratch/g/vjin/Yu/hic_pipeline/work_batch_DTB-008-BL/0b/d01d9eb5e8aaafbdccc47e1917212e started: 1788395180778; exited: 2026-09-03T01:40:26.06229124Z; ]
Sep-02 20:40:33.187 [Actor Thread 61] DEBUG nextflow.container.SingularityCache - Singularity found local store for image=https://depot.galaxyproject.org/singularity/pairix:0.3.7--py36h30a8e3e_3; path=/scratch/g/vjin/Yu/hic_pipeline/work/singularity/depot.galaxyproject.org-singularity-pairix-0.3.7--py36h30a8e3e_3.img
Sep-02 20:40:33.259 [Actor Thread 63] DEBUG nextflow.container.SingularityCache - Singularity found local store for image=https://depot.galaxyproject.org/singularity/multiqc:1.14--pyhdfd78af_0; path=/scratch/g/vjin/Yu/hic_pipeline/work/singularity/depot.galaxyproject.org-singularity-multiqc-1.14--pyhdfd78af_0.img
Sep-02 20:40:33.330 [Task submitter] DEBUG nextflow.executor.GridTaskHandler - [SLURM] submitted process NFCORE_HIC:HIC:HICPRO:HICPRO2PAIRS (DTB-008-BL) > jobId: 7518346; workDir: /scratch/g/vjin/Yu/hic_pipeline/work_batch_DTB-008-BL/07/9108929b451346d126b4fe7d3acc29
Sep-02 20:40:33.330 [Task submitter] INFO  nextflow.Session - [07/910892] Submitted process > NFCORE_HIC:HIC:HICPRO:HICPRO2PAIRS (DTB-008-BL)
Sep-02 20:40:33.456 [Task submitter] DEBUG nextflow.executor.GridTaskHandler - [SLURM] submitted process NFCORE_HIC:HIC:MULTIQC (1) > jobId: 7518347; workDir: /scratch/g/vjin/Yu/hic_pipeline/work_batch_DTB-008-BL/83/912172e7c7f3f2381ecdfa8a7a04f8
Sep-02 20:40:33.456 [Task submitter] INFO  nextflow.Session - [83/912172] Submitted process > NFCORE_HIC:HIC:MULTIQC (1)
Sep-02 20:41:43.164 [Task monitor] DEBUG n.processor.TaskPollingMonitor - Task completed > TaskHandler[jobId: 7518347; id: 24; name: NFCORE_HIC:HIC:MULTIQC (1); status: COMPLETED; exit: 0; error: -; workDir: /scratch/g/vjin/Yu/hic_pipeline/work_batch_DTB-008-BL/83/912172e7c7f3f2381ecdfa8a7a04f8 started: 1788399669729; exited: 2026-09-03T01:41:16.90181664Z; ]
Sep-02 20:42:18.162 [Task monitor] DEBUG n.processor.TaskPollingMonitor - !! executor slurm > tasks to be completed: 1 -- submitted tasks are shown below
~> TaskHandler[jobId: 7518346; id: 23; name: NFCORE_HIC:HIC:HICPRO:HICPRO2PAIRS (DTB-008-BL); status: RUNNING; exit: -; error: -; workDir: /scratch/g/vjin/Yu/hic_pipeline/work_batch_DTB-008-BL/07/9108929b451346d126b4fe7d3acc29 started: 1788399669724; exited: -; ]
Sep-02 20:45:43.172 [Task monitor] DEBUG n.processor.TaskPollingMonitor - Task completed > TaskHandler[jobId: 7518346; id: 23; name: NFCORE_HIC:HIC:HICPRO:HICPRO2PAIRS (DTB-008-BL); status: COMPLETED; exit: 0; error: -; workDir: /scratch/g/vjin/Yu/hic_pipeline/work_batch_DTB-008-BL/07/9108929b451346d126b4fe7d3acc29 started: 1788399669724; exited: 2026-09-03T01:45:28.521006527Z; ]
Sep-02 20:45:43.280 [Task submitter] DEBUG nextflow.executor.GridTaskHandler - [SLURM] submitted process NFCORE_HIC:HIC:COOLER:COOLER_CLOAD (DTB-008-BL) > jobId: 7518435; workDir: /scratch/g/vjin/Yu/hic_pipeline/work_batch_DTB-008-BL/07/694e64be7ed0eb909fd4e9a580df1a
Sep-02 20:45:43.280 [Task submitter] INFO  nextflow.Session - [07/694e64] Submitted process > NFCORE_HIC:HIC:COOLER:COOLER_CLOAD (DTB-008-BL)
Sep-02 20:45:43.598 [Task submitter] DEBUG nextflow.executor.GridTaskHandler - [SLURM] submitted process NFCORE_HIC:HIC:COOLER:COOLER_CLOAD (DTB-008-BL) > jobId: 7518436; workDir: /scratch/g/vjin/Yu/hic_pipeline/work_batch_DTB-008-BL/14/0159bb1b3f33b0d86f99e1532422d6
Sep-02 20:45:43.598 [Task submitter] INFO  nextflow.Session - [14/0159bb] Submitted process > NFCORE_HIC:HIC:COOLER:COOLER_CLOAD (DTB-008-BL)
Sep-02 20:45:43.711 [Task submitter] DEBUG nextflow.executor.GridTaskHandler - [SLURM] submitted process NFCORE_HIC:HIC:COOLER:COOLER_CLOAD (DTB-008-BL) > jobId: 7518437; workDir: /scratch/g/vjin/Yu/hic_pipeline/work_batch_DTB-008-BL/2e/a575220b9cc16830edd9d462c46eb7
Sep-02 20:45:43.711 [Task submitter] INFO  nextflow.Session - [2e/a57522] Submitted process > NFCORE_HIC:HIC:COOLER:COOLER_CLOAD (DTB-008-BL)
Sep-02 20:47:18.168 [Task monitor] DEBUG n.processor.TaskPollingMonitor - !! executor slurm > tasks to be completed: 3 -- submitted tasks are shown below
~> TaskHandler[jobId: 7518435; id: 27; name: NFCORE_HIC:HIC:COOLER:COOLER_CLOAD (DTB-008-BL); status: RUNNING; exit: -; error: -; workDir: /scratch/g/vjin/Yu/hic_pipeline/work_batch_DTB-008-BL/07/694e64be7ed0eb909fd4e9a580df1a started: 1788399978169; exited: -; ]
~> TaskHandler[jobId: 7518436; id: 26; name: NFCORE_HIC:HIC:COOLER:COOLER_CLOAD (DTB-008-BL); status: RUNNING; exit: -; error: -; workDir: /scratch/g/vjin/Yu/hic_pipeline/work_batch_DTB-008-BL/14/0159bb1b3f33b0d86f99e1532422d6 started: 1788399978172; exited: -; ]
~> TaskHandler[jobId: 7518437; id: 25; name: NFCORE_HIC:HIC:COOLER:COOLER_CLOAD (DTB-008-BL); status: RUNNING; exit: -; error: -; workDir: /scratch/g/vjin/Yu/hic_pipeline/work_batch_DTB-008-BL/2e/a575220b9cc16830edd9d462c46eb7 started: 1788399978178; exited: -; ]
Sep-02 20:48:48.713 [Task monitor] DEBUG n.processor.TaskPollingMonitor - Task completed > TaskHandler[jobId: 7518435; id: 27; name: NFCORE_HIC:HIC:COOLER:COOLER_CLOAD (DTB-008-BL); status: COMPLETED; exit: 0; error: -; workDir: /scratch/g/vjin/Yu/hic_pipeline/work_batch_DTB-008-BL/07/694e64be7ed0eb909fd4e9a580df1a started: 1788399978169; exited: 2026-09-03T01:48:42.404785742Z; ]
Sep-02 20:48:49.580 [Task submitter] DEBUG nextflow.executor.GridTaskHandler - [SLURM] submitted process NFCORE_HIC:HIC:COOLER:COOLER_BALANCE (DTB-008-BL) > jobId: 7518537; workDir: /scratch/g/vjin/Yu/hic_pipeline/work_batch_DTB-008-BL/b3/730a3b9dc93cf3686575a041b24d32
Sep-02 20:48:49.580 [Task submitter] INFO  nextflow.Session - [b3/730a3b] Submitted process > NFCORE_HIC:HIC:COOLER:COOLER_BALANCE (DTB-008-BL)
Sep-02 20:48:53.214 [Task monitor] DEBUG n.processor.TaskPollingMonitor - Task completed > TaskHandler[jobId: 7518437; id: 25; name: NFCORE_HIC:HIC:COOLER:COOLER_CLOAD (DTB-008-BL); status: COMPLETED; exit: 0; error: -; workDir: /scratch/g/vjin/Yu/hic_pipeline/work_batch_DTB-008-BL/2e/a575220b9cc16830edd9d462c46eb7 started: 1788399978178; exited: 2026-09-03T01:47:57.181901693Z; ]
Sep-02 20:48:53.309 [Task submitter] DEBUG nextflow.executor.GridTaskHandler - [SLURM] submitted process NFCORE_HIC:HIC:COOLER:COOLER_BALANCE (DTB-008-BL) > jobId: 7518538; workDir: /scratch/g/vjin/Yu/hic_pipeline/work_batch_DTB-008-BL/42/e0a77a5a1e2d5d242332f66913c3c7
Sep-02 20:48:53.309 [Task submitter] INFO  nextflow.Session - [42/e0a77a] Submitted process > NFCORE_HIC:HIC:COOLER:COOLER_BALANCE (DTB-008-BL)
Sep-02 20:50:03.181 [Task monitor] DEBUG n.processor.TaskPollingMonitor - Task completed > TaskHandler[jobId: 7518538; id: 29; name: NFCORE_HIC:HIC:COOLER:COOLER_BALANCE (DTB-008-BL); status: COMPLETED; exit: 0; error: -; workDir: /scratch/g/vjin/Yu/hic_pipeline/work_batch_DTB-008-BL/42/e0a77a5a1e2d5d242332f66913c3c7 started: 1788400168198; exited: 2026-09-03T01:50:00.908162971Z; ]
Sep-02 20:50:03.261 [Task submitter] DEBUG nextflow.executor.GridTaskHandler - [SLURM] submitted process NFCORE_HIC:HIC:COOLER:COOLER_DUMP (DTB-008-BL) > jobId: 7518596; workDir: /scratch/g/vjin/Yu/hic_pipeline/work_batch_DTB-008-BL/88/2602897bdd6b795d5c2ade542352f9
Sep-02 20:50:03.261 [Task submitter] INFO  nextflow.Session - [88/260289] Submitted process > NFCORE_HIC:HIC:COOLER:COOLER_DUMP (DTB-008-BL)
Sep-02 20:50:23.178 [Task monitor] DEBUG n.processor.TaskPollingMonitor - Task completed > TaskHandler[jobId: 7518436; id: 26; name: NFCORE_HIC:HIC:COOLER:COOLER_CLOAD (DTB-008-BL); status: COMPLETED; exit: 0; error: -; workDir: /scratch/g/vjin/Yu/hic_pipeline/work_batch_DTB-008-BL/14/0159bb1b3f33b0d86f99e1532422d6 started: 1788399978172; exited: 2026-09-03T01:49:34.086163745Z; ]
Sep-02 20:50:23.265 [Task submitter] DEBUG nextflow.executor.GridTaskHandler - [SLURM] submitted process NFCORE_HIC:HIC:COOLER:COOLER_BALANCE (DTB-008-BL) > jobId: 7518597; workDir: /scratch/g/vjin/Yu/hic_pipeline/work_batch_DTB-008-BL/b2/1c7ca0277bad35212d36ff857f2a96
Sep-02 20:50:23.265 [Task submitter] INFO  nextflow.Session - [b2/1c7ca0] Submitted process > NFCORE_HIC:HIC:COOLER:COOLER_BALANCE (DTB-008-BL)
Sep-02 20:50:23.317 [Task submitter] DEBUG nextflow.executor.GridTaskHandler - [SLURM] submitted process NFCORE_HIC:HIC:COOLER:COOLER_ZOOMIFY (DTB-008-BL) > jobId: 7518598; workDir: /scratch/g/vjin/Yu/hic_pipeline/work_batch_DTB-008-BL/9c/a3feb2d51f9903da87a94d662e3654
Sep-02 20:50:23.317 [Task submitter] INFO  nextflow.Session - [9c/a3feb2] Submitted process > NFCORE_HIC:HIC:COOLER:COOLER_ZOOMIFY (DTB-008-BL)
Sep-02 20:50:38.178 [Task monitor] DEBUG n.processor.TaskPollingMonitor - Task completed > TaskHandler[jobId: 7518596; id: 30; name: NFCORE_HIC:HIC:COOLER:COOLER_DUMP (DTB-008-BL); status: COMPLETED; exit: 0; error: -; workDir: /scratch/g/vjin/Yu/hic_pipeline/work_batch_DTB-008-BL/88/2602897bdd6b795d5c2ade542352f9 started: 1788400228199; exited: 2026-09-03T01:50:36.102950199Z; ]
Sep-02 20:50:38.249 [Task submitter] DEBUG nextflow.executor.GridTaskHandler - [SLURM] submitted process NFCORE_HIC:HIC:COOLER:SPLIT_COOLER_DUMP (DTB-008-BL) > jobId: 7518601; workDir: /scratch/g/vjin/Yu/hic_pipeline/work_batch_DTB-008-BL/39/383f7dd1a37e40ccb32f346c0e846a
Sep-02 20:50:38.249 [Task submitter] INFO  nextflow.Session - [39/383f7d] Submitted process > NFCORE_HIC:HIC:COOLER:SPLIT_COOLER_DUMP (DTB-008-BL)
Sep-02 20:50:58.180 [Task monitor] DEBUG n.processor.TaskPollingMonitor - Task completed > TaskHandler[jobId: 7518537; id: 28; name: NFCORE_HIC:HIC:COOLER:COOLER_BALANCE (DTB-008-BL); status: COMPLETED; exit: 0; error: -; workDir: /scratch/g/vjin/Yu/hic_pipeline/work_batch_DTB-008-BL/b3/730a3b9dc93cf3686575a041b24d32 started: 1788400163176; exited: 2026-09-03T01:50:05.655788628Z; ]
Sep-02 20:50:58.183 [Task monitor] DEBUG n.processor.TaskPollingMonitor - Task completed > TaskHandler[jobId: 7518597; id: 31; name: NFCORE_HIC:HIC:COOLER:COOLER_BALANCE (DTB-008-BL); status: COMPLETED; exit: 0; error: -; workDir: /scratch/g/vjin/Yu/hic_pipeline/work_batch_DTB-008-BL/b2/1c7ca0277bad35212d36ff857f2a96 started: 1788400228202; exited: 2026-09-03T01:50:56.024017988Z; ]
Sep-02 20:50:58.194 [Task monitor] DEBUG n.processor.TaskPollingMonitor - Task completed > TaskHandler[jobId: 7518601; id: 33; name: NFCORE_HIC:HIC:COOLER:SPLIT_COOLER_DUMP (DTB-008-BL); status: COMPLETED; exit: 0; error: -; workDir: /scratch/g/vjin/Yu/hic_pipeline/work_batch_DTB-008-BL/39/383f7dd1a37e40ccb32f346c0e846a started: 1788400258193; exited: 2026-09-03T01:50:57.156274388Z; ]
Sep-02 20:50:58.210 [Actor Thread 66] DEBUG nextflow.container.SingularityCache - Singularity found local store for image=https://depot.galaxyproject.org/singularity/hicexplorer:3.7.2--pyhdfd78af_1; path=/scratch/g/vjin/Yu/hic_pipeline/work/singularity/depot.galaxyproject.org-singularity-hicexplorer-3.7.2--pyhdfd78af_1.img
Sep-02 20:50:58.213 [Actor Thread 81] DEBUG nextflow.container.SingularityCache - Singularity found local store for image=https://depot.galaxyproject.org/singularity/cooltools:0.5.1--py37h37892f8_0; path=/scratch/g/vjin/Yu/hic_pipeline/work/singularity/depot.galaxyproject.org-singularity-cooltools-0.5.1--py37h37892f8_0.img
Sep-02 20:50:58.226 [Actor Thread 75] DEBUG nextflow.container.SingularityCache - Singularity found local store for image=https://depot.galaxyproject.org/singularity/mulled-v2-c81d8d6b6acf4714ffaae1a274527a41958443f6:cc7ea58b8cefc76bed985dcfe261cb276ed9e0cf-0; path=/scratch/g/vjin/Yu/hic_pipeline/work/singularity/depot.galaxyproject.org-singularity-mulled-v2-c81d8d6b6acf4714ffaae1a274527a41958443f6-cc7ea58b8cefc76bed985dcfe261cb276ed9e0cf-0.img
Sep-02 20:50:58.910 [Task submitter] DEBUG nextflow.executor.GridTaskHandler - [SLURM] submitted process NFCORE_HIC:HIC:COOLER:COOLER_DUMP (DTB-008-BL) > jobId: 7518603; workDir: /scratch/g/vjin/Yu/hic_pipeline/work_batch_DTB-008-BL/30/612772ff5006d052d1ad82f9be98b6
Sep-02 20:50:58.910 [Task submitter] INFO  nextflow.Session - [30/612772] Submitted process > NFCORE_HIC:HIC:COOLER:COOLER_DUMP (DTB-008-BL)
Sep-02 20:50:58.994 [Task submitter] DEBUG nextflow.executor.GridTaskHandler - [SLURM] submitted process NFCORE_HIC:HIC:COOLER:COOLER_DUMP (DTB-008-BL) > jobId: 7518604; workDir: /scratch/g/vjin/Yu/hic_pipeline/work_batch_DTB-008-BL/e6/b0eeef06ddb2018cfe7b1c3ecaedbe
Sep-02 20:50:58.994 [Task submitter] INFO  nextflow.Session - [e6/b0eeef] Submitted process > NFCORE_HIC:HIC:COOLER:COOLER_DUMP (DTB-008-BL)
Sep-02 20:50:59.053 [Task submitter] DEBUG nextflow.executor.GridTaskHandler - [SLURM] submitted process NFCORE_HIC:HIC:HIC_PLOT_DIST_VS_COUNTS (DTB-008-BL) > jobId: 7518605; workDir: /scratch/g/vjin/Yu/hic_pipeline/work_batch_DTB-008-BL/4f/b16475940a28201ef4ce5272ba717c
Sep-02 20:50:59.053 [Task submitter] INFO  nextflow.Session - [4f/b16475] Submitted process > NFCORE_HIC:HIC:HIC_PLOT_DIST_VS_COUNTS (DTB-008-BL)
Sep-02 20:50:59.112 [Task submitter] DEBUG nextflow.executor.GridTaskHandler - [SLURM] submitted process NFCORE_HIC:HIC:TADS:COOLTOOLS_INSULATION (DTB-008-BL) > jobId: 7518606; workDir: /scratch/g/vjin/Yu/hic_pipeline/work_batch_DTB-008-BL/a7/1e44ca410ef040ed3343b0995d8ecc
Sep-02 20:50:59.112 [Task submitter] INFO  nextflow.Session - [a7/1e44ca] Submitted process > NFCORE_HIC:HIC:TADS:COOLTOOLS_INSULATION (DTB-008-BL)
Sep-02 20:50:59.175 [Task submitter] DEBUG nextflow.executor.GridTaskHandler - [SLURM] submitted process NFCORE_HIC:HIC:COMPARTMENTS:COOLTOOLS_EIGSCIS (DTB-008-BL) > jobId: 7518607; workDir: /scratch/g/vjin/Yu/hic_pipeline/work_batch_DTB-008-BL/cb/0348a3ae1652121cf809757be8edbb
Sep-02 20:50:59.175 [Task submitter] INFO  nextflow.Session - [cb/0348a3] Submitted process > NFCORE_HIC:HIC:COMPARTMENTS:COOLTOOLS_EIGSCIS (DTB-008-BL)
Sep-02 20:52:08.188 [Task monitor] DEBUG n.processor.TaskPollingMonitor - Task completed > TaskHandler[jobId: 7518605; id: 36; name: NFCORE_HIC:HIC:HIC_PLOT_DIST_VS_COUNTS (DTB-008-BL); status: COMPLETED; exit: 0; error: -; workDir: /scratch/g/vjin/Yu/hic_pipeline/work_batch_DTB-008-BL/4f/b16475940a28201ef4ce5272ba717c started: 1788400288199; exited: 2026-09-03T01:51:43.632467135Z; ]
Sep-02 20:52:18.179 [Task monitor] DEBUG n.processor.TaskPollingMonitor - !! executor slurm > tasks to be completed: 5 -- submitted tasks are shown below
~> TaskHandler[jobId: 7518598; id: 32; name: NFCORE_HIC:HIC:COOLER:COOLER_ZOOMIFY (DTB-008-BL); status: RUNNING; exit: -; error: -; workDir: /scratch/g/vjin/Yu/hic_pipeline/work_batch_DTB-008-BL/9c/a3feb2d51f9903da87a94d662e3654 started: 1788400228204; exited: -; ]
~> TaskHandler[jobId: 7518603; id: 34; name: NFCORE_HIC:HIC:COOLER:COOLER_DUMP (DTB-008-BL); status: RUNNING; exit: -; error: -; workDir: /scratch/g/vjin/Yu/hic_pipeline/work_batch_DTB-008-BL/30/612772ff5006d052d1ad82f9be98b6 started: 1788400288196; exited: -; ]
~> TaskHandler[jobId: 7518604; id: 38; name: NFCORE_HIC:HIC:COOLER:COOLER_DUMP (DTB-008-BL); status: RUNNING; exit: -; error: -; workDir: /scratch/g/vjin/Yu/hic_pipeline/work_batch_DTB-008-BL/e6/b0eeef06ddb2018cfe7b1c3ecaedbe started: 1788400288198; exited: -; ]
~> TaskHandler[jobId: 7518606; id: 37; name: NFCORE_HIC:HIC:TADS:COOLTOOLS_INSULATION (DTB-008-BL); status: RUNNING; exit: -; error: -; workDir: /scratch/g/vjin/Yu/hic_pipeline/work_batch_DTB-008-BL/a7/1e44ca410ef040ed3343b0995d8ecc started: 1788400288202; exited: -; ]
~> TaskHandler[jobId: 7518607; id: 35; name: NFCORE_HIC:HIC:COMPARTMENTS:COOLTOOLS_EIGSCIS (DTB-008-BL); status: RUNNING; exit: -; error: -; workDir: /scratch/g/vjin/Yu/hic_pipeline/work_batch_DTB-008-BL/cb/0348a3ae1652121cf809757be8edbb started: 1788400288205; exited: -; ]
Sep-02 20:52:43.188 [Task monitor] DEBUG n.processor.TaskPollingMonitor - Task completed > TaskHandler[jobId: 7518607; id: 35; name: NFCORE_HIC:HIC:COMPARTMENTS:COOLTOOLS_EIGSCIS (DTB-008-BL); status: COMPLETED; exit: 0; error: -; workDir: /scratch/g/vjin/Yu/hic_pipeline/work_batch_DTB-008-BL/cb/0348a3ae1652121cf809757be8edbb started: 1788400288205; exited: 2026-09-03T01:52:26.190857887Z; ]
Sep-02 20:54:08.236 [Task monitor] DEBUG n.processor.TaskPollingMonitor - Task completed > TaskHandler[jobId: 7518603; id: 34; name: NFCORE_HIC:HIC:COOLER:COOLER_DUMP (DTB-008-BL); status: COMPLETED; exit: 0; error: -; workDir: /scratch/g/vjin/Yu/hic_pipeline/work_batch_DTB-008-BL/30/612772ff5006d052d1ad82f9be98b6 started: 1788400288196; exited: 2026-09-03T01:53:27.697797816Z; ]
Sep-02 20:54:08.314 [Task submitter] DEBUG nextflow.executor.GridTaskHandler - [SLURM] submitted process NFCORE_HIC:HIC:COOLER:SPLIT_COOLER_DUMP (DTB-008-BL) > jobId: 7518633; workDir: /scratch/g/vjin/Yu/hic_pipeline/work_batch_DTB-008-BL/fa/a54bc7e2f99eea80b5027b479168d7
Sep-02 20:54:08.314 [Task submitter] INFO  nextflow.Session - [fa/a54bc7] Submitted process > NFCORE_HIC:HIC:COOLER:SPLIT_COOLER_DUMP (DTB-008-BL)
Sep-02 20:54:13.244 [Task monitor] DEBUG n.processor.TaskPollingMonitor - Task completed > TaskHandler[jobId: 7518606; id: 37; name: NFCORE_HIC:HIC:TADS:COOLTOOLS_INSULATION (DTB-008-BL); status: COMPLETED; exit: 0; error: -; workDir: /scratch/g/vjin/Yu/hic_pipeline/work_batch_DTB-008-BL/a7/1e44ca410ef040ed3343b0995d8ecc started: 1788400288202; exited: 2026-09-03T01:53:35.356034152Z; ]
Sep-02 20:55:13.195 [Task monitor] DEBUG n.processor.TaskPollingMonitor - Task completed > TaskHandler[jobId: 7518633; id: 39; name: NFCORE_HIC:HIC:COOLER:SPLIT_COOLER_DUMP (DTB-008-BL); status: COMPLETED; exit: 0; error: -; workDir: /scratch/g/vjin/Yu/hic_pipeline/work_batch_DTB-008-BL/fa/a54bc7e2f99eea80b5027b479168d7 started: 1788400473207; exited: 2026-09-03T01:55:01.525504846Z; ]
Sep-02 20:55:43.205 [Task monitor] DEBUG n.processor.TaskPollingMonitor - Task completed > TaskHandler[jobId: 7518604; id: 38; name: NFCORE_HIC:HIC:COOLER:COOLER_DUMP (DTB-008-BL); status: COMPLETED; exit: 0; error: -; workDir: /scratch/g/vjin/Yu/hic_pipeline/work_batch_DTB-008-BL/e6/b0eeef06ddb2018cfe7b1c3ecaedbe started: 1788400288198; exited: 2026-09-03T01:55:23.427992794Z; ]
Sep-02 20:55:43.294 [Task submitter] DEBUG nextflow.executor.GridTaskHandler - [SLURM] submitted process NFCORE_HIC:HIC:COOLER:SPLIT_COOLER_DUMP (DTB-008-BL) > jobId: 7518644; workDir: /scratch/g/vjin/Yu/hic_pipeline/work_batch_DTB-008-BL/fd/88c117c1145d2600f8cd729fa082d8
Sep-02 20:55:43.295 [Task submitter] INFO  nextflow.Session - [fd/88c117] Submitted process > NFCORE_HIC:HIC:COOLER:SPLIT_COOLER_DUMP (DTB-008-BL)
Sep-02 20:56:48.473 [Task monitor] DEBUG n.processor.TaskPollingMonitor - Task completed > TaskHandler[jobId: 7518644; id: 40; name: NFCORE_HIC:HIC:COOLER:SPLIT_COOLER_DUMP (DTB-008-BL); status: COMPLETED; exit: 0; error: -; workDir: /scratch/g/vjin/Yu/hic_pipeline/work_batch_DTB-008-BL/fd/88c117c1145d2600f8cd729fa082d8 started: 1788400578186; exited: 2026-09-03T01:56:38.400898524Z; ]
Sep-02 20:57:18.186 [Task monitor] DEBUG n.processor.TaskPollingMonitor - !! executor slurm > tasks to be completed: 1 -- submitted tasks are shown below
~> TaskHandler[jobId: 7518598; id: 32; name: NFCORE_HIC:HIC:COOLER:COOLER_ZOOMIFY (DTB-008-BL); status: RUNNING; exit: -; error: -; workDir: /scratch/g/vjin/Yu/hic_pipeline/work_batch_DTB-008-BL/9c/a3feb2d51f9903da87a94d662e3654 started: 1788400228204; exited: -; ]
Sep-02 20:57:33.195 [Task monitor] DEBUG n.processor.TaskPollingMonitor - Task completed > TaskHandler[jobId: 7518598; id: 32; name: NFCORE_HIC:HIC:COOLER:COOLER_ZOOMIFY (DTB-008-BL); status: COMPLETED; exit: 0; error: -; workDir: /scratch/g/vjin/Yu/hic_pipeline/work_batch_DTB-008-BL/9c/a3feb2d51f9903da87a94d662e3654 started: 1788400228204; exited: 2026-09-03T01:56:43.672452291Z; ]
Sep-02 20:57:33.427 [Actor Thread 70] DEBUG nextflow.sort.BigSort - Sort completed -- entries: 37; slices: 1; internal sort time: 0.211 s; external sort time: 0.002 s; total time: 0.213 s
Sep-02 20:57:33.599 [Actor Thread 70] DEBUG nextflow.file.FileCollector - Saved collect-files list to: /scratch/g/vjin/Yu/hic_pipeline/work_batch_DTB-008-BL/collect-file/f605a029cf823d91c3aca063d1ed633c
Sep-02 20:57:33.616 [Actor Thread 70] DEBUG nextflow.file.FileCollector - Deleting file collector temp dir: /tmp/nxf-9936925547595045421
Sep-02 20:57:34.824 [Task submitter] DEBUG nextflow.executor.GridTaskHandler - [SLURM] submitted process NFCORE_HIC:HIC:CUSTOM_DUMPSOFTWAREVERSIONS (1) > jobId: 7518656; workDir: /scratch/g/vjin/Yu/hic_pipeline/work_batch_DTB-008-BL/b5/4002708855af71580322a78202ce49
Sep-02 20:57:34.824 [Task submitter] INFO  nextflow.Session - [b5/400270] Submitted process > NFCORE_HIC:HIC:CUSTOM_DUMPSOFTWAREVERSIONS (1)
Sep-02 20:58:08.199 [Task monitor] DEBUG n.processor.TaskPollingMonitor - Task completed > TaskHandler[jobId: 7518656; id: 41; name: NFCORE_HIC:HIC:CUSTOM_DUMPSOFTWAREVERSIONS (1); status: COMPLETED; exit: 0; error: -; workDir: /scratch/g/vjin/Yu/hic_pipeline/work_batch_DTB-008-BL/b5/4002708855af71580322a78202ce49 started: 1788400688193; exited: 2026-09-03T01:57:55.011287433Z; ]
Sep-02 20:58:08.210 [main] DEBUG nextflow.Session - Session await > all processes finished
Sep-02 20:58:13.188 [Task monitor] DEBUG n.processor.TaskPollingMonitor - <<< barrier arrives (monitor: slurm) - terminating tasks monitor poll loop
Sep-02 20:58:13.189 [main] DEBUG nextflow.Session - Session await > all barriers passed
Sep-02 20:58:13.197 [main] DEBUG nextflow.util.ThreadPoolManager - Thread pool 'TaskFinalizer' shutdown completed (hard=false)
Sep-02 20:58:13.197 [main] DEBUG nextflow.util.ThreadPoolManager - Thread pool 'PublishDir' shutdown completed (hard=false)
Sep-02 20:58:13.201 [main] INFO  nextflow.Nextflow - -[0;35m[nf-core/hic][0;32m Pipeline completed successfully[0m-
Sep-02 20:58:13.217 [main] DEBUG n.trace.WorkflowStatsObserver - Workflow completed > WorkflowStats[succeededCount=40; failedCount=1; ignoredCount=0; cachedCount=0; pendingCount=0; submittedCount=0; runningCount=0; retriesCount=1; abortedCount=0; succeedDuration=47d 15h 58m 28s; failedDuration=7h 57m 53s; cachedDuration=0ms;loadCpus=0; loadMemory=0; peakRunning=6; peakCpus=54; peakMemory=256 GB; ]
Sep-02 20:58:13.406 [main] DEBUG nextflow.trace.ReportObserver - Workflow completed -- rendering execution report
Sep-02 20:58:14.137 [main] DEBUG nextflow.trace.TimelineObserver - Workflow completed -- rendering execution timeline
Sep-02 20:58:14.215 [main] DEBUG nextflow.trace.TraceFileObserver - Workflow completed -- saving trace file
Sep-02 20:58:14.232 [main] DEBUG nextflow.cache.CacheDB - Closing CacheDB done
Sep-02 20:58:14.264 [main] DEBUG nextflow.util.ThreadPoolManager - Thread pool 'FileTransfer' shutdown completed (hard=false)
Sep-02 20:58:14.265 [main] DEBUG nextflow.script.ScriptRunner - > Execution complete -- Goodbye
